customerID,gender,SeniorCitizen,Partner,Dependents,tenure,PhoneService,MultipleLines,InternetService,OnlineSecurity,OnlineBackup,DeviceProtection,TechSupport,StreamingTV,StreamingMovies,Contract,PaperlessBilling,PaymentMethod,MonthlyCharges,TotalCharges,Churn
C00000,Male,0,No,No,4,Yes,No,DSL,No,No,No,Yes,No,No,Month-to-month,Yes,Mailed check,18.87,98.75,No
C00001,Female,1,No,No,11,Yes,Yes,Fiber optic,No,No,Yes,Yes,Yes,Yes,Two year,No,Credit card (automatic),74.41,607.89,Yes
C00002,Male,0,No,No,31,Yes,Yes,No,No internet service,No internet service,No internet service,No internet service,No internet service,No internet service,Two year,Yes,Credit card (automatic),18.0,461.95,No
C00003,Male,0,Yes,No,69,Yes,No,Fiber optic,No,Yes,No,Yes,No,Yes,One year,Yes,Electronic check,88.46,6216.07,No
C00004,Male,0,Yes,No,6,Yes,Yes,Fiber optic,No,No,Yes,Yes,No,No,Two year,Yes,Electronic check,66.81,306.84,Yes
C00005,Female,1,Yes,No,42,Yes,Yes,Fiber optic,Yes,No,Yes,Yes,No,Yes,Month-to-month,No,Electronic check,109.14,4057.85,Yes
C00006,Male,0,Yes,Yes,10,Yes,Yes,DSL,Yes,Yes,No,No,Yes,No,Month-to-month,Yes,Bank transfer (automatic),60.22,585.88,No
C00007,Male,0,Yes,No,52,Yes,Yes,Fiber optic,No,No,No,No,No,Yes,Month-to-month,Yes,Bank transfer (automatic),75.45,3846.62,No
C00008,Male,0,Yes,No,36,Yes,No,DSL,No,No,Yes,Yes,Yes,No,Month-to-month,No,Bank transfer (automatic),55.04,2358.79,No
C00009,Female,0,Yes,Yes,23,Yes,No,Fiber optic,Yes,No,No,Yes,No,Yes,Two year,No,Electronic check,66.49,1696.56,No
C00010,Male,0,Yes,Yes,33,Yes,No,Fiber optic,Yes,Yes,Yes,Yes,No,No,One year,Yes,Mailed check,65.4,2103.65,No
C00011,Male,0,Yes,No,66,Yes,No,Fiber optic,Yes,No,No,No,No,No,Month-to-month,Yes,Mailed check,62.47,4178.25,No
C00012,Male,0,No,No,15,Yes,Yes,No,No internet service,No internet service,No internet service,No internet service,No internet service,No internet service,Two year,No,Credit card (automatic),18.0,266.66,No
C00013,Male,0,No,Yes,46,Yes,Yes,DSL,No,No,No,No,No,No,Month-to-month,Yes,Electronic check,41.07,2164.33,Yes
C00014,Female,0,Yes,No,5,Yes,No,DSL,No,No,Yes,No,Yes,No,One year,No,Mailed check,57.44,85.6,Yes
C00015,Male,0,Yes,No,38,Yes,No,Fiber optic,No,Yes,No,No,No,Yes,One year,Yes,Bank transfer (automatic),63.59,2782.96,No
C00016,Female,0,Yes,Yes,44,Yes,No,No,No internet service,No internet service,No internet service,No internet service,No internet service,No internet service,Month-to-month,Yes,Electronic check,18.0,770.46,No
C00017,Female,0,No,Yes,18,Yes,Yes,Fiber optic,No,Yes,No,No,No,Yes,Two year,No,Electronic check,74.8,1489.53,No
C00018,Female,1,Yes,No,50,Yes,Yes,No,No internet service,No internet service,No internet service,No internet service,No internet service,No internet service,Month-to-month,Yes,Mailed check,51.26,2506.58,No
C00019,Male,0,No,No,26,Yes,No,Fiber optic,No,Yes,No,Yes,No,No,Two year,Yes,Mailed check,73.71,1823.2,No
C00020,Female,1,Yes,No,72,No,No phone service,No,No internet service,No internet service,No internet service,No internet service,No internet service,No internet service,One year,No,Bank transfer (automatic),28.76,1829.31,No
C00021,Male,0,Yes,No,3,Yes,No,No,No internet service,No internet service,No internet service,No internet service,No internet service,No internet service,Month-to-month,Yes,Bank transfer (automatic),18.29,121.36,No
C00022,Female,0,Yes,Yes,4,Yes,Yes,Fiber optic,No,Yes,No,No,No,Yes,Month-to-month,Yes,Credit card (automatic),37.34,134.94,Yes
C00023,Female,1,Yes,No,59,Yes,No,Fiber optic,Yes,Yes,Yes,No,No,Yes,Month-to-month,Yes,Electronic check,93.99,5865.15,Yes
C00024,Female,0,No,No,59,Yes,No,Fiber optic,No,Yes,Yes,Yes,Yes,Yes,Month-to-month,No,Mailed check,87.04,5524.69,No
C00025,Female,0,No,No,20,Yes,No,No,No internet service,No internet service,No internet service,No internet service,No internet service,No internet service,One year,No,Credit card (automatic),26.62,485.82,No
C00026,Female,0,No,No,72,Yes,No,DSL,No,No,Yes,No,No,No,Month-to-month,Yes,Mailed check,49.54,3298.97,No
C00027,Female,0,No,Yes,36,Yes,No,No,No internet service,No internet service,No internet service,No internet service,No internet service,No internet service,Month-to-month,Yes,Electronic check,18.0,627.32,No
C00028,Female,0,No,No,72,No,No phone service,Fiber optic,Yes,No,No,Yes,No,Yes,Month-to-month,No,Mailed check,85.89,6161.3,No
C00029,Female,0,No,Yes,24,Yes,No,Fiber optic,Yes,No,No,Yes,No,No,Month-to-month,No,Bank transfer (automatic),48.49,1405.81,No
C00030,Male,0,Yes,Yes,7,Yes,Yes,DSL,No,Yes,No,Yes,Yes,No,One year,Yes,Mailed check,52.85,321.04,No
C00031,Male,0,Yes,No,18,Yes,Yes,Fiber optic,Yes,No,Yes,Yes,Yes,Yes,Two year,No,Electronic check,74.25,1257.75,No
C00032,Female,0,Yes,Yes,72,Yes,No,DSL,Yes,No,No,No,No,No,Month-to-month,No,Credit card (automatic),53.57,3336.36,No
C00033,Female,0,No,No,14,Yes,No,No,No internet service,No internet service,No internet service,No internet service,No internet service,No internet service,Month-to-month,Yes,Electronic check,22.47,300.13,Yes
C00034,Female,0,Yes,Yes,72,No,No phone service,DSL,No,No,No,Yes,No,No,One year,Yes,Mailed check,58.78,4124.04,No
C00035,Male,0,No,Yes,51,Yes,No,Fiber optic,No,No,No,No,No,Yes,Month-to-month,Yes,Mailed check,80.02,4237.63,No
C00036,Female,1,Yes,No,18,Yes,No,Fiber optic,Yes,No,No,No,Yes,No,Month-to-month,No,Mailed check,77.44,1015.2,No
C00037,Male,0,No,Yes,24,Yes,Yes,Fiber optic,Yes,No,No,No,No,No,One year,Yes,Bank transfer (automatic),90.37,2285.01,No
C00038,Male,1,Yes,Yes,29,Yes,No,Fiber optic,Yes,Yes,No,No,No,No,Two year,Yes,Mailed check,65.32,2000.89,No
C00039,Male,0,Yes,No,35,Yes,No,Fiber optic,Yes,No,No,Yes,No,No,Two year,Yes,Electronic check,81.2,2753.79,No
C00040,Male,0,No,Yes,2,Yes,No,DSL,No,No,Yes,No,Yes,Yes,Two year,Yes,Mailed check,36.88,71.25,No
C00041,Male,0,Yes,Yes,72,Yes,Yes,No,No internet service,No internet service,No internet service,No internet service,No internet service,No internet service,Two year,No,Electronic check,18.0,1512.34,No
C00042,Female,0,No,No,29,Yes,Yes,DSL,No,Yes,No,No,No,No,Month-to-month,Yes,Bank transfer (automatic),57.07,1657.13,Yes
C00043,Female,0,Yes,Yes,72,Yes,Yes,No,No internet service,No internet service,No internet service,No internet service,No internet service,No internet service,One year,Yes,Electronic check,20.77,1556.18,No
C00044,Female,0,Yes,No,31,Yes,Yes,Fiber optic,Yes,No,Yes,Yes,No,No,One year,Yes,Bank transfer (automatic),85.11,2590.75,No
C00045,Female,0,No,Yes,18,No,No phone service,DSL,Yes,Yes,No,Yes,Yes,No,One year,No,Mailed check,48.04,608.26,No
C00046,Female,1,No,Yes,26,Yes,Yes,Fiber optic,Yes,No,No,No,Yes,No,Month-to-month,Yes,Credit card (automatic),76.61,2041.35,Yes
C00047,Male,0,Yes,No,56,Yes,No,Fiber optic,No,Yes,No,No,Yes,No,Two year,No,Electronic check,59.36,2833.05,No
C00048,Female,0,No,No,12,Yes,Yes,Fiber optic,No,Yes,Yes,Yes,Yes,No,Two year,Yes,Electronic check,70.48,854.7,Yes
C00049,Female,0,No,Yes,72,Yes,No,DSL,Yes,Yes,Yes,No,No,Yes,Two year,Yes,Electronic check,50.11,3739.98,No
C00050,Male,0,No,No,20,No,No phone service,No,No internet service,No internet service,No internet service,No internet service,No internet service,No internet service,Two year,Yes,Mailed check,21.9,764.38,No
C00051,Female,0,Yes,Yes,72,Yes,No,Fiber optic,No,Yes,No,Yes,No,No,Month-to-month,Yes,Mailed check,91.57,6809.46,No
C00052,Male,0,Yes,Yes,68,Yes,Yes,Fiber optic,Yes,No,No,Yes,No,Yes,Two year,Yes,Mailed check,73.77,5459.6,No
C00053,Female,1,No,No,46,Yes,Yes,Fiber optic,No,No,Yes,No,Yes,No,Month-to-month,Yes,Bank transfer (automatic),85.41,3757.8,No
C00054,Male,0,No,Yes,20,Yes,No,DSL,No,Yes,No,No,No,Yes,Month-to-month,Yes,Bank transfer (automatic),35.83,862.18,Yes
C00055,Female,0,No,No,28,Yes,No,DSL,Yes,Yes,No,Yes,Yes,Yes,Month-to-month,Yes,Mailed check,34.62,690.19,No
C00056,Female,0,Yes,Yes,58,Yes,Yes,DSL,Yes,Yes,Yes,No,Yes,No,Month-to-month,No,Bank transfer (automatic),48.98,2968.68,No
C00057,Male,0,Yes,No,25,Yes,Yes,No,No internet service,No internet service,No internet service,No internet service,No internet service,No internet service,Month-to-month,No,Bank transfer (automatic),18.78,493.07,No
C00058,Male,0,No,No,42,Yes,No,DSL,Yes,Yes,Yes,Yes,No,Yes,Month-to-month,Yes,Bank transfer (automatic),40.5,1657.66,No
C00059,Male,0,Yes,No,50,Yes,No,Fiber optic,No,Yes,No,No,Yes,No,Two year,Yes,Electronic check,104.83,5214.97,No
C00060,Male,0,Yes,Yes,23,Yes,No,DSL,Yes,No,No,No,No,Yes,Month-to-month,Yes,Mailed check,58.24,1323.91,Yes
C00061,Male,0,Yes,No,24,Yes,No,DSL,No,No,No,No,Yes,No,One year,Yes,Electronic check,40.36,1016.13,No
C00062,Male,0,No,No,7,Yes,Yes,DSL,No,Yes,Yes,No,Yes,No,Two year,Yes,Credit card (automatic),40.95,527.76,No
C00063,Male,0,Yes,No,8,Yes,No,No,No internet service,No internet service,No internet service,No internet service,No internet service,No internet service,Month-to-month,Yes,Electronic check,18.0,18.0,No
C00064,Male,0,No,No,72,Yes,Yes,DSL,No,No,Yes,Yes,No,Yes,Two year,Yes,Bank transfer (automatic),40.15,2637.14,No
C00065,Female,0,No,No,58,Yes,Yes,DSL,Yes,No,Yes,Yes,No,No,Two year,No,Electronic check,30.29,1611.58,No
C00066,Female,0,No,No,1,Yes,No,DSL,No,No,Yes,No,Yes,No,Two year,Yes,Electronic check,43.83,295.38,Yes
C00067,Male,1,Yes,No,65,Yes,Yes,Fiber optic,No,No,No,No,No,No,One year,Yes,Credit card (automatic),61.93,3901.28,No
C00068,Female,1,Yes,No,1,Yes,Yes,No,No internet service,No internet service,No internet service,No internet service,No internet service,No internet service,Two year,Yes,Credit card (automatic),18.0,18.0,No
C00069,Female,0,No,No,19,Yes,No,No,No internet service,No internet service,No internet service,No internet service,No internet service,No internet service,One year,No,Electronic check,21.2,468.37,No
C00070,Female,0,No,Yes,2,Yes,Yes,DSL,Yes,No,Yes,Yes,Yes,Yes,Month-to-month,Yes,Mailed check,36.54,18.0,No
C00071,Female,0,No,No,72,Yes,Yes,DSL,No,Yes,No,No,Yes,No,Two year,No,Mailed check,44.52,3150.87,No
C00072,Male,0,No,No,72,Yes,Yes,Fiber optic,No,No,No,Yes,No,Yes,Two year,No,Electronic check,88.66,6638.24,No
C00073,Female,1,No,No,30,Yes,No,DSL,No,No,Yes,Yes,No,No,Month-to-month,Yes,Credit card (automatic),59.92,1821.48,Yes
C00074,Male,0,No,Yes,15,Yes,Yes,No,No internet service,No internet service,No internet service,No internet service,No internet service,No internet service,Month-to-month,Yes,Credit card (automatic),21.31,326.04,No
C00075,Female,1,Yes,No,22,Yes,No,DSL,No,No,Yes,No,Yes,Yes,Two year,Yes,Mailed check,67.17,1153.04,No
C00076,Female,1,Yes,No,45,Yes,No,Fiber optic,No,Yes,Yes,Yes,No,Yes,Two year,No,Electronic check,80.0,3432.15,No
C00077,Female,0,No,No,8,Yes,No,DSL,No,No,No,No,Yes,No,Two year,No,Mailed check,29.64,118.78,No
C00078,Male,0,Yes,No,18,Yes,Yes,No,No internet service,No internet service,No internet service,No internet service,No internet service,No internet service,Month-to-month,No,Electronic check,31.87,444.81,Yes
C00079,Female,0,No,No,42,Yes,No,DSL,No,No,Yes,No,Yes,Yes,Two year,Yes,Bank transfer (automatic),47.57,2159.63,No
C00080,Male,1,Yes,No,16,Yes,No,DSL,Yes,Yes,Yes,No,Yes,No,Month-to-month,No,Credit card (automatic),61.47,1423.3,Yes
C00081,Female,0,No,Yes,1,Yes,No,Fiber optic,No,Yes,Yes,No,No,No,Two year,Yes,Electronic check,41.22,18.0,Yes
C00082,Male,1,Yes,Yes,22,Yes,Yes,DSL,No,No,No,Yes,Yes,No,One year,No,Bank transfer (automatic),97.8,2382.91,No
C00083,Female,0,Yes,Yes,42,Yes,Yes,DSL,Yes,No,No,No,Yes,No,Month-to-month,Yes,Electronic check,30.12,1694.23,No
C00084,Male,0,No,Yes,72,No,No phone service,DSL,No,Yes,No,No,Yes,Yes,Month-to-month,No,Electronic check,49.79,3329.03,No
C00085,Male,1,Yes,No,1,No,No phone service,No,No internet service,No internet service,No internet service,No internet service,No internet service,No internet service,One year,Yes,Mailed check,18.0,223.28,No
C00086,Female,0,Yes,No,24,No,No phone service,DSL,No,No,No,Yes,No,Yes,One year,Yes,Electronic check,34.43,1123.61,No
C00087,Male,0,Yes,No,19,Yes,Yes,DSL,No,No,No,Yes,No,No,Two year,No,Electronic check,56.71,1158.45,No
C00088,Female,0,No,No,8,Yes,Yes,No,No internet service,No internet service,No internet service,No internet service,No internet service,No internet service,Two year,No,Credit card (automatic),18.0,18.0,No
C00089,Female,0,No,No,32,Yes,Yes,No,No internet service,No internet service,No internet service,No internet service,No internet service,No internet service,Month-to-month,Yes,Electronic check,18.0,361.46,No
C00090,Female,0,No,No,5,Yes,Yes,Fiber optic,Yes,No,No,Yes,No,No,Month-to-month,No,Mailed check,55.47,18.0,Yes
C00091,Female,0,Yes,No,10,Yes,No,Fiber optic,No,No,No,No,No,Yes,Month-to-month,No,Mailed check,80.6,989.0,Yes
C00092,Female,1,No,Yes,48,Yes,No,No,No internet service,No internet service,No internet service,No internet service,No internet service,No internet service,Month-to-month,No,Credit card (automatic),18.0,804.0,No
C00093,Female,1,Yes,No,19,Yes,No,DSL,No,No,No,No,Yes,Yes,Month-to-month,Yes,Bank transfer (automatic),78.58,1417.13,Yes
C00094,Female,0,No,Yes,72,Yes,No,Fiber optic,No,Yes,Yes,Yes,No,No,One year,Yes,Mailed check,67.23,4654.81,No
C00095,Female,0,No,No,15,Yes,Yes,DSL,Yes,No,No,Yes,No,No,One year,Yes,Bank transfer (automatic),30.16,528.93,No
C00096,Female,0,No,No,19,Yes,Yes,DSL,No,No,Yes,No,No,Yes,One year,No,Credit card (automatic),52.15,1097.92,No
C00097,Female,0,No,No,11,Yes,No,DSL,No,No,No,No,No,No,Two year,No,Electronic check,19.02,60.31,No
C00098,Female,1,No,Yes,8,No,No phone service,Fiber optic,No,No,Yes,No,Yes,Yes,Month-to-month,Yes,Electronic check,74.47,542.48,Yes
C00099,Male,0,No,No,72,Yes,No,No,No internet service,No internet service,No internet service,No internet service,No internet service,No internet service,Two year,No,Credit card (automatic),21.86,1257.19,No
C00100,Male,0,Yes,No,44,Yes,Yes,Fiber optic,No,No,No,No,Yes,No,Month-to-month,No,Electronic check,59.22,2679.08,Yes
C00101,Female,0,No,Yes,12,Yes,No,Fiber optic,No,No,No,No,No,No,Month-to-month,Yes,Mailed check,74.31,852.09,Yes
C00102,Female,0,Yes,Yes,38,No,No phone service,Fiber optic,No,No,Yes,Yes,No,No,One year,Yes,Credit card (automatic),91.84,3497.53,No
C00103,Female,0,Yes,No,72,Yes,No,Fiber optic,No,No,No,No,Yes,No,Month-to-month,No,Bank transfer (automatic),78.27,5459.01,No
C00104,Female,0,Yes,Yes,2,Yes,No,Fiber optic,Yes,No,No,No,Yes,No,One year,Yes,Electronic check,103.85,81.66,No
C00105,Female,0,Yes,No,9,Yes,No,Fiber optic,Yes,No,No,Yes,No,No,Month-to-month,No,Electronic check,54.9,682.58,Yes
C00106,Female,0,Yes,No,7,Yes,No,DSL,Yes,No,No,Yes,Yes,No,One year,No,Electronic check,28.77,376.13,No
C00107,Female,0,No,No,65,Yes,Yes,Fiber optic,Yes,No,No,Yes,Yes,No,Two year,No,Electronic check,65.9,4500.3,No
C00108,Female,0,Yes,Yes,6,Yes,No,DSL,No,No,No,No,Yes,No,Two year,No,Electronic check,46.24,347.44,Yes
C00109,Male,0,Yes,No,11,Yes,Yes,Fiber optic,Yes,Yes,Yes,No,No,Yes,Month-to-month,Yes,Bank transfer (automatic),45.96,182.68,Yes
C00110,Female,0,No,No,25,Yes,No,No,No internet service,No internet service,No internet service,No internet service,No internet service,No internet service,Two year,No,Electronic check,24.81,935.95,No
C00111,Male,0,Yes,Yes,31,Yes,Yes,DSL,Yes,Yes,No,No,No,Yes,Month-to-month,Yes,Credit card (automatic),71.27,2148.8,No
C00112,Female,0,No,Yes,52,No,No phone service,DSL,No,Yes,Yes,No,Yes,No,Month-to-month,No,Electronic check,18.0,1219.22,Yes
C00113,Female,0,No,Yes,16,Yes,No,No,No internet service,No internet service,No internet service,No internet service,No internet service,No internet service,One year,Yes,Electronic check,41.68,751.72,No
C00114,Male,0,No,No,24,Yes,No,No,No internet service,No internet service,No internet service,No internet service,No internet service,No internet service,Month-to-month,No,Electronic check,18.0,456.58,No
C00115,Female,1,No,No,72,Yes,No,DSL,No,No,No,No,No,Yes,Month-to-month,No,Electronic check,27.27,1792.87,No
C00116,Male,1,Yes,Yes,11,Yes,Yes,DSL,No,No,No,Yes,Yes,No,Month-to-month,Yes,Credit card (automatic),52.96,505.38,No
C00117,Female,0,Yes,No,9,Yes,No,DSL,No,No,No,Yes,No,No,Month-to-month,No,Electronic check,30.32,183.86,Yes
C00118,Female,1,Yes,No,39,Yes,Yes,Fiber optic,No,No,Yes,No,Yes,No,One year,No,Bank transfer (automatic),89.24,3434.79,No
C00119,Male,0,No,No,47,No,No phone service,No,No internet service,No internet service,No internet service,No internet service,No internet service,No internet service,Two year,Yes,Bank transfer (automatic),34.29,1867.96,No
C00120,Female,0,Yes,No,17,Yes,Yes,DSL,Yes,Yes,No,No,Yes,No,Two year,Yes,Mailed check,40.76,484.5,No
C00121,Male,0,Yes,Yes,7,No,No phone service,Fiber optic,No,No,No,Yes,No,No,Month-to-month,Yes,Mailed check,57.54,474.87,Yes
C00122,Female,0,Yes,Yes,48,Yes,Yes,No,No internet service,No internet service,No internet service,No internet service,No internet service,No internet service,Month-to-month,Yes,Electronic check,32.42,1819.68,No
C00123,Male,0,No,No,35,Yes,No,Fiber optic,No,No,No,No,No,No,Month-to-month,Yes,Bank transfer (automatic),78.6,2746.04,Yes
C00124,Male,0,Yes,Yes,66,Yes,No,DSL,Yes,No,Yes,No,Yes,Yes,Month-to-month,Yes,Mailed check,49.49,3268.75,No
C00125,Female,0,No,No,59,Yes,No,No,No internet service,No internet service,No internet service,No internet service,No internet service,No internet service,Month-to-month,Yes,Mailed check,18.0,969.66,No
C00126,Female,0,Yes,No,7,Yes,No,Fiber optic,Yes,Yes,Yes,No,No,Yes,Two year,Yes,Electronic check,69.84,243.76,No
C00127,Male,0,Yes,No,57,Yes,No,DSL,No,Yes,No,No,No,No,Month-to-month,Yes,Bank transfer (automatic),58.79,3270.7,No
C00128,Female,1,Yes,No,6,Yes,Yes,Fiber optic,No,No,No,No,No,No,Month-to-month,Yes,Mailed check,74.25,607.66,Yes
C00129,Female,0,No,No,63,Yes,Yes,No,No internet service,No internet service,No internet service,No internet service,No internet service,No internet service,Month-to-month,No,Electronic check,42.65,2840.99,No
C00130,Female,0,No,No,47,Yes,No,DSL,No,Yes,No,No,No,No,Two year,Yes,Mailed check,42.81,2154.15,No
C00131,Male,0,Yes,No,26,Yes,No,DSL,No,Yes,No,Yes,No,No,Two year,Yes,Electronic check,18.0,489.18,No
C00132,Male,0,Yes,No,32,Yes,Yes,DSL,Yes,No,No,No,No,Yes,Two year,Yes,Electronic check,37.97,1219.23,No
C00133,Male,0,No,No,3,No,No phone service,No,No internet service,No internet service,No internet service,No internet service,No internet service,No internet service,One year,Yes,Credit card (automatic),27.97,18.0,No
C00134,Male,0,Yes,No,1,Yes,No,DSL,No,Yes,No,No,Yes,No,One year,Yes,Credit card (automatic),76.64,215.51,No
C00135,Male,0,Yes,Yes,12,Yes,No,DSL,No,No,No,Yes,No,No,Month-to-month,Yes,Credit card (automatic),58.03,590.71,Yes
C00136,Male,0,Yes,Yes,55,Yes,No,DSL,No,No,No,No,No,No,One year,Yes,Credit card (automatic),18.47,1039.09,No
C00137,Male,0,Yes,No,20,No,No phone service,No,No internet service,No internet service,No internet service,No internet service,No internet service,No internet service,Two year,No,Credit card (automatic),41.63,929.25,No
C00138,Male,0,Yes,No,8,Yes,No,DSL,No,Yes,Yes,No,No,Yes,Two year,No,Mailed check,37.32,334.29,No
C00139,Male,0,Yes,No,57,Yes,Yes,Fiber optic,No,No,No,Yes,No,Yes,Two year,No,Bank transfer (automatic),59.2,3621.53,No
C00140,Female,0,Yes,No,8,Yes,No,DSL,No,No,Yes,Yes,Yes,No,Month-to-month,Yes,Electronic check,23.54,473.33,Yes
C00141,Male,0,No,Yes,54,Yes,Yes,No,No internet service,No internet service,No internet service,No internet service,No internet service,No internet service,Month-to-month,Yes,Mailed check,18.0,1337.96,No
C00142,Female,0,Yes,No,19,Yes,No,Fiber optic,No,No,No,No,Yes,Yes,Month-to-month,No,Bank transfer (automatic),56.02,1246.99,Yes
C00143,Female,1,No,No,19,Yes,Yes,DSL,No,Yes,No,No,No,Yes,One year,No,Electronic check,59.45,1197.64,No
C00144,Female,1,Yes,No,10,Yes,Yes,DSL,No,Yes,No,Yes,Yes,No,Month-to-month,Yes,Credit card (automatic),36.82,335.56,No
C00145,Male,1,No,No,72,Yes,Yes,DSL,No,No,Yes,No,No,No,Two year,No,Electronic check,27.87,2177.75,No
C00146,Male,0,Yes,No,2,Yes,No,Fiber optic,No,No,No,Yes,Yes,Yes,Two year,No,Credit card (automatic),81.05,345.06,No
C00147,Male,0,No,No,4,Yes,No,No,No internet service,No internet service,No internet service,No internet service,No internet service,No internet service,Month-to-month,No,Bank transfer (automatic),18.0,260.35,Yes
C00148,Male,0,Yes,No,32,No,No phone service,DSL,Yes,No,Yes,Yes,No,Yes,One year,Yes,Credit card (automatic),39.59,1378.42,No
C00149,Female,0,No,No,60,Yes,No,Fiber optic,Yes,No,Yes,Yes,No,No,One year,No,Electronic check,90.07,5380.07,No
C00150,Male,0,Yes,No,3,Yes,Yes,DSL,No,No,No,Yes,No,Yes,Two year,Yes,Bank transfer (automatic),28.82,166.31,No
C00151,Male,0,Yes,Yes,42,Yes,Yes,Fiber optic,Yes,Yes,Yes,Yes,Yes,Yes,Month-to-month,No,Electronic check,78.7,3344.14,Yes
C00152,Male,1,No,No,43,Yes,Yes,DSL,Yes,No,No,No,Yes,No,Month-to-month,Yes,Electronic check,31.03,1141.34,No
C00153,Male,0,No,No,27,Yes,No,DSL,No,No,No,No,No,Yes,One year,No,Electronic check,38.38,1054.09,No
C00154,Male,1,Yes,No,21,Yes,No,DSL,Yes,No,Yes,No,Yes,Yes,Month-to-month,Yes,Credit card (automatic),42.95,543.43,No
C00155,Female,0,No,No,12,Yes,No,Fiber optic,Yes,No,No,Yes,Yes,No,Month-to-month,Yes,Credit card (automatic),47.96,441.19,Yes
C00156,Male,0,Yes,No,13,No,No phone service,DSL,Yes,Yes,Yes,No,No,No,Month-to-month,Yes,Electronic check,30.88,506.97,Yes
C00157,Female,0,Yes,No,35,Yes,No,No,No internet service,No internet service,No internet service,No internet service,No internet service,No internet service,Two year,Yes,Electronic check,25.83,646.35,No
C00158,Male,0,No,No,2,Yes,No,No,No internet service,No internet service,No internet service,No internet service,No internet service,No internet service,One year,Yes,Credit card (automatic),18.0,287.91,No
C00159,Female,0,Yes,No,28,Yes,No,No,No internet service,No internet service,No internet service,No internet service,No internet service,No internet service,One year,No,Mailed check,47.47,1547.17,No
C00160,Male,0,No,Yes,10,Yes,No,No,No internet service,No internet service,No internet service,No internet service,No internet service,No internet service,Month-to-month,No,Electronic check,18.0,61.53,No
C00161,Male,0,Yes,No,20,No,No phone service,No,No internet service,No internet service,No internet service,No internet service,No internet service,No internet service,One year,Yes,Bank transfer (automatic),27.72,478.43,No
C00162,Female,0,No,Yes,26,Yes,Yes,DSL,No,No,No,No,No,No,Month-to-month,No,Mailed check,55.46,1489.62,No
C00163,Female,1,No,Yes,69,Yes,No,DSL,Yes,No,Yes,No,No,No,Month-to-month,Yes,Bank transfer (automatic),47.37,3388.22,No
C00164,Female,0,No,No,27,Yes,Yes,Fiber optic,No,No,No,No,No,No,One year,No,Electronic check,77.71,2014.58,No
C00165,Male,1,No,No,8,Yes,Yes,Fiber optic,No,No,Yes,No,Yes,No,Two year,Yes,Mailed check,101.02,1093.71,Yes
C00166,Female,0,Yes,Yes,2,Yes,Yes,No,No internet service,No internet service,No internet service,No internet service,No internet service,No internet service,One year,No,Credit card (automatic),18.0,18.0,No
C00167,Male,0,No,No,31,Yes,No,DSL,No,No,Yes,No,Yes,No,Month-to-month,No,Credit card (automatic),40.8,1036.31,No
C00168,Male,0,Yes,No,25,Yes,No,Fiber optic,Yes,Yes,No,Yes,No,No,One year,Yes,Credit card (automatic),69.33,1442.44,No
C00169,Female,0,No,Yes,35,Yes,Yes,Fiber optic,No,No,Yes,Yes,Yes,Yes,Two year,Yes,Electronic check,65.05,1996.19,No
C00170,Female,0,No,No,19,Yes,No,No,No internet service,No internet service,No internet service,No internet service,No internet service,No internet service,Month-to-month,No,Credit card (automatic),23.72,559.65,No
C00171,Male,0,No,No,55,Yes,No,Fiber optic,Yes,Yes,Yes,No,No,No,Two year,Yes,Electronic check,70.39,4225.31,No
C00172,Male,0,No,No,72,Yes,Yes,DSL,No,Yes,No,Yes,No,No,One year,Yes,Credit card (automatic),72.98,5210.97,No
C00173,Female,0,Yes,No,1,Yes,No,DSL,Yes,No,No,No,No,No,Two year,No,Electronic check,48.47,534.38,No
C00174,Female,0,No,No,43,Yes,No,No,No internet service,No internet service,No internet service,No internet service,No internet service,No internet service,One year,Yes,Electronic check,33.28,1371.44,No
C00175,Female,0,Yes,No,1,Yes,Yes,No,No internet service,No internet service,No internet service,No internet service,No internet service,No internet service,One year,No,Bank transfer (automatic),24.61,18.0,No
C00176,Male,0,No,No,18,Yes,Yes,No,No internet service,No internet service,No internet service,No internet service,No internet service,No internet service,One year,Yes,Bank transfer (automatic),18.0,406.26,No
C00177,Male,0,Yes,No,19,Yes,Yes,Fiber optic,No,No,No,No,Yes,No,Two year,Yes,Credit card (automatic),69.22,1240.52,No
C00178,Male,0,No,No,38,Yes,No,DSL,Yes,Yes,No,Yes,No,Yes,Two year,No,Electronic check,34.84,1517.24,No
C00179,Male,0,Yes,No,13,Yes,No,Fiber optic,No,Yes,No,Yes,No,No,One year,Yes,Mailed check,51.04,550.72,No
C00180,Male,0,No,Yes,55,Yes,No,No,No internet service,No internet service,No internet service,No internet service,No internet service,No internet service,Month-to-month,Yes,Bank transfer (automatic),28.22,1785.75,No
C00181,Male,0,Yes,Yes,13,Yes,No,DSL,Yes,No,No,No,No,No,Month-to-month,Yes,Credit card (automatic),36.26,552.2,No
C00182,Female,0,No,No,13,Yes,Yes,Fiber optic,Yes,No,No,Yes,Yes,Yes,Month-to-month,Yes,Bank transfer (automatic),49.35,837.78,Yes
C00183,Male,0,Yes,No,8,Yes,Yes,Fiber optic,No,No,No,No,No,No,Two year,No,Credit card (automatic),47.42,417.69,No
C00184,Male,0,No,Yes,36,No,No phone service,Fiber optic,Yes,Yes,Yes,No,No,No,Two year,Yes,Mailed check,42.26,1426.87,No
C00185,Male,0,Yes,No,2,Yes,Yes,Fiber optic,Yes,No,No,No,No,No,Month-to-month,Yes,Credit card (automatic),70.06,55.09,Yes
C00186,Female,1,No,Yes,14,Yes,Yes,Fiber optic,No,Yes,No,No,No,Yes,Month-to-month,No,Credit card (automatic),75.58,1305.11,Yes
C00187,Male,0,Yes,Yes,9,Yes,Yes,DSL,Yes,No,No,Yes,No,No,Month-to-month,No,Electronic check,36.1,178.33,No
C00188,Male,0,No,Yes,8,Yes,No,DSL,No,No,Yes,Yes,Yes,No,One year,No,Mailed check,25.92,64.61,No
C00189,Female,0,Yes,No,2,Yes,Yes,No,No internet service,No internet service,No internet service,No internet service,No internet service,No internet service,Month-to-month,Yes,Electronic check,25.62,277.24,No
C00190,Male,0,No,No,6,Yes,No,No,No internet service,No internet service,No internet service,No internet service,No internet service,No internet service,Two year,Yes,Electronic check,20.93,18.0,No
C00191,Male,0,Yes,Yes,18,Yes,Yes,DSL,No,No,No,No,Yes,No,Month-to-month,No,Credit card (automatic),34.29,524.35,Yes
C00192,Male,0,Yes,No,22,Yes,No,DSL,No,Yes,No,Yes,No,No,Month-to-month,Yes,Credit card (automatic),27.66,535.22,No
C00193,Male,0,No,Yes,10,Yes,No,Fiber optic,No,Yes,Yes,No,No,No,Month-to-month,No,Mailed check,80.84,862.32,Yes
C00194,Male,0,Yes,No,33,Yes,Yes,Fiber optic,No,Yes,No,No,Yes,No,One year,No,Mailed check,84.0,2538.09,No
C00195,Female,0,Yes,Yes,13,Yes,Yes,DSL,No,Yes,Yes,No,No,No,Month-to-month,No,Mailed check,41.0,706.06,No
C00196,Female,0,No,No,14,Yes,No,Fiber optic,No,No,No,Yes,No,No,One year,No,Bank transfer (automatic),87.28,1261.7,Yes
C00197,Female,1,No,No,48,Yes,No,Fiber optic,Yes,No,No,No,No,Yes,Two year,Yes,Credit card (automatic),70.27,3574.04,No
C00198,Male,0,No,No,25,Yes,Yes,DSL,No,No,No,No,Yes,No,One year,Yes,Credit card (automatic),78.05,1893.7,No
C00199,Male,1,Yes,Yes,72,Yes,No,No,No internet service,No internet service,No internet service,No internet service,No internet service,No internet service,Two year,No,Electronic check,33.85,2499.68,No
C00200,Male,0,Yes,Yes,14,Yes,Yes,DSL,Yes,No,Yes,Yes,Yes,Yes,Month-to-month,No,Credit card (automatic),29.15,343.85,No
C00201,Female,1,No,No,56,Yes,Yes,DSL,No,No,No,No,No,Yes,One year,No,Mailed check,48.57,2920.33,No
C00202,Male,1,Yes,No,42,Yes,Yes,Fiber optic,Yes,Yes,No,Yes,Yes,Yes,One year,Yes,Credit card (automatic),45.47,1827.75,No
C00203,Male,0,No,No,70,No,No phone service,Fiber optic,No,No,No,No,Yes,Yes,Month-to-month,Yes,Credit card (automatic),87.15,6324.79,No
C00204,Female,0,Yes,No,72,Yes,No,No,No internet service,No internet service,No internet service,No internet service,No internet service,No internet service,Two year,Yes,Mailed check,37.61,2534.27,No
C00205,Male,0,No,No,1,Yes,No,DSL,No,Yes,No,No,Yes,Yes,Two year,Yes,Electronic check,78.86,144.85,Yes
C00206,Female,0,No,No,2,Yes,No,DSL,No,No,No,No,Yes,Yes,Month-to-month,Yes,Mailed check,52.99,18.0,Yes
C00207,Female,0,No,No,35,Yes,Yes,DSL,Yes,No,No,No,No,Yes,Month-to-month,Yes,Electronic check,68.74,2220.71,No
C00208,Female,0,Yes,Yes,15,Yes,No,DSL,No,No,Yes,No,Yes,Yes,Month-to-month,No,Mailed check,53.93,916.56,Yes
C00209,Male,0,No,No,54,Yes,No,Fiber optic,No,Yes,No,No,Yes,Yes,Month-to-month,Yes,Credit card (automatic),100.22,5097.49,Yes
C00210,Male,0,Yes,No,1,Yes,Yes,Fiber optic,Yes,Yes,No,Yes,Yes,Yes,Month-to-month,No,Credit card (automatic),72.47,67.43,Yes
C00211,Male,1,No,No,52,Yes,No,Fiber optic,Yes,Yes,No,No,No,No,Two year,No,Mailed check,67.64,3497.38,No
C00212,Male,0,No,Yes,4,Yes,No,No,No internet service,No internet service,No internet service,No internet service,No internet service,No internet service,One year,Yes,Bank transfer (automatic),18.0,18.0,No
C00213,Male,0,Yes,No,10,Yes,No,Fiber optic,No,No,No,No,No,No,Month-to-month,No,Bank transfer (automatic),63.39,637.37,Yes
C00214,Male,0,Yes,No,72,Yes,Yes,Fiber optic,No,Yes,No,Yes,No,No,Two year,No,Bank transfer (automatic),71.26,4660.17,No
C00215,Male,1,No,No,1,Yes,No,DSL,No,No,No,No,No,No,Month-to-month,Yes,Bank transfer (automatic),48.83,18.0,Yes
C00216,Female,0,Yes,Yes,13,Yes,Yes,Fiber optic,No,No,Yes,Yes,Yes,Yes,Month-to-month,Yes,Credit card (automatic),68.0,1050.61,Yes
C00217,Male,0,No,No,2,Yes,Yes,Fiber optic,Yes,Yes,No,No,No,No,One year,No,Electronic check,73.3,365.36,Yes
C00218,Female,0,Yes,Yes,61,Yes,No,Fiber optic,No,No,Yes,Yes,No,No,Two year,Yes,Electronic check,56.92,3088.06,No
C00219,Male,0,Yes,No,38,Yes,Yes,Fiber optic,Yes,No,No,No,No,No,Two year,Yes,Electronic check,98.86,3719.17,No
C00220,Male,0,No,No,51,Yes,Yes,DSL,Yes,Yes,No,No,Yes,No,Two year,Yes,Bank transfer (automatic),44.5,2495.69,No
C00221,Male,1,No,No,23,Yes,No,DSL,Yes,No,No,No,No,No,Month-to-month,No,Mailed check,36.13,576.27,No
C00222,Female,0,Yes,No,14,Yes,Yes,No,No internet service,No internet service,No internet service,No internet service,No internet service,No internet service,Month-to-month,No,Bank transfer (automatic),18.0,604.96,No
C00223,Female,0,No,No,1,Yes,Yes,No,No internet service,No internet service,No internet service,No internet service,No internet service,No internet service,One year,No,Mailed check,18.0,18.0,No
C00224,Female,1,No,No,10,Yes,No,No,No internet service,No internet service,No internet service,No internet service,No internet service,No internet service,Two year,No,Bank transfer (automatic),24.76,255.7,No
C00225,Female,0,No,Yes,23,Yes,Yes,No,No internet service,No internet service,No internet service,No internet service,No internet service,No internet service,One year,No,Electronic check,44.19,1277.24,No
C00226,Male,0,Yes,No,34,Yes,No,DSL,No,No,Yes,No,Yes,Yes,Month-to-month,Yes,Mailed check,46.6,1458.47,No
C00227,Female,1,Yes,No,8,No,No phone service,Fiber optic,No,Yes,No,Yes,No,No,Two year,Yes,Bank transfer (automatic),81.73,652.25,No
C00228,Male,0,No,Yes,4,Yes,No,No,No internet service,No internet service,No internet service,No internet service,No internet service,No internet service,Two year,Yes,Electronic check,20.54,150.8,No
C00229,Male,0,No,No,7,Yes,Yes,No,No internet service,No internet service,No internet service,No internet service,No internet service,No internet service,Month-to-month,Yes,Electronic check,39.42,333.74,Yes
C00230,Female,0,Yes,Yes,13,Yes,Yes,DSL,No,Yes,Yes,No,No,No,Month-to-month,Yes,Electronic check,23.7,254.1,Yes
C00231,Female,0,No,Yes,5,Yes,Yes,Fiber optic,No,No,No,No,Yes,No,Two year,Yes,Bank transfer (automatic),69.03,201.12,No
C00232,Female,0,Yes,No,5,Yes,Yes,DSL,No,Yes,No,Yes,Yes,Yes,One year,No,Mailed check,45.85,112.31,No
C00233,Female,0,Yes,No,1,Yes,No,No,No internet service,No internet service,No internet service,No internet service,No internet service,No internet service,Month-to-month,Yes,Electronic check,42.23,18.0,No
C00234,Female,0,No,No,62,Yes,No,Fiber optic,Yes,No,No,No,No,No,Month-to-month,No,Bank transfer (automatic),66.38,3898.81,No
C00235,Female,1,No,No,7,Yes,No,Fiber optic,No,No,No,No,No,No,One year,Yes,Electronic check,50.38,214.58,Yes
C00236,Female,0,Yes,No,55,Yes,Yes,Fiber optic,No,No,No,No,Yes,No,One year,No,Mailed check,61.91,3492.99,No
C00237,Female,1,No,Yes,18,Yes,Yes,Fiber optic,No,No,Yes,No,No,No,Month-to-month,Yes,Electronic check,69.5,942.21,Yes
C00238,Male,0,No,Yes,32,Yes,Yes,DSL,Yes,No,No,Yes,No,No,Two year,No,Bank transfer (automatic),75.13,2313.6,No
C00239,Female,0,No,No,2,Yes,Yes,Fiber optic,No,Yes,No,No,No,No,Month-to-month,Yes,Electronic check,81.8,51.83,Yes
C00240,Female,0,No,No,28,Yes,Yes,No,No internet service,No internet service,No internet service,No internet service,No internet service,No internet service,Month-to-month,Yes,Credit card (automatic),18.37,488.44,No
C00241,Male,0,Yes,No,10,Yes,Yes,DSL,No,No,No,Yes,Yes,Yes,Month-to-month,Yes,Bank transfer (automatic),40.75,271.43,Yes
C00242,Female,0,Yes,No,3,Yes,Yes,DSL,Yes,No,No,No,No,No,Month-to-month,Yes,Electronic check,37.01,75.18,Yes
C00243,Male,1,Yes,Yes,72,No,No phone service,No,No internet service,No internet service,No internet service,No internet service,No internet service,No internet service,One year,No,Mailed check,26.06,1707.5,No
C00244,Male,0,No,No,29,No,No phone service,Fiber optic,No,No,Yes,Yes,Yes,No,Month-to-month,Yes,Electronic check,54.76,1514.7,Yes
C00245,Female,0,No,No,8,No,No phone service,No,No internet service,No internet service,No internet service,No internet service,No internet service,No internet service,Month-to-month,Yes,Bank transfer (automatic),19.77,18.0,No
C00246,Male,0,Yes,No,17,Yes,Yes,DSL,No,No,Yes,No,Yes,No,One year,Yes,Bank transfer (automatic),18.0,393.55,No
C00247,Male,0,Yes,Yes,14,Yes,No,No,No internet service,No internet service,No internet service,No internet service,No internet service,No internet service,Month-to-month,Yes,Electronic check,18.0,489.66,No
C00248,Male,0,Yes,No,38,Yes,No,No,No internet service,No internet service,No internet service,No internet service,No internet service,No internet service,Month-to-month,No,Bank transfer (automatic),18.0,995.91,No
C00249,Male,0,Yes,Yes,29,Yes,Yes,DSL,No,Yes,No,No,Yes,No,Month-to-month,Yes,Credit card (automatic),59.43,1409.35,Yes
C00250,Female,0,No,No,1,Yes,No,Fiber optic,No,No,No,No,Yes,No,One year,Yes,Credit card (automatic),82.29,196.0,Yes
C00251,Male,0,No,Yes,7,Yes,No,DSL,Yes,Yes,Yes,No,Yes,No,Month-to-month,No,Electronic check,44.42,291.21,No
C00252,Female,0,Yes,No,20,Yes,No,Fiber optic,No,No,No,No,No,Yes,Month-to-month,Yes,Mailed check,69.89,1422.44,Yes
C00253,Male,0,No,No,18,Yes,No,Fiber optic,No,Yes,No,Yes,Yes,No,One year,No,Electronic check,71.65,1565.69,No
C00254,Male,0,No,No,23,Yes,No,No,No internet service,No internet service,No internet service,No internet service,No internet service,No internet service,Month-to-month,No,Bank transfer (automatic),18.0,252.5,No
C00255,Male,1,No,No,40,Yes,Yes,DSL,No,Yes,No,Yes,No,No,Month-to-month,Yes,Credit card (automatic),35.16,1512.16,No
C00256,Male,0,Yes,Yes,36,Yes,No,DSL,Yes,Yes,No,No,Yes,No,Month-to-month,Yes,Bank transfer (automatic),60.63,1911.53,No
C00257,Female,0,Yes,No,14,Yes,No,DSL,No,No,No,No,Yes,No,Month-to-month,No,Credit card (automatic),67.27,1024.91,No
C00258,Female,0,Yes,No,67,Yes,Yes,Fiber optic,No,Yes,No,No,No,No,Two year,Yes,Electronic check,56.86,4161.36,No
C00259,Male,0,No,No,2,Yes,No,No,No internet service,No internet service,No internet service,No internet service,No internet service,No internet service,One year,Yes,Electronic check,18.0,249.94,No
C00260,Male,1,No,No,28,Yes,No,Fiber optic,No,Yes,No,Yes,No,Yes,One year,No,Credit card (automatic),77.81,2046.97,No
C00261,Female,0,No,No,72,No,No phone service,DSL,No,No,Yes,No,Yes,No,Two year,No,Mailed check,55.87,3973.29,No
C00262,Male,0,Yes,No,25,Yes,No,DSL,No,No,Yes,Yes,No,Yes,Month-to-month,No,Bank transfer (automatic),41.08,955.64,No
C00263,Male,0,Yes,No,19,Yes,No,DSL,Yes,No,No,Yes,No,No,Month-to-month,Yes,Credit card (automatic),68.39,1175.31,No
C00264,Male,0,Yes,No,4,Yes,No,Fiber optic,No,Yes,Yes,Yes,Yes,Yes,One year,Yes,Bank transfer (automatic),69.66,18.0,No
C00265,Female,0,No,Yes,53,Yes,No,DSL,Yes,Yes,No,Yes,No,Yes,One year,Yes,Bank transfer (automatic),18.0,736.45,No
C00266,Female,0,Yes,Yes,14,Yes,No,No,No internet service,No internet service,No internet service,No internet service,No internet service,No internet service,Two year,Yes,Mailed check,43.58,424.0,No
C00267,Female,0,Yes,Yes,38,Yes,No,DSL,Yes,Yes,Yes,Yes,No,Yes,Month-to-month,Yes,Credit card (automatic),54.93,2156.09,No
C00268,Male,0,No,Yes,7,Yes,No,No,No internet service,No internet service,No internet service,No internet service,No internet service,No internet service,One year,Yes,Bank transfer (automatic),48.17,234.41,No
C00269,Male,0,No,No,1,Yes,No,DSL,Yes,No,Yes,Yes,No,No,One year,Yes,Bank transfer (automatic),39.13,111.08,No
C00270,Female,1,No,Yes,11,Yes,No,No,No internet service,No internet service,No internet service,No internet service,No internet service,No internet service,Month-to-month,No,Electronic check,18.0,386.15,Yes
C00271,Female,0,Yes,Yes,10,Yes,Yes,No,No internet service,No internet service,No internet service,No internet service,No internet service,No internet service,Month-to-month,Yes,Mailed check,21.15,459.82,No
C00272,Female,0,No,No,66,No,No phone service,No,No internet service,No internet service,No internet service,No internet service,No internet service,No internet service,Month-to-month,Yes,Credit card (automatic),21.68,1276.63,No
C00273,Female,0,Yes,No,64,Yes,No,No,No internet service,No internet service,No internet service,No internet service,No internet service,No internet service,Two year,No,Mailed check,18.0,1377.34,No
C00274,Male,1,No,No,24,Yes,No,DSL,Yes,No,No,No,Yes,Yes,Month-to-month,No,Credit card (automatic),18.0,75.09,No
C00275,Female,0,Yes,No,1,Yes,Yes,DSL,Yes,No,Yes,Yes,No,No,One year,Yes,Credit card (automatic),34.66,18.0,No
C00276,Male,1,Yes,Yes,8,Yes,No,Fiber optic,No,No,No,No,No,No,Month-to-month,No,Bank transfer (automatic),96.18,1149.92,Yes
C00277,Female,0,No,Yes,32,No,No phone service,No,No internet service,No internet service,No internet service,No internet service,No internet service,No internet service,Month-to-month,Yes,Electronic check,29.13,993.56,Yes
C00278,Male,0,No,No,3,Yes,Yes,DSL,Yes,No,Yes,No,No,Yes,Two year,Yes,Electronic check,48.88,215.16,No
C00279,Female,0,No,No,38,Yes,No,No,No internet service,No internet service,No internet service,No internet service,No internet service,No internet service,Month-to-month,No,Mailed check,18.0,869.76,No
C00280,Female,0,Yes,No,1,No,No phone service,Fiber optic,No,Yes,No,No,No,No,Month-to-month,No,Electronic check,79.15,230.4,Yes
C00281,Female,0,Yes,No,36,Yes,Yes,DSL,Yes,No,Yes,No,No,Yes,Month-to-month,Yes,Mailed check,26.68,840.25,No
C00282,Female,0,No,Yes,59,Yes,No,DSL,Yes,Yes,Yes,No,Yes,No,Month-to-month,No,Bank transfer (automatic),72.08,4358.38,No
C00283,Male,0,No,No,20,Yes,No,DSL,No,No,No,Yes,No,No,Month-to-month,No,Mailed check,52.55,1095.21,No
C00284,Female,0,No,Yes,56,Yes,No,DSL,No,Yes,No,No,No,Yes,Two year,Yes,Electronic check,37.7,1822.76,No
C00285,Male,0,No,No,48,No,No phone service,Fiber optic,No,No,Yes,No,No,No,Month-to-month,Yes,Credit card (automatic),84.11,4212.77,No
C00286,Male,0,No,No,35,Yes,Yes,DSL,No,Yes,Yes,No,Yes,Yes,One year,Yes,Mailed check,23.73,495.63,No
C00287,Male,0,No,No,18,Yes,Yes,Fiber optic,No,No,No,Yes,No,Yes,Month-to-month,No,Electronic check,84.89,1177.31,Yes
C00288,Male,0,Yes,No,10,Yes,Yes,Fiber optic,Yes,No,No,No,Yes,Yes,Two year,Yes,Electronic check,75.38,699.2,No
C00289,Female,0,Yes,No,63,Yes,Yes,No,No internet service,No internet service,No internet service,No internet service,No internet service,No internet service,Month-to-month,No,Mailed check,25.34,1508.03,No
C00290,Male,0,Yes,No,33,Yes,Yes,Fiber optic,No,No,Yes,Yes,No,No,Month-to-month,No,Bank transfer (automatic),81.66,3080.32,No
C00291,Male,1,Yes,No,51,Yes,Yes,Fiber optic,Yes,Yes,No,No,Yes,Yes,One year,No,Mailed check,69.55,3275.47,No
C00292,Male,0,No,No,25,Yes,No,No,No internet service,No internet service,No internet service,No internet service,No internet service,No internet service,Month-to-month,No,Bank transfer (automatic),32.81,744.96,Yes
C00293,Female,0,No,No,6,Yes,Yes,DSL,No,Yes,Yes,Yes,No,No,One year,Yes,Credit card (automatic),42.36,395.62,No
C00294,Female,0,No,No,72,Yes,No,DSL,No,Yes,Yes,No,No,Yes,Two year,No,Mailed check,72.8,5036.58,No
C00295,Female,1,Yes,No,6,Yes,Yes,No,No internet service,No internet service,No internet service,No internet service,No internet service,No internet service,Month-to-month,No,Electronic check,18.0,18.0,Yes
C00296,Female,0,Yes,Yes,72,Yes,Yes,DSL,No,No,Yes,No,Yes,Yes,Two year,Yes,Mailed check,29.12,2258.51,No
C00297,Male,0,Yes,No,7,Yes,No,DSL,No,No,No,Yes,No,Yes,Month-to-month,Yes,Bank transfer (automatic),33.76,494.71,Yes
C00298,Male,1,No,No,14,Yes,Yes,Fiber optic,Yes,Yes,No,Yes,Yes,No,Month-to-month,Yes,Electronic check,55.21,1143.09,Yes
C00299,Female,0,Yes,No,18,Yes,Yes,Fiber optic,Yes,Yes,No,No,No,Yes,Month-to-month,Yes,Electronic check,62.97,877.37,Yes
C00300,Male,0,No,No,72,No,No phone service,Fiber optic,No,No,No,No,No,No,Two year,Yes,Mailed check,77.65,5375.99,No
C00301,Male,0,Yes,Yes,70,Yes,No,DSL,Yes,No,No,No,Yes,Yes,Month-to-month,Yes,Bank transfer (automatic),28.6,1645.14,No
C00302,Male,0,Yes,Yes,55,Yes,No,Fiber optic,No,No,Yes,No,Yes,Yes,Month-to-month,Yes,Electronic check,67.07,3916.18,No
C00303,Female,0,No,No,15,Yes,Yes,No,No internet service,No internet service,No internet service,No internet service,No internet service,No internet service,One year,Yes,Mailed check,39.1,795.39,No
C00304,Female,0,No,Yes,1,Yes,No,Fiber optic,No,No,Yes,No,No,No,Two year,No,Bank transfer (automatic),59.19,18.0,No
C00305,Male,0,Yes,Yes,36,Yes,Yes,Fiber optic,Yes,No,No,No,No,No,Two year,No,Mailed check,54.16,2124.08,No
C00306,Female,1,No,Yes,16,Yes,Yes,DSL,No,No,Yes,No,Yes,No,Two year,Yes,Electronic check,36.74,812.0,No
C00307,Female,0,No,Yes,45,Yes,Yes,Fiber optic,Yes,No,No,Yes,Yes,Yes,Two year,Yes,Mailed check,61.97,2786.68,No
C00308,Female,0,No,No,50,Yes,No,DSL,Yes,No,No,No,No,No,Month-to-month,Yes,Mailed check,62.69,3366.65,No
C00309,Female,0,No,No,18,Yes,Yes,Fiber optic,Yes,No,Yes,Yes,No,Yes,Month-to-month,Yes,Electronic check,109.16,2085.98,Yes
C00310,Female,0,No,No,44,Yes,No,Fiber optic,Yes,No,Yes,Yes,No,Yes,Two year,No,Credit card (automatic),55.41,2346.74,No
C00311,Male,0,Yes,No,58,Yes,No,Fiber optic,Yes,Yes,Yes,Yes,No,No,Two year,Yes,Bank transfer (automatic),77.83,4464.24,No
C00312,Female,0,No,Yes,72,No,No phone service,No,No internet service,No internet service,No internet service,No internet service,No internet service,No internet service,Month-to-month,No,Credit card (automatic),21.18,1238.97,No
C00313,Male,0,Yes,Yes,27,Yes,No,DSL,No,No,No,No,No,No,Month-to-month,Yes,Electronic check,36.95,1298.16,No
C00314,Male,0,No,No,48,Yes,No,Fiber optic,No,Yes,Yes,Yes,Yes,No,One year,No,Credit card (automatic),75.49,3516.3,No
C00315,Female,0,Yes,No,21,Yes,No,Fiber optic,Yes,Yes,Yes,No,No,No,Month-to-month,Yes,Mailed check,79.82,1889.0,Yes
C00316,Male,0,Yes,Yes,1,Yes,No,Fiber optic,No,No,No,No,Yes,No,Month-to-month,Yes,Electronic check,64.17,212.58,Yes
C00317,Male,0,No,No,5,Yes,No,DSL,No,Yes,Yes,Yes,Yes,No,Two year,Yes,Credit card (automatic),23.62,18.0,No
C00318,Male,0,Yes,No,4,Yes,No,DSL,No,No,No,No,No,No,Month-to-month,Yes,Electronic check,36.6,164.66,Yes
C00319,Female,0,Yes,No,6,Yes,No,No,No internet service,No internet service,No internet service,No internet service,No internet service,No internet service,Month-to-month,Yes,Bank transfer (automatic),18.0,18.0,No
C00320,Female,1,No,Yes,1,No,No phone service,Fiber optic,No,No,Yes,No,Yes,No,One year,Yes,Credit card (automatic),54.8,171.45,No
C00321,Male,0,No,No,62,Yes,No,Fiber optic,Yes,Yes,No,No,No,No,Two year,Yes,Credit card (automatic),90.13,5390.7,No
C00322,Female,0,No,Yes,26,Yes,No,No,No internet service,No internet service,No internet service,No internet service,No internet service,No internet service,Month-to-month,Yes,Electronic check,22.45,549.94,No
C00323,Female,0,Yes,No,15,Yes,Yes,DSL,Yes,No,No,No,Yes,Yes,Month-to-month,No,Credit card (automatic),43.63,600.67,No
C00324,Female,0,No,No,16,Yes,No,No,No internet service,No internet service,No internet service,No internet service,No internet service,No internet service,Month-to-month,No,Bank transfer (automatic),18.0,18.0,No
C00325,Female,0,Yes,No,19,Yes,No,DSL,Yes,No,Yes,No,No,Yes,Month-to-month,Yes,Credit card (automatic),50.94,770.02,No
C00326,Male,1,Yes,Yes,2,Yes,Yes,Fiber optic,No,Yes,Yes,Yes,Yes,Yes,Month-to-month,Yes,Bank transfer (automatic),94.74,459.81,Yes
C00327,Male,1,No,Yes,10,No,No phone service,Fiber optic,No,No,No,No,No,No,Month-to-month,No,Bank transfer (automatic),59.38,920.09,Yes
C00328,Female,0,No,No,61,Yes,Yes,Fiber optic,No,No,No,Yes,Yes,No,Month-to-month,Yes,Bank transfer (automatic),66.11,3790.71,No
C00329,Female,0,No,No,43,Yes,No,DSL,Yes,Yes,Yes,No,No,Yes,One year,Yes,Mailed check,64.75,2736.44,No
C00330,Male,0,No,No,26,Yes,No,Fiber optic,Yes,Yes,No,No,Yes,No,Month-to-month,Yes,Credit card (automatic),67.58,1720.79,Yes
C00331,Male,0,Yes,No,20,Yes,Yes,DSL,No,Yes,Yes,No,No,Yes,Month-to-month,Yes,Electronic check,57.09,1072.35,No
C00332,Female,0,No,Yes,9,Yes,Yes,DSL,No,Yes,Yes,No,No,No,Month-to-month,Yes,Electronic check,49.43,589.67,Yes
C00333,Male,0,Yes,No,20,Yes,Yes,DSL,Yes,Yes,Yes,Yes,Yes,No,Month-to-month,Yes,Bank transfer (automatic),56.81,1369.94,Yes
C00334,Female,0,No,Yes,29,Yes,No,Fiber optic,Yes,Yes,No,No,No,No,Two year,Yes,Bank transfer (automatic),44.71,1191.55,No
C00335,Female,0,No,Yes,39,Yes,Yes,Fiber optic,Yes,Yes,No,No,No,Yes,One year,Yes,Credit card (automatic),50.22,2073.02,No
C00336,Male,0,No,No,5,Yes,Yes,DSL,Yes,No,No,Yes,No,No,Two year,Yes,Bank transfer (automatic),61.36,216.08,No
C00337,Male,1,No,No,53,No,No phone service,DSL,No,Yes,No,Yes,Yes,Yes,Month-to-month,Yes,Electronic check,27.86,1718.06,No
C00338,Female,0,No,No,13,Yes,No,DSL,Yes,No,Yes,No,No,Yes,One year,No,Credit card (automatic),29.98,517.48,No
C00339,Female,0,No,No,22,Yes,No,Fiber optic,Yes,Yes,No,No,Yes,Yes,Month-to-month,Yes,Electronic check,50.7,964.76,Yes
C00340,Male,0,Yes,No,29,Yes,No,Fiber optic,No,No,No,No,No,Yes,Two year,Yes,Mailed check,25.26,737.74,No
C00341,Female,1,Yes,Yes,21,Yes,Yes,Fiber optic,No,Yes,Yes,No,No,No,Month-to-month,No,Bank transfer (automatic),69.4,1292.09,Yes
C00342,Male,1,No,No,27,No,No phone service,No,No internet service,No internet service,No internet service,No internet service,No internet service,No internet service,Month-to-month,No,Bank transfer (automatic),18.62,720.19,Yes
C00343,Female,0,No,No,3,Yes,No,Fiber optic,Yes,Yes,Yes,No,Yes,No,Month-to-month,Yes,Mailed check,61.08,34.37,Yes
C00344,Male,0,Yes,No,18,Yes,No,No,No internet service,No internet service,No internet service,No internet service,No internet service,No internet service,Month-to-month,No,Electronic check,63.2,1188.72,Yes
C00345,Male,0,Yes,No,10,Yes,Yes,Fiber optic,No,No,No,Yes,Yes,Yes,Month-to-month,Yes,Electronic check,61.79,443.64,Yes
C00346,Male,0,Yes,No,2,Yes,No,Fiber optic,No,Yes,No,No,Yes,Yes,Two year,Yes,Credit card (automatic),64.59,222.07,No
C00347,Female,0,No,No,6,Yes,Yes,Fiber optic,No,Yes,No,No,Yes,No,Month-to-month,Yes,Mailed check,83.15,402.61,Yes
C00348,Female,0,Yes,No,29,Yes,Yes,DSL,No,No,No,No,No,Yes,Month-to-month,Yes,Bank transfer (automatic),52.53,1311.18,No
C00349,Male,0,Yes,No,7,Yes,No,Fiber optic,No,Yes,No,No,No,Yes,Month-to-month,Yes,Bank transfer (automatic),73.62,484.67,Yes
C00350,Female,0,No,Yes,6,Yes,Yes,No,No internet service,No internet service,No internet service,No internet service,No internet service,No internet service,Two year,No,Bank transfer (automatic),22.98,238.51,No
C00351,Male,0,No,No,25,No,No phone service,DSL,No,Yes,No,No,Yes,No,Month-to-month,Yes,Bank transfer (automatic),63.09,1354.6,No
C00352,Male,1,Yes,Yes,72,Yes,No,DSL,No,Yes,Yes,Yes,Yes,Yes,Month-to-month,No,Electronic check,39.29,2638.73,No
C00353,Female,0,Yes,Yes,49,Yes,Yes,Fiber optic,No,Yes,No,Yes,No,No,Month-to-month,Yes,Electronic check,72.74,3667.08,No
C00354,Female,0,No,Yes,72,Yes,No,Fiber optic,No,No,No,No,Yes,No,Month-to-month,No,Electronic check,75.61,5491.8,No
C00355,Male,0,Yes,Yes,27,Yes,No,Fiber optic,No,No,Yes,Yes,Yes,Yes,One year,Yes,Bank transfer (automatic),47.08,1600.54,No
C00356,Female,0,No,No,16,Yes,No,DSL,Yes,Yes,Yes,Yes,Yes,Yes,Month-to-month,No,Electronic check,43.83,338.95,No
C00357,Female,0,No,No,41,Yes,No,DSL,No,No,No,Yes,No,Yes,Month-to-month,No,Electronic check,44.11,1844.32,Yes
C00358,Male,0,Yes,Yes,9,Yes,No,Fiber optic,No,No,No,No,No,Yes,Month-to-month,Yes,Credit card (automatic),68.17,886.25,Yes
C00359,Male,1,No,Yes,2,Yes,No,Fiber optic,Yes,Yes,Yes,No,Yes,No,Two year,Yes,Bank transfer (automatic),52.61,356.13,Yes
C00360,Female,0,Yes,No,13,Yes,No,Fiber optic,No,Yes,Yes,Yes,Yes,Yes,Two year,No,Mailed check,45.23,764.75,No
C00361,Male,0,Yes,Yes,11,Yes,No,Fiber optic,No,No,Yes,No,No,No,One year,Yes,Electronic check,72.92,742.63,Yes
C00362,Male,0,No,No,36,Yes,No,Fiber optic,Yes,No,Yes,Yes,No,Yes,Two year,Yes,Mailed check,51.09,1946.49,No
C00363,Female,0,No,Yes,25,Yes,No,DSL,No,No,No,Yes,Yes,No,Two year,No,Mailed check,43.31,1043.64,No
C00364,Male,0,Yes,Yes,4,Yes,No,DSL,Yes,Yes,Yes,No,No,No,One year,No,Mailed check,60.22,18.0,No
C00365,Male,0,Yes,No,72,Yes,No,Fiber optic,Yes,No,No,No,Yes,No,Month-to-month,No,Mailed check,92.31,6513.66,No
C00366,Female,0,Yes,No,28,No,No phone service,Fiber optic,No,Yes,Yes,No,Yes,No,Month-to-month,No,Electronic check,64.7,1922.84,No
C00367,Female,0,Yes,No,19,Yes,Yes,DSL,Yes,No,No,No,Yes,Yes,One year,Yes,Electronic check,56.1,1218.64,No
C00368,Male,0,No,Yes,72,Yes,Yes,DSL,Yes,Yes,Yes,Yes,No,Yes,Month-to-month,Yes,Electronic check,38.1,2828.55,No
C00369,Male,0,Yes,No,3,Yes,No,No,No internet service,No internet service,No internet service,No internet service,No internet service,No internet service,Month-to-month,Yes,Mailed check,18.0,18.0,No
C00370,Female,0,No,No,49,Yes,No,DSL,No,No,No,No,No,Yes,Month-to-month,No,Credit card (automatic),47.28,2345.67,No
C00371,Female,0,Yes,Yes,14,Yes,No,No,No internet service,No internet service,No internet service,No internet service,No internet service,No internet service,Two year,Yes,Mailed check,26.32,469.72,No
C00372,Female,0,No,Yes,38,Yes,No,No,No internet service,No internet service,No internet service,No internet service,No internet service,No internet service,Month-to-month,No,Electronic check,22.62,568.19,No
C00373,Female,0,No,Yes,72,Yes,Yes,Fiber optic,No,Yes,No,No,No,Yes,Two year,No,Bank transfer (automatic),59.38,4513.56,No
C00374,Male,1,No,No,23,Yes,Yes,Fiber optic,No,No,Yes,No,No,Yes,Two year,Yes,Electronic check,103.62,2524.58,Yes
C00375,Female,0,Yes,Yes,1,Yes,No,Fiber optic,No,No,Yes,No,No,Yes,Two year,No,Electronic check,77.9,67.08,Yes
C00376,Female,0,Yes,No,1,Yes,Yes,DSL,No,No,No,No,No,Yes,Two year,Yes,Electronic check,66.6,18.0,No
C00377,Male,1,Yes,Yes,12,Yes,Yes,Fiber optic,No,No,No,No,No,Yes,Two year,Yes,Electronic check,69.6,566.15,Yes
C00378,Female,0,No,Yes,48,Yes,No,No,No internet service,No internet service,No internet service,No internet service,No internet service,No internet service,Month-to-month,No,Mailed check,23.13,1221.65,No
C00379,Male,0,No,Yes,10,Yes,Yes,Fiber optic,No,No,No,Yes,Yes,Yes,Month-to-month,Yes,Bank transfer (automatic),88.13,752.62,Yes
C00380,Female,0,No,No,13,Yes,No,No,No internet service,No internet service,No internet service,No internet service,No internet service,No internet service,Month-to-month,No,Bank transfer (automatic),20.06,189.99,No
C00381,Female,0,No,Yes,49,Yes,Yes,No,No internet service,No internet service,No internet service,No internet service,No internet service,No internet service,Month-to-month,Yes,Mailed check,18.0,868.62,No
C00382,Female,0,Yes,No,3,Yes,No,DSL,No,Yes,No,No,No,Yes,Two year,Yes,Credit card (automatic),51.73,18.0,No
C00383,Male,0,No,No,60,Yes,No,Fiber optic,No,Yes,Yes,Yes,No,Yes,Two year,Yes,Electronic check,69.01,4250.06,No
C00384,Male,0,No,No,9,Yes,No,Fiber optic,Yes,Yes,Yes,No,Yes,No,Two year,No,Mailed check,76.73,1085.92,No
C00385,Female,0,Yes,No,1,Yes,Yes,No,No internet service,No internet service,No internet service,No internet service,No internet service,No internet service,Month-to-month,No,Bank transfer (automatic),18.0,136.1,No
C00386,Male,1,Yes,No,3,Yes,No,DSL,No,Yes,Yes,No,No,No,Month-to-month,No,Electronic check,39.25,45.7,Yes
C00387,Male,0,No,No,72,Yes,Yes,Fiber optic,No,Yes,Yes,No,Yes,Yes,One year,No,Mailed check,86.3,6468.16,No
C00388,Male,1,Yes,No,19,Yes,Yes,Fiber optic,No,Yes,Yes,Yes,Yes,No,One year,Yes,Electronic check,83.45,1381.55,No
C00389,Male,0,Yes,Yes,9,Yes,Yes,Fiber optic,Yes,Yes,No,Yes,No,No,Two year,No,Electronic check,43.26,268.23,No
C00390,Male,0,No,Yes,23,Yes,No,DSL,No,No,Yes,No,No,No,Month-to-month,No,Electronic check,46.02,1124.57,Yes
C00391,Male,0,No,No,36,No,No phone service,No,No internet service,No internet service,No internet service,No internet service,No internet service,No internet service,Month-to-month,Yes,Credit card (automatic),49.81,1305.94,No
C00392,Female,0,Yes,No,12,Yes,No,Fiber optic,No,No,No,No,Yes,Yes,Two year,No,Bank transfer (automatic),76.75,1112.37,No
C00393,Female,0,Yes,No,41,Yes,No,Fiber optic,No,No,No,Yes,No,Yes,One year,Yes,Bank transfer (automatic),84.22,3400.33,No
C00394,Male,0,No,Yes,9,Yes,Yes,DSL,Yes,Yes,No,Yes,Yes,Yes,Two year,Yes,Electronic check,46.7,608.04,No
C00395,Female,0,No,No,3,Yes,No,Fiber optic,Yes,No,No,Yes,No,No,Month-to-month,Yes,Mailed check,45.88,200.08,Yes
C00396,Female,1,Yes,No,25,Yes,No,No,No internet service,No internet service,No internet service,No internet service,No internet service,No internet service,One year,Yes,Bank transfer (automatic),18.0,558.55,No
C00397,Female,0,No,No,5,Yes,Yes,DSL,Yes,Yes,Yes,Yes,No,No,One year,Yes,Bank transfer (automatic),18.0,343.37,No
C00398,Female,0,No,No,72,Yes,Yes,No,No internet service,No internet service,No internet service,No internet service,No internet service,No internet service,Two year,Yes,Mailed check,29.61,2195.66,No
C00399,Male,0,No,No,1,Yes,Yes,Fiber optic,No,Yes,Yes,No,No,No,Two year,No,Credit card (automatic),69.7,162.72,Yes
C00400,Female,0,Yes,Yes,45,Yes,No,No,No internet service,No internet service,No internet service,No internet service,No internet service,No internet service,Month-to-month,Yes,Electronic check,32.87,1299.77,No
C00401,Female,0,Yes,No,10,Yes,Yes,Fiber optic,No,No,Yes,No,No,No,Month-to-month,No,Credit card (automatic),81.77,916.32,Yes
C00402,Male,0,No,No,59,Yes,Yes,DSL,No,No,No,No,No,Yes,Month-to-month,No,Mailed check,58.21,3308.36,No
C00403,Male,0,Yes,No,1,Yes,No,Fiber optic,No,Yes,Yes,No,Yes,Yes,Two year,No,Bank transfer (automatic),82.94,166.44,Yes
C00404,Female,1,No,No,72,Yes,Yes,DSL,Yes,No,No,Yes,Yes,No,Month-to-month,No,Mailed check,18.0,1163.35,No
C00405,Female,0,Yes,No,3,Yes,Yes,DSL,Yes,No,Yes,No,Yes,No,Two year,Yes,Mailed check,43.21,179.7,No
C00406,Female,0,Yes,Yes,49,Yes,No,Fiber optic,No,Yes,No,Yes,Yes,No,Month-to-month,No,Electronic check,54.53,2605.82,No
C00407,Female,0,Yes,Yes,23,Yes,Yes,DSL,Yes,No,Yes,No,No,Yes,Month-to-month,No,Mailed check,44.71,983.82,No
C00408,Female,0,Yes,No,18,Yes,No,No,No internet service,No internet service,No internet service,No internet service,No internet service,No internet service,Month-to-month,No,Electronic check,36.74,424.78,No
C00409,Female,0,No,No,10,Yes,No,Fiber optic,No,No,No,No,No,Yes,Two year,Yes,Mailed check,80.0,880.08,Yes
C00410,Male,0,Yes,Yes,58,Yes,Yes,No,No internet service,No internet service,No internet service,No internet service,No internet service,No internet service,One year,Yes,Bank transfer (automatic),19.61,1260.05,No
C00411,Female,1,No,No,7,Yes,No,Fiber optic,No,No,No,Yes,No,Yes,Month-to-month,Yes,Electronic check,82.47,656.27,Yes
C00412,Female,0,No,No,40,Yes,Yes,Fiber optic,No,No,Yes,Yes,No,Yes,Month-to-month,No,Bank transfer (automatic),75.5,3202.99,Yes
C00413,Male,0,Yes,Yes,18,Yes,Yes,DSL,Yes,Yes,No,No,No,No,Month-to-month,No,Mailed check,49.78,587.0,No
C00414,Male,1,No,Yes,72,Yes,Yes,Fiber optic,Yes,No,Yes,Yes,No,No,Month-to-month,No,Credit card (automatic),64.19,4382.85,No
C00415,Male,0,Yes,Yes,30,Yes,Yes,Fiber optic,No,Yes,Yes,No,No,Yes,Month-to-month,Yes,Electronic check,49.19,1438.07,Yes
C00416,Male,0,No,No,3,Yes,No,No,No internet service,No internet service,No internet service,No internet service,No internet service,No internet service,One year,Yes,Electronic check,32.64,18.0,No
C00417,Female,0,No,No,17,Yes,Yes,DSL,No,Yes,No,No,No,No,One year,No,Mailed check,79.6,1395.86,No
C00418,Female,0,Yes,No,2,Yes,Yes,Fiber optic,No,Yes,No,No,No,No,Month-to-month,No,Mailed check,65.9,195.35,Yes
C00419,Female,0,Yes,No,10,Yes,No,Fiber optic,No,No,No,No,No,Yes,Two year,No,Mailed check,74.93,523.36,No
C00420,Female,0,No,No,13,Yes,Yes,Fiber optic,No,No,No,Yes,Yes,Yes,Month-to-month,Yes,Mailed check,66.26,994.7,Yes
C00421,Female,0,No,No,61,Yes,Yes,DSL,No,No,No,No,Yes,No,Two year,No,Credit card (automatic),70.99,4479.2,No
C00422,Female,0,Yes,No,58,Yes,No,Fiber optic,Yes,No,Yes,Yes,No,No,One year,Yes,Electronic check,88.44,5097.13,No
C00423,Male,0,No,No,1,Yes,No,No,No internet service,No internet service,No internet service,No internet service,No internet service,No internet service,Two year,No,Credit card (automatic),33.48,18.0,No
C00424,Female,0,Yes,Yes,24,Yes,Yes,No,No internet service,No internet service,No internet service,No internet service,No internet service,No internet service,One year,No,Bank transfer (automatic),31.07,798.55,No
C00425,Male,0,No,No,8,Yes,Yes,Fiber optic,No,Yes,Yes,Yes,Yes,No,Month-to-month,No,Bank transfer (automatic),72.97,920.05,Yes
C00426,Male,0,Yes,No,12,Yes,Yes,No,No internet service,No internet service,No internet service,No internet service,No internet service,No internet service,Month-to-month,Yes,Credit card (automatic),18.0,355.8,No
C00427,Female,0,No,Yes,1,Yes,Yes,No,No internet service,No internet service,No internet service,No internet service,No internet service,No internet service,Month-to-month,No,Mailed check,33.41,18.0,Yes
C00428,Male,0,Yes,No,44,Yes,Yes,Fiber optic,Yes,No,Yes,No,No,Yes,Two year,No,Credit card (automatic),57.38,2513.88,No
C00429,Female,0,No,No,72,Yes,Yes,Fiber optic,Yes,No,Yes,No,Yes,No,One year,Yes,Mailed check,64.59,4705.34,No
C00430,Male,1,No,No,7,Yes,Yes,Fiber optic,No,No,Yes,Yes,No,No,Two year,No,Bank transfer (automatic),77.16,519.47,Yes
C00431,Female,0,No,No,13,Yes,Yes,DSL,Yes,Yes,No,No,Yes,Yes,Month-to-month,Yes,Electronic check,18.0,304.74,Yes
C00432,Male,0,No,Yes,7,Yes,Yes,Fiber optic,No,No,No,Yes,No,Yes,Month-to-month,No,Credit card (automatic),85.63,763.78,Yes
C00433,Female,0,No,No,72,Yes,No,Fiber optic,Yes,No,No,No,No,Yes,Month-to-month,No,Electronic check,84.83,6752.77,No
C00434,Female,0,No,No,1,Yes,Yes,DSL,No,No,Yes,No,Yes,Yes,Month-to-month,Yes,Credit card (automatic),48.82,18.0,Yes
C00435,Female,0,No,No,28,Yes,Yes,No,No internet service,No internet service,No internet service,No internet service,No internet service,No internet service,Two year,No,Electronic check,24.48,687.64,No
C00436,Female,1,No,No,65,Yes,Yes,DSL,Yes,Yes,Yes,Yes,Yes,Yes,Month-to-month,Yes,Electronic check,30.12,2300.97,No
C00437,Female,0,No,No,6,Yes,Yes,DSL,Yes,Yes,No,Yes,Yes,Yes,Month-to-month,Yes,Bank transfer (automatic),54.68,18.0,No
C00438,Male,0,No,Yes,28,Yes,No,Fiber optic,No,Yes,No,No,Yes,Yes,Month-to-month,Yes,Electronic check,59.27,1718.88,Yes
C00439,Male,0,Yes,No,1,No,No phone service,Fiber optic,No,No,No,No,No,No,Two year,No,Mailed check,52.68,18.0,No
C00440,Male,1,No,No,53,No,No phone service,DSL,Yes,No,No,Yes,Yes,No,Month-to-month,No,Mailed check,54.76,3134.8,No
C00441,Female,0,Yes,No,10,Yes,Yes,DSL,Yes,Yes,No,No,No,No,One year,Yes,Mailed check,46.43,528.5,No
C00442,Male,1,No,No,72,Yes,No,DSL,Yes,Yes,No,No,No,Yes,Month-to-month,No,Credit card (automatic),73.01,5348.79,No
C00443,Female,0,No,No,72,Yes,Yes,DSL,No,Yes,Yes,Yes,Yes,No,Month-to-month,No,Mailed check,58.51,4743.64,No
C00444,Female,0,No,No,42,Yes,No,DSL,No,Yes,Yes,Yes,Yes,No,Month-to-month,No,Bank transfer (automatic),33.08,1257.94,No
C00445,Male,0,Yes,Yes,21,Yes,Yes,Fiber optic,No,No,No,No,No,Yes,Two year,Yes,Credit card (automatic),72.51,1521.87,No
C00446,Male,0,Yes,No,46,Yes,No,DSL,Yes,Yes,Yes,Yes,No,Yes,One year,Yes,Bank transfer (automatic),51.81,2521.63,No
C00447,Female,0,No,No,4,Yes,Yes,DSL,No,Yes,No,No,No,Yes,Month-to-month,Yes,Bank transfer (automatic),41.82,39.14,Yes
C00448,Male,0,Yes,Yes,11,Yes,Yes,Fiber optic,No,Yes,No,Yes,Yes,Yes,Month-to-month,Yes,Mailed check,62.78,802.4,Yes
C00449,Female,0,Yes,Yes,1,Yes,Yes,Fiber optic,Yes,No,No,No,No,Yes,Month-to-month,No,Credit card (automatic),48.1,18.0,Yes
C00450,Female,0,No,No,33,Yes,No,Fiber optic,Yes,No,No,Yes,Yes,No,Month-to-month,No,Bank transfer (automatic),92.61,2977.1,Yes
C00451,Female,0,No,No,52,No,No phone service,DSL,Yes,No,Yes,Yes,Yes,Yes,One year,Yes,Credit card (automatic),52.28,2849.36,No
C00452,Female,0,Yes,Yes,72,Yes,No,DSL,No,No,No,Yes,Yes,No,Month-to-month,Yes,Electronic check,19.06,1337.36,No
C00453,Female,0,No,Yes,37,Yes,Yes,No,No internet service,No internet service,No internet service,No internet service,No internet service,No internet service,Month-to-month,Yes,Electronic check,50.25,1876.19,No
C00454,Male,0,Yes,Yes,42,Yes,No,Fiber optic,Yes,Yes,No,Yes,No,No,Month-to-month,No,Mailed check,82.91,3723.52,Yes
C00455,Male,0,No,Yes,72,Yes,Yes,No,No internet service,No internet service,No internet service,No internet service,No internet service,No internet service,Month-to-month,No,Bank transfer (automatic),43.3,3205.69,No
C00456,Female,0,Yes,No,72,Yes,No,Fiber optic,Yes,No,No,Yes,Yes,Yes,Month-to-month,No,Credit card (automatic),109.11,7902.22,No
C00457,Female,0,No,No,21,Yes,Yes,Fiber optic,No,Yes,Yes,Yes,No,No,Month-to-month,Yes,Credit card (automatic),74.05,1693.34,Yes
C00458,Male,0,Yes,No,3,Yes,No,No,No internet service,No internet service,No internet service,No internet service,No internet service,No internet service,Month-to-month,Yes,Electronic check,25.13,118.22,Yes
C00459,Male,0,No,No,20,Yes,No,No,No internet service,No internet service,No internet service,No internet service,No internet service,No internet service,Month-to-month,No,Bank transfer (automatic),18.0,18.0,No
C00460,Female,0,Yes,No,25,Yes,No,Fiber optic,No,No,Yes,No,No,No,Month-to-month,Yes,Electronic check,72.43,1525.43,Yes
C00461,Male,0,No,No,31,Yes,No,DSL,No,No,No,Yes,Yes,No,Month-to-month,Yes,Mailed check,38.18,1250.98,No
C00462,Female,0,Yes,No,72,Yes,Yes,Fiber optic,No,No,No,No,Yes,No,Month-to-month,Yes,Electronic check,60.12,4403.12,No
C00463,Male,0,Yes,No,72,Yes,No,Fiber optic,No,No,Yes,No,No,No,One year,No,Electronic check,49.98,3929.3,No
C00464,Female,0,No,No,16,Yes,No,No,No internet service,No internet service,No internet service,No internet service,No internet service,No internet service,Two year,No,Electronic check,28.94,400.33,No
C00465,Male,0,No,No,3,Yes,Yes,Fiber optic,Yes,No,No,No,Yes,No,One year,No,Electronic check,58.99,18.0,Yes
C00466,Female,0,Yes,No,7,Yes,No,DSL,No,No,No,Yes,No,Yes,Month-to-month,No,Electronic check,59.12,435.95,Yes
C00467,Male,0,Yes,Yes,6,Yes,No,Fiber optic,No,No,No,No,No,No,Month-to-month,Yes,Credit card (automatic),50.52,655.16,Yes
C00468,Male,0,Yes,Yes,14,Yes,Yes,DSL,Yes,Yes,Yes,Yes,Yes,No,Two year,No,Bank transfer (automatic),18.0,115.97,No
C00469,Female,0,Yes,No,66,Yes,No,Fiber optic,No,No,No,No,No,No,Month-to-month,No,Electronic check,96.42,6219.9,No
C00470,Male,0,Yes,No,18,Yes,No,Fiber optic,Yes,Yes,No,No,Yes,Yes,Two year,Yes,Mailed check,89.24,1505.1,No
C00471,Female,0,Yes,No,26,Yes,No,DSL,No,No,Yes,No,Yes,No,One year,Yes,Electronic check,29.66,860.62,No
C00472,Male,1,No,No,6,Yes,Yes,No,No internet service,No internet service,No internet service,No internet service,No internet service,No internet service,One year,No,Bank transfer (automatic),18.0,49.4,No
C00473,Female,0,No,Yes,21,Yes,Yes,Fiber optic,No,No,No,No,Yes,No,Month-to-month,Yes,Credit card (automatic),70.76,1172.77,Yes
C00474,Male,0,Yes,No,66,Yes,Yes,No,No internet service,No internet service,No internet service,No internet service,No internet service,No internet service,Two year,Yes,Mailed check,33.07,2374.56,No
C00475,Female,0,No,No,47,No,No phone service,Fiber optic,Yes,Yes,No,No,No,No,Month-to-month,Yes,Credit card (automatic),82.17,4077.59,Yes
C00476,Male,0,No,Yes,2,Yes,No,No,No internet service,No internet service,No internet service,No internet service,No internet service,No internet service,Month-to-month,Yes,Electronic check,18.0,104.79,No
C00477,Female,0,Yes,No,63,Yes,No,Fiber optic,Yes,No,Yes,Yes,No,Yes,One year,Yes,Bank transfer (automatic),69.19,4112.15,No
C00478,Male,0,Yes,No,10,Yes,Yes,No,No internet service,No internet service,No internet service,No internet service,No internet service,No internet service,Month-to-month,Yes,Mailed check,24.71,170.62,No
C00479,Female,0,No,No,35,Yes,No,Fiber optic,Yes,No,No,No,Yes,No,Month-to-month,Yes,Credit card (automatic),50.36,1932.46,Yes
C00480,Female,0,Yes,No,5,Yes,Yes,DSL,Yes,Yes,Yes,Yes,No,No,Month-to-month,Yes,Electronic check,40.96,30.7,Yes
C00481,Female,1,Yes,No,35,Yes,No,DSL,No,Yes,Yes,No,Yes,No,Month-to-month,Yes,Electronic check,47.49,1508.98,Yes
C00482,Male,0,No,No,1,Yes,No,No,No internet service,No internet service,No internet service,No internet service,No internet service,No internet service,One year,Yes,Mailed check,20.23,18.0,No
C00483,Female,0,No,No,29,Yes,No,Fiber optic,No,No,Yes,No,No,Yes,Month-to-month,Yes,Bank transfer (automatic),100.91,2965.14,Yes
C00484,Male,0,Yes,No,33,Yes,No,DSL,No,No,Yes,Yes,No,No,Two year,No,Electronic check,43.75,1591.71,No
C00485,Female,0,No,No,8,Yes,Yes,Fiber optic,Yes,Yes,No,Yes,Yes,No,Two year,Yes,Credit card (automatic),46.19,408.46,Yes
C00486,Male,0,No,No,72,Yes,No,DSL,No,Yes,No,No,Yes,Yes,Month-to-month,No,Mailed check,47.79,3388.78,No
C00487,Female,0,No,No,1,Yes,Yes,No,No internet service,No internet service,No internet service,No internet service,No internet service,No internet service,Month-to-month,Yes,Mailed check,18.0,18.0,Yes
C00488,Male,0,No,No,71,Yes,No,Fiber optic,No,Yes,Yes,Yes,Yes,Yes,Month-to-month,Yes,Mailed check,72.87,4864.52,No
C00489,Male,0,Yes,No,15,Yes,No,DSL,No,Yes,Yes,Yes,No,Yes,Month-to-month,Yes,Mailed check,20.76,565.78,No
C00490,Female,0,No,No,40,Yes,No,DSL,Yes,No,No,No,No,No,Month-to-month,Yes,Mailed check,52.03,2213.28,No
C00491,Male,0,Yes,No,33,Yes,No,Fiber optic,Yes,No,No,Yes,No,Yes,Month-to-month,No,Electronic check,81.81,2635.8,Yes
C00492,Male,0,Yes,No,5,Yes,Yes,No,No internet service,No internet service,No internet service,No internet service,No internet service,No internet service,Month-to-month,No,Electronic check,21.8,18.0,No
C00493,Female,1,Yes,Yes,12,Yes,No,Fiber optic,No,Yes,Yes,No,No,Yes,Month-to-month,No,Mailed check,55.35,515.06,Yes
C00494,Male,0,Yes,No,24,Yes,No,Fiber optic,Yes,Yes,No,No,No,No,Month-to-month,No,Bank transfer (automatic),76.39,1772.86,No
C00495,Male,0,Yes,No,59,Yes,Yes,Fiber optic,No,No,No,No,Yes,No,Month-to-month,Yes,Mailed check,62.05,3907.06,No
C00496,Male,0,Yes,No,72,Yes,No,Fiber optic,No,No,Yes,No,Yes,Yes,Two year,Yes,Electronic check,76.09,5208.57,No
C00497,Female,0,Yes,No,1,Yes,Yes,No,No internet service,No internet service,No internet service,No internet service,No internet service,No internet service,Month-to-month,No,Mailed check,22.29,18.0,No
C00498,Male,0,No,No,13,Yes,No,Fiber optic,No,No,Yes,No,No,No,Month-to-month,Yes,Mailed check,39.73,340.22,Yes
C00499,Female,0,Yes,No,35,Yes,No,DSL,Yes,No,No,No,No,No,Two year,No,Electronic check,63.12,2291.25,No
C00500,Male,1,No,No,24,Yes,No,DSL,Yes,No,No,No,No,Yes,Two year,No,Mailed check,56.91,1333.64,No
C00501,Male,0,Yes,Yes,72,Yes,Yes,Fiber optic,Yes,Yes,No,Yes,No,No,One year,Yes,Bank transfer (automatic),94.66,6728.65,No
C00502,Male,0,Yes,Yes,1,Yes,Yes,Fiber optic,Yes,No,Yes,Yes,No,Yes,Month-to-month,Yes,Electronic check,46.38,113.04,Yes
C00503,Female,0,Yes,No,18,Yes,No,Fiber optic,No,No,Yes,Yes,No,Yes,Month-to-month,Yes,Electronic check,43.19,475.05,Yes
C00504,Male,0,Yes,Yes,35,Yes,No,Fiber optic,No,Yes,Yes,Yes,No,No,Month-to-month,No,Bank transfer (automatic),68.85,2308.98,No
C00505,Male,0,No,No,7,Yes,No,Fiber optic,Yes,Yes,Yes,No,No,Yes,Month-to-month,Yes,Bank transfer (automatic),52.2,341.26,Yes
C00506,Female,0,Yes,No,41,Yes,Yes,DSL,No,Yes,Yes,No,No,No,Month-to-month,No,Bank transfer (automatic),40.43,1242.75,No
C00507,Male,0,No,No,2,Yes,No,Fiber optic,No,No,Yes,No,Yes,No,Month-to-month,No,Mailed check,65.17,287.6,Yes
C00508,Female,0,No,No,19,Yes,Yes,Fiber optic,No,Yes,No,No,Yes,No,One year,Yes,Electronic check,68.97,1380.94,No
C00509,Female,0,Yes,No,36,No,No phone service,No,No internet service,No internet service,No internet service,No internet service,No internet service,No internet service,One year,Yes,Electronic check,18.0,607.92,No
C00510,Male,1,No,No,9,Yes,No,DSL,Yes,Yes,Yes,No,Yes,No,One year,No,Electronic check,33.95,165.73,No
C00511,Female,0,Yes,No,2,No,No phone service,DSL,No,No,No,Yes,Yes,No,Month-to-month,No,Electronic check,44.69,447.21,Yes
C00512,Male,0,No,Yes,72,Yes,Yes,DSL,No,No,Yes,Yes,No,No,Two year,Yes,Mailed check,29.9,2348.87,No
C00513,Female,0,No,No,72,Yes,No,DSL,Yes,Yes,No,Yes,Yes,Yes,Month-to-month,No,Bank transfer (automatic),51.73,3437.63,No
C00514,Female,0,Yes,No,72,No,No phone service,Fiber optic,Yes,Yes,Yes,No,Yes,Yes,Month-to-month,Yes,Bank transfer (automatic),104.4,7309.15,No
C00515,Male,0,Yes,Yes,72,No,No phone service,Fiber optic,Yes,No,No,Yes,Yes,Yes,Month-to-month,Yes,Bank transfer (automatic),58.11,3756.87,No
C00516,Female,0,Yes,No,6,Yes,No,Fiber optic,No,Yes,Yes,No,No,Yes,One year,Yes,Credit card (automatic),71.23,327.77,No
C00517,Female,0,Yes,No,5,Yes,No,Fiber optic,Yes,No,No,No,No,No,Month-to-month,No,Credit card (automatic),60.22,107.48,Yes
C00518,Female,0,No,No,1,Yes,Yes,DSL,No,No,No,Yes,Yes,No,Month-to-month,Yes,Electronic check,29.1,104.87,Yes
C00519,Female,0,Yes,Yes,71,Yes,No,Fiber optic,Yes,Yes,No,Yes,No,Yes,One year,Yes,Electronic check,71.55,5242.87,No
C00520,Female,1,Yes,No,44,Yes,No,DSL,Yes,Yes,No,No,No,Yes,Two year,Yes,Bank transfer (automatic),58.06,2355.65,No
C00521,Male,0,Yes,No,32,Yes,Yes,DSL,Yes,Yes,No,No,Yes,Yes,Month-to-month,Yes,Credit card (automatic),64.79,2095.28,No
C00522,Female,0,No,No,72,Yes,Yes,No,No internet service,No internet service,No internet service,No internet service,No internet service,No internet service,Two year,Yes,Mailed check,18.0,1174.59,No
C00523,Male,0,Yes,No,27,Yes,Yes,DSL,No,No,No,No,No,Yes,Two year,Yes,Electronic check,50.6,1633.77,No
C00524,Female,0,No,No,4,No,No phone service,DSL,No,No,No,Yes,Yes,No,Month-to-month,Yes,Bank transfer (automatic),77.49,231.83,Yes
C00525,Male,0,No,Yes,6,Yes,Yes,Fiber optic,Yes,Yes,Yes,Yes,No,Yes,One year,No,Mailed check,67.79,540.75,No
C00526,Male,0,No,No,4,Yes,No,Fiber optic,Yes,No,No,No,No,Yes,Two year,Yes,Electronic check,105.99,405.41,Yes
C00527,Female,0,No,Yes,11,Yes,No,DSL,No,No,No,Yes,No,No,One year,Yes,Bank transfer (automatic),31.37,500.52,No
C00528,Female,0,Yes,Yes,15,Yes,No,DSL,No,Yes,Yes,No,Yes,Yes,Month-to-month,Yes,Mailed check,18.0,166.64,Yes
C00529,Female,0,Yes,Yes,51,Yes,No,Fiber optic,Yes,No,No,No,Yes,No,One year,Yes,Bank transfer (automatic),95.35,4822.55,No
C00530,Male,0,No,No,6,Yes,No,No,No internet service,No internet service,No internet service,No internet service,No internet service,No internet service,One year,Yes,Bank transfer (automatic),25.11,58.1,No
C00531,Female,0,No,No,41,Yes,No,No,No internet service,No internet service,No internet service,No internet service,No internet service,No internet service,Month-to-month,No,Credit card (automatic),18.0,760.95,No
C00532,Male,0,No,Yes,21,Yes,Yes,No,No internet service,No internet service,No internet service,No internet service,No internet service,No internet service,Month-to-month,Yes,Bank transfer (automatic),40.27,1005.47,No
C00533,Male,0,Yes,No,72,Yes,No,Fiber optic,Yes,No,No,No,Yes,No,Month-to-month,No,Credit card (automatic),90.34,6546.69,No
C00534,Male,0,Yes,Yes,47,Yes,Yes,DSL,Yes,Yes,No,Yes,No,No,One year,Yes,Mailed check,55.23,2594.8,No
C00535,Female,0,No,No,72,Yes,No,DSL,No,No,Yes,No,No,No,Month-to-month,No,Mailed check,29.29,1879.28,No
C00536,Female,0,Yes,No,13,Yes,Yes,DSL,No,No,No,Yes,No,No,Month-to-month,Yes,Electronic check,35.93,325.77,Yes
C00537,Male,0,Yes,No,4,Yes,No,DSL,Yes,No,No,No,Yes,Yes,Two year,Yes,Electronic check,49.04,75.56,No
C00538,Male,0,Yes,No,22,Yes,No,Fiber optic,Yes,No,No,No,Yes,No,Two year,No,Bank transfer (automatic),97.37,2309.18,No
C00539,Female,0,No,No,4,Yes,Yes,Fiber optic,No,No,No,No,No,No,Two year,Yes,Electronic check,74.22,311.09,Yes
C00540,Male,0,Yes,No,21,Yes,Yes,DSL,No,Yes,Yes,No,Yes,Yes,One year,Yes,Bank transfer (automatic),38.43,717.65,No
C00541,Female,0,Yes,Yes,10,No,No phone service,Fiber optic,Yes,No,Yes,No,No,No,Month-to-month,No,Bank transfer (automatic),90.96,864.6,Yes
C00542,Male,0,No,Yes,21,Yes,No,DSL,No,Yes,No,Yes,Yes,No,One year,Yes,Electronic check,28.79,572.15,No
C00543,Female,0,Yes,No,72,Yes,No,Fiber optic,No,No,No,Yes,Yes,No,Month-to-month,No,Mailed check,58.44,4032.38,No
C00544,Male,0,No,No,10,Yes,No,Fiber optic,No,No,No,No,No,No,Month-to-month,No,Credit card (automatic),62.37,579.95,Yes
C00545,Female,0,No,No,72,No,No phone service,DSL,No,Yes,Yes,No,Yes,No,Two year,Yes,Credit card (automatic),63.46,4550.0,No
C00546,Male,0,Yes,Yes,8,Yes,Yes,Fiber optic,Yes,No,No,No,No,No,Month-to-month,Yes,Mailed check,33.78,87.54,No
C00547,Female,1,No,No,7,Yes,No,No,No internet service,No internet service,No internet service,No internet service,No internet service,No internet service,Month-to-month,Yes,Bank transfer (automatic),18.0,145.47,No
C00548,Female,0,No,Yes,25,Yes,Yes,Fiber optic,No,Yes,Yes,No,Yes,Yes,Month-to-month,Yes,Electronic check,67.64,1477.47,Yes
C00549,Male,0,Yes,Yes,59,Yes,No,Fiber optic,No,No,Yes,No,No,Yes,Month-to-month,No,Electronic check,82.75,4678.92,No
C00550,Male,1,Yes,No,44,Yes,No,Fiber optic,No,No,Yes,Yes,Yes,No,Month-to-month,No,Credit card (automatic),51.27,2414.1,Yes
C00551,Female,1,No,No,41,Yes,No,No,No internet service,No internet service,No internet service,No internet service,No internet service,No internet service,Month-to-month,Yes,Mailed check,18.0,579.79,No
C00552,Male,0,Yes,No,10,Yes,Yes,DSL,Yes,Yes,No,No,No,No,Month-to-month,Yes,Electronic check,42.25,564.91,Yes
C00553,Female,0,No,No,1,Yes,Yes,No,No internet service,No internet service,No internet service,No internet service,No internet service,No internet service,Month-to-month,No,Electronic check,18.0,18.0,No
C00554,Male,0,No,No,5,Yes,No,Fiber optic,No,No,No,Yes,No,Yes,Month-to-month,Yes,Credit card (automatic),88.49,571.39,Yes
C00555,Female,0,Yes,Yes,13,Yes,Yes,No,No internet service,No internet service,No internet service,No internet service,No internet service,No internet service,Two year,No,Credit card (automatic),33.15,174.28,No
C00556,Female,0,No,No,72,Yes,No,No,No internet service,No internet service,No internet service,No internet service,No internet service,No internet service,Month-to-month,No,Bank transfer (automatic),18.0,1431.7,No
C00557,Female,0,Yes,No,72,Yes,No,Fiber optic,Yes,Yes,Yes,No,No,Yes,Month-to-month,Yes,Electronic check,73.97,5147.44,No
C00558,Female,0,No,No,7,Yes,Yes,DSL,Yes,Yes,Yes,No,No,No,Month-to-month,No,Bank transfer (automatic),56.59,83.9,Yes
C00559,Female,1,Yes,No,41,Yes,Yes,Fiber optic,Yes,Yes,No,Yes,Yes,No,One year,Yes,Credit card (automatic),85.27,3335.97,No
C00560,Female,0,No,No,27,Yes,Yes,No,No internet service,No internet service,No internet service,No internet service,No internet service,No internet service,Two year,Yes,Credit card (automatic),35.28,929.97,No
C00561,Male,0,No,No,1,No,No phone service,Fiber optic,Yes,Yes,No,No,No,Yes,Month-to-month,Yes,Mailed check,80.42,18.0,Yes
C00562,Male,0,No,Yes,14,Yes,No,No,No internet service,No internet service,No internet service,No internet service,No internet service,No internet service,Month-to-month,No,Electronic check,36.44,537.96,Yes
C00563,Male,0,No,Yes,21,Yes,Yes,Fiber optic,Yes,Yes,Yes,No,No,No,Two year,Yes,Credit card (automatic),78.7,1545.29,No
C00564,Female,0,No,No,35,Yes,Yes,No,No internet service,No internet service,No internet service,No internet service,No internet service,No internet service,Month-to-month,Yes,Credit card (automatic),18.0,580.95,No
C00565,Female,0,Yes,No,11,Yes,No,Fiber optic,No,No,No,No,Yes,No,Month-to-month,No,Mailed check,72.97,732.77,Yes
C00566,Female,0,No,No,72,Yes,No,Fiber optic,Yes,No,No,No,No,Yes,One year,No,Bank transfer (automatic),65.06,4460.1,No
C00567,Female,0,No,No,19,Yes,No,Fiber optic,No,Yes,Yes,No,No,No,One year,Yes,Mailed check,71.88,1748.59,Yes
C00568,Male,0,No,No,9,Yes,No,DSL,Yes,No,No,Yes,No,No,One year,Yes,Mailed check,23.19,379.79,No
C00569,Male,1,No,No,12,Yes,No,Fiber optic,Yes,No,Yes,No,Yes,No,Month-to-month,No,Electronic check,28.97,124.42,Yes
C00570,Female,0,Yes,No,44,No,No phone service,Fiber optic,Yes,Yes,No,No,Yes,Yes,One year,No,Electronic check,98.31,4401.8,No
C00571,Male,0,Yes,Yes,32,Yes,No,DSL,Yes,Yes,No,Yes,No,Yes,One year,No,Credit card (automatic),50.78,1902.79,No
C00572,Male,0,Yes,No,43,Yes,Yes,Fiber optic,No,Yes,No,No,No,No,Month-to-month,Yes,Electronic check,83.98,3349.44,Yes
C00573,Female,0,No,No,11,Yes,No,Fiber optic,Yes,No,No,No,Yes,No,One year,No,Electronic check,92.11,1431.48,Yes
C00574,Male,0,Yes,Yes,12,No,No phone service,DSL,No,No,No,No,No,No,Month-to-month,Yes,Electronic check,32.48,228.66,Yes
C00575,Female,0,No,No,16,Yes,No,Fiber optic,No,No,No,Yes,Yes,Yes,Month-to-month,Yes,Electronic check,74.62,965.7,Yes
C00576,Male,0,Yes,No,6,Yes,Yes,Fiber optic,Yes,No,Yes,Yes,No,No,Month-to-month,Yes,Electronic check,68.93,646.12,Yes
C00577,Female,1,Yes,No,37,Yes,Yes,No,No internet service,No internet service,No internet service,No internet service,No internet service,No internet service,Month-to-month,Yes,Mailed check,28.4,992.92,No
C00578,Female,0,Yes,No,12,Yes,No,DSL,Yes,Yes,No,No,Yes,No,One year,No,Electronic check,21.49,18.0,No
C00579,Female,0,Yes,Yes,12,Yes,No,Fiber optic,No,No,Yes,Yes,No,No,Month-to-month,Yes,Electronic check,76.9,1094.11,Yes
C00580,Female,0,No,No,10,Yes,Yes,DSL,Yes,No,No,Yes,No,No,One year,No,Mailed check,48.26,461.23,No
C00581,Male,0,Yes,No,19,Yes,No,DSL,Yes,No,Yes,Yes,Yes,No,Month-to-month,Yes,Bank transfer (automatic),40.6,733.77,No
C00582,Female,0,Yes,Yes,47,Yes,Yes,Fiber optic,No,No,No,No,No,No,Month-to-month,Yes,Electronic check,43.5,2110.4,Yes
C00583,Female,0,Yes,No,57,Yes,No,DSL,No,Yes,Yes,Yes,No,No,Month-to-month,No,Mailed check,66.02,3796.5,No
C00584,Female,0,No,Yes,52,Yes,No,DSL,Yes,No,No,Yes,Yes,Yes,Month-to-month,Yes,Mailed check,40.36,2015.0,No
C00585,Male,0,No,No,31,Yes,No,Fiber optic,No,Yes,No,No,Yes,No,Month-to-month,Yes,Mailed check,53.0,1637.76,No
C00586,Female,0,Yes,No,10,Yes,No,Fiber optic,Yes,No,No,No,Yes,No,One year,Yes,Bank transfer (automatic),48.85,392.85,No
C00587,Male,0,No,No,42,Yes,No,Fiber optic,No,No,Yes,No,No,No,Month-to-month,Yes,Bank transfer (automatic),83.28,3265.67,Yes
C00588,Female,0,Yes,No,1,Yes,Yes,No,No internet service,No internet service,No internet service,No internet service,No internet service,No internet service,One year,No,Mailed check,18.0,104.53,No
C00589,Male,0,Yes,No,51,Yes,Yes,DSL,No,No,No,No,No,No,One year,Yes,Electronic check,28.71,1397.78,No
C00590,Male,0,No,Yes,48,Yes,Yes,Fiber optic,No,No,Yes,Yes,No,Yes,Month-to-month,Yes,Bank transfer (automatic),66.25,3116.64,No
C00591,Female,0,Yes,No,35,Yes,No,Fiber optic,No,Yes,No,No,No,No,Two year,Yes,Electronic check,76.15,2902.88,No
C00592,Male,0,No,Yes,3,No,No phone service,No,No internet service,No internet service,No internet service,No internet service,No internet service,No internet service,Month-to-month,No,Mailed check,47.57,46.47,No
C00593,Female,0,Yes,Yes,72,Yes,No,Fiber optic,Yes,No,Yes,Yes,No,No,Month-to-month,No,Electronic check,50.76,3963.62,No
C00594,Female,0,No,No,45,Yes,Yes,Fiber optic,No,Yes,No,Yes,Yes,Yes,Two year,Yes,Electronic check,80.33,3616.69,No
C00595,Female,1,Yes,No,42,Yes,No,Fiber optic,No,No,No,No,Yes,No,Month-to-month,No,Bank transfer (automatic),87.29,3744.12,Yes
C00596,Male,0,No,No,2,Yes,No,Fiber optic,No,Yes,No,Yes,No,No,Month-to-month,Yes,Bank transfer (automatic),86.94,18.0,Yes
C00597,Male,1,No,Yes,16,Yes,No,Fiber optic,Yes,No,Yes,No,Yes,Yes,Month-to-month,Yes,Electronic check,82.73,1591.45,Yes
C00598,Female,1,Yes,No,2,Yes,No,Fiber optic,No,No,Yes,Yes,Yes,No,One year,No,Bank transfer (automatic),73.54,145.21,No
C00599,Female,0,No,No,14,Yes,No,DSL,No,Yes,Yes,Yes,No,Yes,Month-to-month,Yes,Electronic check,84.44,1740.14,Yes
C00600,Male,0,Yes,Yes,27,Yes,No,DSL,Yes,No,Yes,No,No,No,Month-to-month,No,Mailed check,52.99,1045.26,No
C00601,Female,1,No,No,67,Yes,No,DSL,No,No,No,No,Yes,Yes,Month-to-month,Yes,Credit card (automatic),57.36,4087.38,No
C00602,Female,0,Yes,Yes,10,No,No phone service,No,No internet service,No internet service,No internet service,No internet service,No internet service,No internet service,One year,Yes,Electronic check,37.94,656.84,No
C00603,Female,0,Yes,No,31,Yes,No,No,No internet service,No internet service,No internet service,No internet service,No internet service,No internet service,Two year,Yes,Credit card (automatic),18.86,701.35,No
C00604,Male,0,No,No,5,Yes,Yes,Fiber optic,Yes,No,No,No,No,No,Two year,Yes,Bank transfer (automatic),62.19,348.4,No
C00605,Male,0,Yes,No,13,Yes,Yes,DSL,No,No,Yes,Yes,No,No,Two year,Yes,Bank transfer (automatic),34.77,465.4,No
C00606,Male,0,No,Yes,72,Yes,No,DSL,Yes,No,Yes,No,No,No,Month-to-month,Yes,Electronic check,42.47,2950.98,No
C00607,Female,0,Yes,Yes,44,Yes,No,Fiber optic,No,No,Yes,No,Yes,No,One year,Yes,Electronic check,68.63,3097.24,No
C00608,Female,0,Yes,Yes,25,Yes,No,Fiber optic,No,No,No,Yes,Yes,Yes,Two year,No,Credit card (automatic),54.12,1329.96,No
C00609,Female,0,No,Yes,9,No,No phone service,DSL,No,Yes,No,Yes,Yes,Yes,Two year,Yes,Electronic check,30.66,102.15,No
C00610,Male,1,No,Yes,15,Yes,Yes,No,No internet service,No internet service,No internet service,No internet service,No internet service,No internet service,Month-to-month,Yes,Electronic check,45.49,527.96,Yes
C00611,Female,0,Yes,No,5,Yes,No,Fiber optic,No,No,Yes,No,No,Yes,Month-to-month,Yes,Bank transfer (automatic),93.29,229.88,Yes
C00612,Female,0,Yes,Yes,13,Yes,Yes,DSL,No,Yes,No,Yes,No,Yes,Month-to-month,Yes,Bank transfer (automatic),76.8,715.29,Yes
C00613,Female,0,Yes,No,5,Yes,Yes,DSL,No,No,No,No,No,No,Month-to-month,Yes,Mailed check,56.97,459.47,Yes
C00614,Female,0,Yes,No,50,Yes,No,Fiber optic,Yes,Yes,No,No,No,No,Two year,Yes,Credit card (automatic),72.19,3346.08,No
C00615,Male,0,Yes,Yes,2,Yes,Yes,DSL,No,No,No,No,No,Yes,One year,No,Credit card (automatic),52.43,18.0,No
C00616,Male,1,Yes,No,6,Yes,No,Fiber optic,No,No,Yes,No,Yes,Yes,One year,No,Credit card (automatic),55.7,18.0,Yes
C00617,Female,0,No,Yes,37,Yes,No,Fiber optic,Yes,No,Yes,No,Yes,No,Two year,Yes,Electronic check,53.34,1711.5,No
C00618,Male,0,No,No,72,Yes,Yes,No,No internet service,No internet service,No internet service,No internet service,No internet service,No internet service,Two year,No,Electronic check,18.0,1325.09,No
C00619,Male,0,Yes,No,72,Yes,Yes,Fiber optic,No,No,No,No,No,No,Month-to-month,Yes,Electronic check,74.16,5343.36,No
C00620,Female,0,Yes,Yes,57,Yes,No,Fiber optic,No,Yes,No,No,Yes,Yes,Month-to-month,Yes,Electronic check,52.43,2989.1,Yes
C00621,Female,1,Yes,No,7,No,No phone service,No,No internet service,No internet service,No internet service,No internet service,No internet service,No internet service,Month-to-month,Yes,Credit card (automatic),18.0,549.57,No
C00622,Male,0,No,Yes,10,Yes,Yes,DSL,No,No,Yes,Yes,No,No,Two year,Yes,Credit card (automatic),39.98,595.55,No
C00623,Female,0,No,No,65,Yes,No,Fiber optic,No,No,Yes,No,No,Yes,Month-to-month,Yes,Electronic check,80.65,5219.81,Yes
C00624,Male,0,No,No,70,Yes,No,DSL,No,Yes,Yes,No,Yes,Yes,Month-to-month,No,Electronic check,40.38,2748.11,No
C00625,Female,1,No,Yes,32,Yes,Yes,Fiber optic,No,No,No,Yes,No,No,One year,No,Electronic check,68.9,2139.64,Yes
C00626,Male,0,No,No,12,Yes,Yes,Fiber optic,No,No,No,No,Yes,Yes,Month-to-month,No,Electronic check,67.71,436.51,Yes
C00627,Female,0,Yes,Yes,8,Yes,Yes,Fiber optic,No,No,Yes,Yes,No,Yes,Two year,Yes,Mailed check,66.66,321.82,No
C00628,Male,0,Yes,Yes,61,Yes,Yes,DSL,No,No,Yes,No,Yes,No,Month-to-month,Yes,Mailed check,50.13,3111.55,No
C00629,Male,1,No,Yes,7,Yes,Yes,Fiber optic,No,No,No,Yes,No,No,One year,Yes,Mailed check,65.03,393.37,Yes
C00630,Male,0,Yes,No,34,Yes,Yes,No,No internet service,No internet service,No internet service,No internet service,No internet service,No internet service,Two year,Yes,Bank transfer (automatic),18.0,430.23,No
C00631,Female,0,No,No,72,No,No phone service,No,No internet service,No internet service,No internet service,No internet service,No internet service,No internet service,Two year,Yes,Electronic check,18.0,1536.92,No
C00632,Male,0,No,No,39,Yes,Yes,DSL,No,Yes,No,No,No,Yes,Month-to-month,No,Credit card (automatic),26.09,634.7,Yes
C00633,Male,0,No,No,9,Yes,Yes,DSL,No,No,No,No,Yes,No,Two year,No,Credit card (automatic),58.72,459.68,Yes
C00634,Female,0,Yes,Yes,10,Yes,No,DSL,No,No,No,No,No,No,Two year,No,Electronic check,46.39,392.51,No
C00635,Female,0,No,No,3,Yes,No,DSL,Yes,No,No,Yes,No,No,Month-to-month,No,Bank transfer (automatic),35.15,385.58,Yes
C00636,Male,1,No,No,37,Yes,Yes,Fiber optic,No,No,Yes,No,No,Yes,Month-to-month,Yes,Bank transfer (automatic),56.67,2512.46,Yes
C00637,Male,0,No,No,23,Yes,No,Fiber optic,Yes,No,Yes,No,Yes,Yes,Two year,Yes,Electronic check,52.81,1049.3,No
C00638,Female,1,No,No,7,Yes,No,DSL,No,Yes,No,Yes,Yes,Yes,One year,No,Mailed check,69.58,664.05,No
C00639,Female,0,No,No,8,Yes,No,DSL,Yes,No,No,Yes,Yes,No,Month-to-month,No,Bank transfer (automatic),56.81,646.88,No
C00640,Female,0,Yes,Yes,1,No,No phone service,Fiber optic,Yes,No,Yes,Yes,Yes,No,Two year,No,Bank transfer (automatic),61.72,93.06,No
C00641,Female,0,Yes,Yes,72,Yes,Yes,Fiber optic,Yes,No,No,Yes,No,Yes,Two year,Yes,Credit card (automatic),81.59,5486.39,No
C00642,Female,0,Yes,No,56,Yes,No,Fiber optic,Yes,No,Yes,No,No,No,Month-to-month,Yes,Electronic check,92.32,4957.5,No
C00643,Male,1,Yes,No,16,Yes,No,DSL,Yes,No,No,Yes,No,No,One year,Yes,Electronic check,47.01,853.48,No
C00644,Female,0,No,No,72,Yes,No,Fiber optic,No,No,Yes,No,No,No,One year,No,Bank transfer (automatic),55.89,4141.67,No
C00645,Male,0,No,No,36,Yes,No,No,No internet service,No internet service,No internet service,No internet service,No internet service,No internet service,Month-to-month,Yes,Electronic check,22.09,563.88,No
C00646,Male,0,Yes,Yes,44,Yes,No,Fiber optic,No,Yes,No,No,No,Yes,Month-to-month,No,Mailed check,62.2,2560.0,Yes
C00647,Male,0,Yes,No,36,Yes,No,Fiber optic,Yes,No,Yes,No,No,Yes,One year,Yes,Electronic check,73.22,2364.61,No
C00648,Female,0,Yes,No,45,Yes,No,Fiber optic,No,No,No,No,No,No,Month-to-month,No,Electronic check,75.48,3552.15,Yes
C00649,Male,0,No,No,5,Yes,No,DSL,No,No,No,No,Yes,No,Month-to-month,Yes,Electronic check,18.0,24.73,Yes
C00650,Male,1,Yes,No,26,Yes,Yes,Fiber optic,Yes,No,Yes,No,No,No,Month-to-month,Yes,Electronic check,52.4,809.27,Yes
C00651,Female,0,Yes,No,60,Yes,No,No,No internet service,No internet service,No internet service,No internet service,No internet service,No internet service,Month-to-month,No,Electronic check,32.9,2447.41,No
C00652,Male,0,Yes,No,1,Yes,No,Fiber optic,No,No,No,No,Yes,Yes,Month-to-month,Yes,Credit card (automatic),78.52,251.46,Yes
C00653,Male,0,Yes,No,4,Yes,Yes,Fiber optic,No,Yes,No,No,Yes,No,Month-to-month,Yes,Electronic check,58.66,18.0,Yes
C00654,Female,1,No,No,9,No,No phone service,Fiber optic,No,No,Yes,No,No,No,Two year,No,Bank transfer (automatic),50.21,119.28,Yes
C00655,Male,0,Yes,Yes,11,Yes,No,Fiber optic,No,Yes,No,Yes,Yes,Yes,Two year,Yes,Electronic check,63.9,448.67,Yes
C00656,Male,0,Yes,No,6,Yes,No,No,No internet service,No internet service,No internet service,No internet service,No internet service,No internet service,Two year,Yes,Mailed check,18.0,18.0,No
C00657,Male,0,Yes,Yes,31,No,No phone service,DSL,No,No,No,No,No,Yes,Month-to-month,Yes,Bank transfer (automatic),67.44,2181.81,No
C00658,Female,0,No,No,11,Yes,No,No,No internet service,No internet service,No internet service,No internet service,No internet service,No internet service,Two year,No,Electronic check,39.32,39.5,No
C00659,Female,0,No,Yes,5,Yes,Yes,Fiber optic,No,No,No,No,Yes,No,Month-to-month,Yes,Electronic check,78.2,744.1,Yes
C00660,Female,1,Yes,No,72,Yes,No,DSL,No,No,No,No,No,No,Two year,No,Credit card (automatic),56.21,4230.51,No
C00661,Male,0,Yes,No,38,No,No phone service,Fiber optic,No,Yes,No,Yes,No,Yes,Month-to-month,Yes,Credit card (automatic),65.82,2769.91,Yes
C00662,Male,0,No,Yes,9,Yes,No,Fiber optic,No,No,Yes,No,Yes,No,Month-to-month,Yes,Bank transfer (automatic),49.88,557.02,No
C00663,Female,0,Yes,Yes,14,Yes,No,DSL,No,Yes,No,Yes,Yes,Yes,Month-to-month,No,Mailed check,18.0,287.1,No
C00664,Male,0,No,No,43,Yes,No,Fiber optic,No,No,Yes,No,No,No,Two year,Yes,Bank transfer (automatic),84.79,3654.95,No
C00665,Male,0,Yes,No,50,Yes,No,DSL,No,No,No,Yes,No,Yes,One year,No,Credit card (automatic),70.65,3745.19,No
C00666,Female,0,Yes,Yes,6,Yes,No,Fiber optic,Yes,No,Yes,No,Yes,No,Month-to-month,Yes,Mailed check,76.48,168.89,Yes
C00667,Female,0,No,Yes,72,Yes,Yes,Fiber optic,Yes,Yes,No,No,Yes,No,Month-to-month,Yes,Electronic check,80.9,5773.29,No
C00668,Male,0,No,No,49,Yes,No,Fiber optic,Yes,No,Yes,No,No,Yes,One year,No,Credit card (automatic),71.07,3304.89,No
C00669,Male,0,No,No,62,Yes,No,No,No internet service,No internet service,No internet service,No internet service,No internet service,No internet service,Month-to-month,No,Electronic check,18.85,1207.68,No
C00670,Male,0,Yes,Yes,4,Yes,No,No,No internet service,No internet service,No internet service,No internet service,No internet service,No internet service,Month-to-month,No,Credit card (automatic),34.84,18.0,No
C00671,Female,1,Yes,No,4,Yes,No,No,No internet service,No internet service,No internet service,No internet service,No internet service,No internet service,Month-to-month,Yes,Bank transfer (automatic),18.0,136.03,No
C00672,Female,0,Yes,No,11,Yes,No,Fiber optic,No,No,Yes,Yes,No,No,Month-to-month,No,Mailed check,67.79,881.9,Yes
C00673,Female,0,No,Yes,2,Yes,No,Fiber optic,No,Yes,No,Yes,No,No,Month-to-month,Yes,Bank transfer (automatic),64.74,199.67,Yes
C00674,Female,0,No,No,3,Yes,Yes,Fiber optic,No,No,No,No,No,Yes,One year,Yes,Mailed check,48.32,263.57,Yes
C00675,Male,0,Yes,Yes,4,Yes,Yes,Fiber optic,Yes,No,Yes,Yes,No,No,Month-to-month,Yes,Mailed check,61.72,143.84,Yes
C00676,Female,0,No,Yes,39,Yes,Yes,DSL,Yes,Yes,No,No,No,No,Month-to-month,No,Electronic check,19.58,485.08,No
C00677,Female,0,No,Yes,1,No,No phone service,Fiber optic,Yes,No,Yes,No,Yes,No,Month-to-month,Yes,Credit card (automatic),74.84,241.69,Yes
C00678,Female,0,Yes,No,2,Yes,Yes,Fiber optic,Yes,No,Yes,No,Yes,Yes,Two year,No,Bank transfer (automatic),68.29,462.76,Yes
C00679,Female,0,No,No,72,Yes,No,Fiber optic,No,No,No,No,No,No,Month-to-month,Yes,Bank transfer (automatic),40.68,2632.27,No
C00680,Female,0,Yes,No,2,Yes,No,DSL,No,Yes,Yes,No,No,No,Month-to-month,Yes,Electronic check,59.3,172.64,Yes
C00681,Male,0,Yes,Yes,24,Yes,No,DSL,No,Yes,Yes,Yes,No,No,Month-to-month,Yes,Electronic check,39.61,208.54,No
C00682,Male,0,No,Yes,32,Yes,Yes,DSL,No,Yes,Yes,Yes,No,No,Month-to-month,Yes,Credit card (automatic),70.91,2271.55,No
C00683,Female,0,Yes,No,72,Yes,Yes,No,No internet service,No internet service,No internet service,No internet service,No internet service,No internet service,Two year,No,Mailed check,42.18,3095.78,No
C00684,Male,0,Yes,Yes,72,Yes,Yes,DSL,No,Yes,No,No,Yes,No,One year,Yes,Mailed check,35.99,2324.39,No
C00685,Female,0,No,No,18,Yes,No,No,No internet service,No internet service,No internet service,No internet service,No internet service,No internet service,Two year,Yes,Electronic check,20.09,645.62,No
C00686,Female,0,No,No,72,Yes,Yes,No,No internet service,No internet service,No internet service,No internet service,No internet service,No internet service,Month-to-month,Yes,Mailed check,18.0,1303.67,No
C00687,Male,0,No,No,18,Yes,Yes,No,No internet service,No internet service,No internet service,No internet service,No internet service,No internet service,One year,Yes,Bank transfer (automatic),18.0,555.62,No
C00688,Male,0,No,Yes,35,Yes,Yes,Fiber optic,No,No,No,Yes,No,No,Month-to-month,Yes,Electronic check,77.99,3300.97,Yes
C00689,Female,1,Yes,No,9,No,No phone service,No,No internet service,No internet service,No internet service,No internet service,No internet service,No internet service,Month-to-month,Yes,Electronic check,19.79,51.24,Yes
C00690,Female,0,No,Yes,32,Yes,No,DSL,No,Yes,Yes,Yes,No,Yes,Two year,Yes,Mailed check,39.77,1092.92,No
C00691,Female,0,No,No,24,Yes,Yes,DSL,Yes,No,Yes,No,Yes,No,Month-to-month,Yes,Electronic check,42.68,1276.8,Yes
C00692,Male,0,Yes,No,29,Yes,Yes,No,No internet service,No internet service,No internet service,No internet service,No internet service,No internet service,Month-to-month,No,Credit card (automatic),18.0,500.36,No
C00693,Female,0,No,No,36,Yes,Yes,DSL,No,Yes,Yes,No,Yes,No,Month-to-month,Yes,Bank transfer (automatic),32.35,775.85,No
C00694,Female,1,Yes,No,6,Yes,No,DSL,No,No,Yes,No,No,No,Two year,No,Electronic check,52.74,115.27,Yes
C00695,Female,0,Yes,No,11,Yes,No,DSL,No,No,Yes,Yes,Yes,Yes,Month-to-month,No,Electronic check,65.11,882.64,Yes
C00696,Male,0,No,Yes,42,No,No phone service,Fiber optic,No,No,Yes,Yes,No,No,Month-to-month,No,Electronic check,71.13,3164.07,Yes
C00697,Female,0,No,Yes,5,Yes,Yes,Fiber optic,No,Yes,Yes,Yes,No,Yes,Two year,Yes,Mailed check,54.34,357.17,No
C00698,Female,0,Yes,No,13,No,No phone service,DSL,No,No,No,No,No,Yes,Two year,No,Electronic check,26.73,434.35,No
C00699,Male,0,Yes,No,35,Yes,No,Fiber optic,No,No,No,No,No,Yes,Two year,Yes,Mailed check,97.39,3145.31,No
C00700,Female,0,No,No,72,Yes,No,Fiber optic,No,Yes,No,Yes,No,Yes,Two year,No,Electronic check,57.41,3983.49,No
C00701,Female,1,Yes,No,2,Yes,Yes,No,No internet service,No internet service,No internet service,No internet service,No internet service,No internet service,Month-to-month,Yes,Bank transfer (automatic),18.57,107.33,No
C00702,Male,0,Yes,Yes,23,Yes,No,DSL,Yes,No,No,No,No,No,Month-to-month,Yes,Bank transfer (automatic),34.01,915.02,No
C00703,Female,0,No,No,2,Yes,No,DSL,No,No,No,No,Yes,Yes,One year,No,Credit card (automatic),49.28,260.11,No
C00704,Male,1,No,No,15,Yes,No,Fiber optic,Yes,Yes,Yes,No,Yes,Yes,Two year,Yes,Credit card (automatic),80.47,1237.76,Yes
C00705,Male,0,No,Yes,6,Yes,No,No,No internet service,No internet service,No internet service,No internet service,No internet service,No internet service,Month-to-month,No,Bank transfer (automatic),18.0,18.0,No
C00706,Female,1,No,No,33,Yes,Yes,DSL,No,Yes,No,No,Yes,Yes,One year,Yes,Electronic check,43.44,1291.75,No
C00707,Female,1,No,No,45,Yes,No,DSL,No,No,Yes,No,Yes,No,Two year,No,Mailed check,25.96,1353.06,No
C00708,Female,0,No,No,9,Yes,No,DSL,No,Yes,No,No,No,No,Two year,No,Credit card (automatic),31.27,562.91,No
C00709,Female,0,Yes,No,39,Yes,No,Fiber optic,No,No,No,No,No,Yes,One year,Yes,Electronic check,82.48,2883.73,Yes
C00710,Male,0,No,No,18,Yes,No,Fiber optic,Yes,No,Yes,No,No,No,Month-to-month,No,Mailed check,46.17,1182.05,Yes
C00711,Female,1,Yes,No,10,Yes,Yes,Fiber optic,No,Yes,Yes,No,Yes,No,One year,No,Bank transfer (automatic),83.3,776.82,Yes
C00712,Male,0,Yes,No,23,Yes,Yes,Fiber optic,Yes,Yes,Yes,No,Yes,No,Two year,No,Bank transfer (automatic),49.06,1312.95,No
C00713,Female,0,Yes,No,15,Yes,No,Fiber optic,No,No,No,No,Yes,No,One year,Yes,Credit card (automatic),89.16,1221.74,No
C00714,Female,1,No,Yes,8,Yes,No,DSL,Yes,Yes,No,Yes,No,No,Month-to-month,Yes,Electronic check,55.18,445.84,Yes
C00715,Female,1,Yes,Yes,45,Yes,No,Fiber optic,No,No,Yes,Yes,Yes,Yes,Month-to-month,No,Credit card (automatic),80.33,3662.8,Yes
C00716,Male,0,Yes,Yes,51,Yes,Yes,Fiber optic,No,Yes,No,No,No,Yes,Month-to-month,No,Electronic check,69.83,3427.21,Yes
C00717,Female,0,No,No,51,Yes,Yes,DSL,Yes,No,Yes,Yes,Yes,No,One year,No,Electronic check,42.57,2494.61,No
C00718,Female,1,No,No,15,No,No phone service,Fiber optic,No,No,No,No,No,Yes,One year,No,Credit card (automatic),70.55,1042.39,Yes
C00719,Female,0,No,Yes,5,Yes,Yes,Fiber optic,No,Yes,No,No,No,No,Month-to-month,Yes,Credit card (automatic),55.41,421.68,Yes
C00720,Female,1,Yes,Yes,58,No,No phone service,Fiber optic,Yes,No,Yes,No,Yes,No,One year,No,Electronic check,66.39,3730.24,No
C00721,Male,0,Yes,No,12,Yes,No,DSL,Yes,No,Yes,No,No,Yes,One year,No,Electronic check,24.51,519.66,No
C00722,Female,0,No,No,44,Yes,Yes,Fiber optic,No,Yes,Yes,No,Yes,No,Month-to-month,Yes,Mailed check,69.18,3028.97,Yes
C00723,Male,0,Yes,No,54,Yes,No,DSL,Yes,No,No,No,No,Yes,Two year,No,Mailed check,36.88,2001.7,No
C00724,Male,0,No,No,46,Yes,Yes,DSL,Yes,No,Yes,Yes,No,Yes,Month-to-month,Yes,Mailed check,56.92,2405.63,No
C00725,Male,0,Yes,No,15,Yes,No,No,No internet service,No internet service,No internet service,No internet service,No internet service,No internet service,Month-to-month,No,Mailed check,25.25,237.2,No
C00726,Male,0,No,No,72,Yes,Yes,Fiber optic,No,No,No,No,Yes,No,Month-to-month,Yes,Electronic check,66.9,4746.93,No
C00727,Male,0,Yes,No,34,No,No phone service,Fiber optic,No,No,Yes,No,No,No,One year,Yes,Credit card (automatic),79.03,2491.69,No
C00728,Male,0,Yes,Yes,27,Yes,No,No,No internet service,No internet service,No internet service,No internet service,No internet service,No internet service,Month-to-month,Yes,Credit card (automatic),23.57,507.15,No
C00729,Female,0,No,No,38,Yes,No,Fiber optic,Yes,No,No,Yes,Yes,No,Month-to-month,Yes,Mailed check,72.9,3096.87,No
C00730,Male,0,Yes,Yes,1,Yes,Yes,Fiber optic,Yes,Yes,No,No,Yes,No,Month-to-month,Yes,Mailed check,69.11,18.0,Yes
C00731,Male,0,Yes,Yes,15,Yes,Yes,DSL,Yes,No,No,Yes,Yes,No,Two year,No,Mailed check,51.95,834.93,No
C00732,Male,0,No,No,68,Yes,No,DSL,No,Yes,Yes,No,Yes,No,Month-to-month,No,Bank transfer (automatic),36.47,2487.21,No
C00733,Female,0,Yes,No,5,Yes,No,Fiber optic,Yes,No,No,Yes,Yes,Yes,Two year,No,Bank transfer (automatic),81.37,419.28,No
C00734,Female,0,Yes,No,17,Yes,Yes,No,No internet service,No internet service,No internet service,No internet service,No internet service,No internet service,One year,No,Mailed check,30.48,610.06,No
C00735,Male,0,Yes,No,16,Yes,Yes,Fiber optic,No,No,No,No,No,No,Month-to-month,No,Credit card (automatic),79.35,1364.31,No
C00736,Female,0,Yes,No,14,Yes,No,DSL,Yes,Yes,No,Yes,No,Yes,Month-to-month,Yes,Mailed check,49.74,310.04,No
C00737,Male,1,Yes,Yes,26,Yes,Yes,Fiber optic,No,No,No,Yes,Yes,Yes,One year,Yes,Electronic check,75.35,1943.59,No
C00738,Male,1,No,Yes,72,Yes,Yes,DSL,Yes,Yes,Yes,No,No,No,Month-to-month,Yes,Bank transfer (automatic),55.05,4009.79,No
C00739,Female,0,No,No,9,Yes,No,No,No internet service,No internet service,No internet service,No internet service,No internet service,No internet service,Month-to-month,Yes,Electronic check,35.72,316.03,No
C00740,Male,1,Yes,No,39,Yes,No,Fiber optic,Yes,Yes,Yes,Yes,Yes,Yes,Two year,Yes,Bank transfer (automatic),65.81,2694.3,No
C00741,Female,0,Yes,No,45,No,No phone service,No,No internet service,No internet service,No internet service,No internet service,No internet service,No internet service,One year,Yes,Electronic check,18.0,877.63,No
C00742,Female,0,No,No,28,Yes,No,DSL,No,No,No,No,No,Yes,One year,Yes,Electronic check,38.83,1031.41,No
C00743,Male,0,No,Yes,3,Yes,No,DSL,Yes,Yes,No,No,No,No,One year,Yes,Electronic check,21.67,319.94,No
C00744,Male,0,Yes,Yes,27,Yes,Yes,Fiber optic,No,No,Yes,No,No,No,Two year,No,Electronic check,73.03,1915.07,No
C00745,Female,0,No,No,72,Yes,No,No,No internet service,No internet service,No internet service,No internet service,No internet service,No internet service,Month-to-month,No,Bank transfer (automatic),31.07,2672.44,No
C00746,Male,0,No,No,13,Yes,No,Fiber optic,Yes,Yes,No,No,Yes,Yes,Two year,No,Electronic check,66.34,548.76,Yes
C00747,Male,0,Yes,No,32,No,No phone service,No,No internet service,No internet service,No internet service,No internet service,No internet service,No internet service,Month-to-month,Yes,Credit card (automatic),18.0,633.63,No
C00748,Male,0,Yes,No,72,Yes,No,DSL,Yes,No,No,No,Yes,No,Two year,No,Bank transfer (automatic),39.58,3306.64,No
C00749,Female,0,Yes,No,51,Yes,No,Fiber optic,Yes,No,No,No,Yes,Yes,Two year,No,Credit card (automatic),85.29,4478.22,No
C00750,Female,0,No,Yes,37,Yes,No,Fiber optic,No,No,No,Yes,Yes,No,Month-to-month,No,Electronic check,87.42,3876.73,Yes
C00751,Male,0,No,No,72,Yes,No,Fiber optic,No,Yes,No,No,No,No,Month-to-month,No,Mailed check,99.51,7343.42,Yes
C00752,Female,0,No,No,5,Yes,Yes,Fiber optic,Yes,Yes,No,No,No,Yes,Month-to-month,No,Bank transfer (automatic),52.13,221.32,Yes
C00753,Female,0,Yes,No,47,Yes,Yes,Fiber optic,No,No,No,Yes,No,No,One year,Yes,Electronic check,61.51,2948.75,No
C00754,Female,0,No,No,16,Yes,Yes,Fiber optic,No,Yes,No,No,Yes,No,One year,Yes,Electronic check,77.01,1529.83,No
C00755,Female,1,No,No,14,Yes,No,DSL,No,Yes,No,No,No,Yes,Month-to-month,Yes,Credit card (automatic),49.13,534.26,Yes
C00756,Female,0,No,No,23,Yes,No,DSL,No,No,Yes,No,No,No,Month-to-month,Yes,Bank transfer (automatic),74.6,1577.21,Yes
C00757,Male,0,Yes,Yes,1,No,No phone service,Fiber optic,No,No,Yes,No,No,Yes,Month-to-month,Yes,Bank transfer (automatic),82.58,18.0,Yes
C00758,Male,0,No,Yes,11,Yes,Yes,Fiber optic,Yes,Yes,No,No,Yes,No,Month-to-month,Yes,Credit card (automatic),68.42,786.01,Yes
C00759,Male,0,Yes,No,5,Yes,No,Fiber optic,No,No,Yes,Yes,Yes,Yes,Month-to-month,Yes,Bank transfer (automatic),51.82,18.0,Yes
C00760,Female,0,No,No,4,Yes,No,Fiber optic,No,No,Yes,Yes,No,Yes,Month-to-month,Yes,Bank transfer (automatic),66.66,181.66,Yes
C00761,Female,0,No,Yes,13,Yes,Yes,DSL,Yes,No,No,No,Yes,No,One year,Yes,Electronic check,39.22,266.72,No
C00762,Male,0,Yes,Yes,51,Yes,Yes,Fiber optic,No,No,No,Yes,No,Yes,Month-to-month,Yes,Mailed check,92.91,4561.84,No
C00763,Female,0,No,No,7,Yes,No,DSL,No,Yes,No,No,No,Yes,Month-to-month,No,Electronic check,32.52,107.11,Yes
C00764,Male,0,Yes,No,24,Yes,No,Fiber optic,No,Yes,Yes,Yes,Yes,Yes,Month-to-month,Yes,Electronic check,74.15,1433.7,Yes
C00765,Male,0,No,Yes,44,No,No phone service,No,No internet service,No internet service,No internet service,No internet service,No internet service,No internet service,Two year,No,Electronic check,18.0,1064.1,No
C00766,Male,0,Yes,No,8,Yes,Yes,No,No internet service,No internet service,No internet service,No internet service,No internet service,No internet service,One year,Yes,Mailed check,18.88,540.31,No
C00767,Female,0,No,No,72,Yes,No,No,No internet service,No internet service,No internet service,No internet service,No internet service,No internet service,Two year,No,Bank transfer (automatic),18.0,1551.32,No
C00768,Female,0,No,No,64,Yes,No,DSL,Yes,No,No,No,Yes,No,Two year,No,Mailed check,44.94,2646.76,No
C00769,Male,0,Yes,Yes,9,Yes,No,DSL,Yes,No,No,Yes,Yes,No,One year,Yes,Credit card (automatic),30.93,636.11,No
C00770,Male,0,No,No,72,Yes,No,Fiber optic,No,Yes,Yes,No,No,Yes,Month-to-month,No,Electronic check,42.84,2763.18,No
C00771,Male,0,Yes,No,35,Yes,Yes,Fiber optic,No,No,Yes,No,No,No,Month-to-month,No,Credit card (automatic),50.94,1868.0,No
C00772,Male,0,Yes,Yes,10,Yes,Yes,DSL,Yes,No,No,No,No,No,One year,Yes,Mailed check,46.07,662.06,No
C00773,Female,0,No,No,36,Yes,No,Fiber optic,No,No,No,No,No,No,One year,Yes,Electronic check,90.52,3337.51,No
C00774,Female,1,No,Yes,35,Yes,No,Fiber optic,No,Yes,Yes,No,No,No,One year,Yes,Credit card (automatic),82.25,2750.55,No
C00775,Male,0,No,No,29,Yes,No,No,No internet service,No internet service,No internet service,No internet service,No internet service,No internet service,Month-to-month,No,Mailed check,18.0,401.16,No
C00776,Male,1,No,No,39,Yes,No,No,No internet service,No internet service,No internet service,No internet service,No internet service,No internet service,One year,Yes,Electronic check,26.65,876.9,No
C00777,Female,0,No,Yes,9,Yes,No,DSL,No,No,Yes,Yes,No,No,Month-to-month,No,Electronic check,45.29,133.1,Yes
C00778,Female,0,No,Yes,72,Yes,No,DSL,No,Yes,No,No,Yes,No,Month-to-month,Yes,Electronic check,64.67,4352.1,No
C00779,Male,0,No,No,62,Yes,Yes,Fiber optic,No,No,Yes,No,Yes,Yes,Month-to-month,Yes,Bank transfer (automatic),69.7,4434.55,No
C00780,Male,0,No,Yes,43,Yes,No,DSL,No,No,Yes,No,Yes,Yes,Two year,Yes,Mailed check,45.72,1789.99,No
C00781,Male,0,Yes,No,1,Yes,Yes,DSL,No,Yes,No,Yes,Yes,No,One year,No,Credit card (automatic),37.96,223.15,No
C00782,Female,0,Yes,No,28,Yes,No,No,No internet service,No internet service,No internet service,No internet service,No internet service,No internet service,Two year,No,Mailed check,44.14,849.66,No
C00783,Female,0,No,No,39,Yes,Yes,No,No internet service,No internet service,No internet service,No internet service,No internet service,No internet service,Month-to-month,Yes,Electronic check,18.0,997.07,No
C00784,Female,0,No,No,61,No,No phone service,Fiber optic,No,Yes,No,No,Yes,No,Month-to-month,No,Bank transfer (automatic),56.9,3602.63,No
C00785,Male,0,No,No,72,Yes,No,No,No internet service,No internet service,No internet service,No internet service,No internet service,No internet service,Two year,Yes,Credit card (automatic),21.64,1690.25,No
C00786,Male,1,Yes,Yes,72,Yes,Yes,DSL,No,No,Yes,No,Yes,Yes,Month-to-month,Yes,Electronic check,50.43,3579.26,No
C00787,Female,0,No,Yes,16,Yes,No,Fiber optic,Yes,No,Yes,Yes,No,Yes,Two year,Yes,Electronic check,67.77,1288.26,No
C00788,Female,0,Yes,Yes,72,Yes,No,Fiber optic,No,No,Yes,No,No,No,Month-to-month,No,Credit card (automatic),81.85,6031.11,No
C00789,Male,0,No,No,1,Yes,No,No,No internet service,No internet service,No internet service,No internet service,No internet service,No internet service,Month-to-month,Yes,Electronic check,34.39,24.57,Yes
C00790,Female,0,Yes,No,13,Yes,No,DSL,Yes,Yes,Yes,Yes,No,No,Month-to-month,No,Credit card (automatic),38.37,435.73,No
C00791,Female,0,Yes,No,3,Yes,Yes,Fiber optic,Yes,No,No,Yes,No,Yes,Month-to-month,Yes,Bank transfer (automatic),64.23,28.32,Yes
C00792,Male,1,No,No,68,Yes,Yes,No,No internet service,No internet service,No internet service,No internet service,No internet service,No internet service,Month-to-month,Yes,Electronic check,28.97,1825.22,No
C00793,Female,0,No,No,72,Yes,Yes,Fiber optic,Yes,No,No,No,No,No,Month-to-month,Yes,Electronic check,68.07,4794.82,No
C00794,Male,0,Yes,Yes,9,No,No phone service,Fiber optic,Yes,No,Yes,No,No,Yes,One year,Yes,Electronic check,63.44,767.01,No
C00795,Male,0,Yes,Yes,14,Yes,No,No,No internet service,No internet service,No internet service,No internet service,No internet service,No internet service,Month-to-month,Yes,Credit card (automatic),18.76,18.0,No
C00796,Male,0,Yes,No,72,Yes,No,DSL,Yes,Yes,No,No,Yes,No,One year,Yes,Credit card (automatic),51.65,3811.76,No
C00797,Male,0,Yes,No,26,Yes,No,DSL,Yes,No,No,No,Yes,Yes,One year,Yes,Credit card (automatic),51.39,1267.97,No
C00798,Male,0,Yes,No,21,Yes,No,DSL,Yes,Yes,No,Yes,No,No,Month-to-month,Yes,Credit card (automatic),36.75,530.33,No
C00799,Male,1,No,No,22,Yes,No,Fiber optic,Yes,No,Yes,Yes,No,Yes,Month-to-month,Yes,Mailed check,70.88,1648.65,Yes
C00800,Male,0,No,No,38,Yes,No,No,No internet service,No internet service,No internet service,No internet service,No internet service,No internet service,One year,Yes,Credit card (automatic),18.33,596.47,No
C00801,Female,1,Yes,Yes,72,Yes,No,Fiber optic,No,No,Yes,No,No,Yes,Month-to-month,No,Electronic check,90.03,6303.5,No
C00802,Male,0,No,No,14,Yes,Yes,Fiber optic,Yes,No,No,Yes,No,Yes,Month-to-month,Yes,Credit card (automatic),84.75,1247.68,Yes
C00803,Male,0,Yes,No,6,Yes,Yes,No,No internet service,No internet service,No internet service,No internet service,No internet service,No internet service,Month-to-month,Yes,Electronic check,32.89,38.85,Yes
C00804,Female,0,Yes,Yes,6,Yes,Yes,Fiber optic,No,Yes,Yes,No,No,Yes,Month-to-month,No,Mailed check,69.5,517.79,Yes
C00805,Female,0,Yes,No,1,Yes,Yes,No,No internet service,No internet service,No internet service,No internet service,No internet service,No internet service,Month-to-month,Yes,Mailed check,39.12,18.0,No
C00806,Female,1,No,No,25,Yes,Yes,No,No internet service,No internet service,No internet service,No internet service,No internet service,No internet service,One year,Yes,Credit card (automatic),18.0,288.79,No
C00807,Male,0,Yes,No,72,Yes,Yes,Fiber optic,Yes,No,No,Yes,Yes,No,Two year,Yes,Mailed check,94.71,6599.23,No
C00808,Female,0,Yes,Yes,39,Yes,Yes,DSL,Yes,No,No,Yes,Yes,No,Month-to-month,Yes,Mailed check,64.43,2619.6,No
C00809,Male,0,Yes,Yes,72,Yes,No,DSL,No,Yes,No,Yes,No,No,One year,Yes,Credit card (automatic),48.7,3151.6,No
C00810,Male,0,Yes,Yes,72,Yes,No,Fiber optic,No,No,Yes,No,No,Yes,Two year,Yes,Electronic check,56.39,4169.24,No
C00811,Male,0,Yes,Yes,21,Yes,Yes,Fiber optic,No,Yes,No,No,No,Yes,One year,Yes,Electronic check,54.73,1279.66,No
C00812,Male,0,No,No,21,Yes,Yes,DSL,No,Yes,Yes,Yes,No,No,One year,Yes,Electronic check,34.13,532.81,No
C00813,Female,0,No,No,31,Yes,No,DSL,No,Yes,Yes,Yes,No,Yes,Month-to-month,Yes,Credit card (automatic),47.32,1142.88,No
C00814,Female,0,No,No,3,Yes,No,Fiber optic,No,No,No,Yes,No,No,Month-to-month,Yes,Electronic check,58.11,18.0,Yes
C00815,Male,0,Yes,No,29,No,No phone service,Fiber optic,No,No,Yes,No,No,Yes,Month-to-month,Yes,Electronic check,86.02,2551.14,Yes
C00816,Male,0,Yes,Yes,19,Yes,No,Fiber optic,Yes,No,Yes,No,No,No,Two year,No,Bank transfer (automatic),95.29,1843.18,No
C00817,Male,0,Yes,No,32,Yes,No,Fiber optic,Yes,No,Yes,No,Yes,No,Month-to-month,No,Bank transfer (automatic),53.19,1665.2,No
C00818,Female,1,Yes,No,26,Yes,Yes,Fiber optic,Yes,No,No,No,Yes,Yes,Month-to-month,Yes,Credit card (automatic),83.23,2426.21,Yes
C00819,Male,0,No,No,11,Yes,Yes,No,No internet service,No internet service,No internet service,No internet service,No internet service,No internet service,One year,Yes,Mailed check,18.0,18.0,No
C00820,Male,0,Yes,Yes,29,Yes,No,Fiber optic,Yes,No,No,No,No,No,Month-to-month,No,Electronic check,85.52,2502.86,Yes
C00821,Female,0,Yes,No,14,Yes,No,Fiber optic,No,No,No,No,No,No,Two year,Yes,Electronic check,74.54,897.52,No
C00822,Female,0,No,No,6,Yes,No,DSL,No,Yes,No,Yes,No,No,One year,No,Electronic check,44.45,197.78,Yes
C00823,Male,0,Yes,No,35,Yes,No,Fiber optic,No,No,Yes,No,Yes,No,Month-to-month,No,Bank transfer (automatic),86.15,2967.39,Yes
C00824,Female,0,No,Yes,11,Yes,No,Fiber optic,No,No,No,Yes,No,Yes,One year,No,Bank transfer (automatic),59.91,263.36,No
C00825,Female,0,Yes,No,70,Yes,No,DSL,No,No,Yes,Yes,No,No,Two year,Yes,Bank transfer (automatic),54.72,3326.47,No
C00826,Male,0,No,No,7,Yes,No,Fiber optic,Yes,No,No,Yes,Yes,Yes,Two year,No,Credit card (automatic),79.29,663.35,Yes
C00827,Female,1,Yes,Yes,29,Yes,Yes,DSL,Yes,Yes,Yes,No,Yes,No,Month-to-month,Yes,Electronic check,50.27,1462.58,No
C00828,Male,0,No,No,27,Yes,Yes,DSL,Yes,No,No,No,Yes,No,Month-to-month,Yes,Electronic check,39.63,1001.76,No
C00829,Female,0,Yes,Yes,7,Yes,Yes,Fiber optic,No,No,No,Yes,No,No,Month-to-month,No,Bank transfer (automatic),45.47,216.47,Yes
C00830,Male,0,No,No,18,Yes,Yes,DSL,No,No,Yes,No,No,No,Month-to-month,No,Credit card (automatic),18.0,18.0,No
C00831,Male,0,Yes,No,36,Yes,No,DSL,Yes,Yes,No,Yes,No,No,Month-to-month,Yes,Mailed check,38.68,1414.37,No
C00832,Male,1,No,Yes,12,Yes,No,Fiber optic,No,No,No,Yes,Yes,No,Two year,No,Credit card (automatic),95.38,983.8,Yes
C00833,Female,0,Yes,No,3,Yes,No,Fiber optic,Yes,No,Yes,No,No,Yes,Two year,Yes,Bank transfer (automatic),78.32,45.66,No
C00834,Male,0,Yes,Yes,30,Yes,Yes,Fiber optic,No,No,Yes,Yes,Yes,No,Month-to-month,Yes,Credit card (automatic),70.35,1875.8,Yes
C00835,Female,0,No,No,8,Yes,No,DSL,No,Yes,Yes,Yes,No,No,Two year,No,Electronic check,30.32,229.81,No
C00836,Male,0,No,No,36,Yes,No,DSL,Yes,No,Yes,No,Yes,Yes,Month-to-month,No,Mailed check,49.62,1681.41,No
C00837,Male,0,Yes,No,58,No,No phone service,Fiber optic,No,Yes,Yes,No,No,No,Month-to-month,No,Bank transfer (automatic),78.59,4257.59,No
C00838,Female,0,No,No,4,Yes,No,Fiber optic,No,No,Yes,Yes,No,No,Month-to-month,No,Electronic check,81.42,671.41,Yes
C00839,Male,0,Yes,No,18,Yes,No,No,No internet service,No internet service,No internet service,No internet service,No internet service,No internet service,Two year,Yes,Credit card (automatic),18.0,358.43,No
C00840,Male,0,No,No,18,Yes,No,Fiber optic,No,No,Yes,Yes,No,No,Two year,No,Credit card (automatic),76.09,1571.78,No
C00841,Female,0,No,No,32,No,No phone service,Fiber optic,No,Yes,No,Yes,Yes,Yes,One year,Yes,Bank transfer (automatic),77.99,2272.23,No
C00842,Male,0,No,Yes,13,Yes,Yes,No,No internet service,No internet service,No internet service,No internet service,No internet service,No internet service,One year,Yes,Bank transfer (automatic),40.19,781.86,No
C00843,Male,0,No,Yes,17,Yes,No,DSL,Yes,No,No,No,Yes,No,Two year,No,Electronic check,41.22,524.15,No
C00844,Male,0,No,No,1,No,No phone service,DSL,No,No,No,No,No,No,Month-to-month,No,Credit card (automatic),50.09,18.0,Yes
C00845,Male,0,Yes,No,4,Yes,No,Fiber optic,No,Yes,No,No,Yes,Yes,Month-to-month,Yes,Bank transfer (automatic),79.9,504.46,Yes
C00846,Female,0,No,No,26,Yes,Yes,Fiber optic,Yes,No,No,Yes,Yes,Yes,Two year,Yes,Electronic check,64.88,1834.65,No
C00847,Female,0,Yes,Yes,7,Yes,Yes,DSL,Yes,No,No,Yes,No,No,Month-to-month,Yes,Bank transfer (automatic),25.98,18.0,No
C00848,Male,0,No,No,4,Yes,Yes,Fiber optic,No,No,No,No,No,No,Two year,Yes,Electronic check,83.65,385.02,Yes
C00849,Female,0,No,No,12,Yes,Yes,DSL,No,Yes,Yes,Yes,No,No,One year,Yes,Electronic check,54.83,549.05,No
C00850,Male,0,Yes,No,5,Yes,Yes,Fiber optic,Yes,No,Yes,Yes,No,No,One year,Yes,Electronic check,66.89,554.62,No
C00851,Female,0,No,No,1,Yes,No,DSL,No,Yes,No,No,No,Yes,Month-to-month,Yes,Electronic check,48.01,18.0,Yes
C00852,Male,1,No,No,10,No,No phone service,No,No internet service,No internet service,No internet service,No internet service,No internet service,No internet service,Month-to-month,No,Electronic check,32.37,130.6,Yes
C00853,Male,1,No,No,5,Yes,Yes,DSL,No,Yes,No,Yes,Yes,No,Month-to-month,No,Credit card (automatic),44.77,434.11,No
C00854,Male,1,Yes,No,51,Yes,No,No,No internet service,No internet service,No internet service,No internet service,No internet service,No internet service,Two year,No,Electronic check,28.91,1521.19,No
C00855,Male,0,Yes,No,2,Yes,Yes,Fiber optic,No,No,No,No,No,No,Two year,No,Credit card (automatic),59.95,353.43,Yes
C00856,Male,0,No,Yes,44,Yes,Yes,No,No internet service,No internet service,No internet service,No internet service,No internet service,No internet service,Month-to-month,Yes,Electronic check,22.13,1181.04,No
C00857,Male,0,Yes,No,15,Yes,No,No,No internet service,No internet service,No internet service,No internet service,No internet service,No internet service,Month-to-month,No,Credit card (automatic),20.82,39.07,Yes
C00858,Female,0,Yes,No,35,Yes,Yes,DSL,No,No,No,No,Yes,Yes,Month-to-month,No,Electronic check,60.18,2303.36,No
C00859,Male,0,No,No,1,No,No phone service,DSL,No,No,No,Yes,No,No,Month-to-month,Yes,Bank transfer (automatic),27.92,28.65,Yes
C00860,Female,0,Yes,Yes,72,Yes,No,Fiber optic,Yes,No,No,No,No,Yes,Month-to-month,No,Mailed check,74.72,5376.66,No
C00861,Male,0,No,Yes,46,No,No phone service,DSL,No,No,Yes,Yes,No,No,Month-to-month,Yes,Electronic check,46.26,1853.84,No
C00862,Female,1,No,No,4,No,No phone service,No,No internet service,No internet service,No internet service,No internet service,No internet service,No internet service,Month-to-month,Yes,Mailed check,44.95,99.98,Yes
C00863,Female,0,No,No,7,No,No phone service,DSL,No,No,No,No,Yes,Yes,Month-to-month,No,Electronic check,29.68,187.01,Yes
C00864,Female,0,Yes,No,33,Yes,No,DSL,No,Yes,Yes,No,No,Yes,One year,Yes,Electronic check,48.91,1702.42,No
C00865,Male,0,Yes,No,72,Yes,No,DSL,Yes,Yes,Yes,No,Yes,No,One year,Yes,Mailed check,28.2,1905.58,No
C00866,Male,1,Yes,No,18,Yes,Yes,DSL,No,Yes,No,Yes,No,No,Month-to-month,Yes,Mailed check,37.42,779.84,No
C00867,Female,0,No,Yes,21,Yes,Yes,Fiber optic,Yes,Yes,No,Yes,Yes,No,One year,No,Bank transfer (automatic),87.13,2156.03,No
C00868,Male,0,Yes,No,8,Yes,No,Fiber optic,No,No,Yes,Yes,No,No,Month-to-month,Yes,Bank transfer (automatic),66.67,220.94,No
C00869,Female,1,No,No,15,No,No phone service,Fiber optic,Yes,Yes,No,No,No,No,Two year,No,Electronic check,98.39,1455.58,Yes
C00870,Male,0,No,No,10,Yes,Yes,No,No internet service,No internet service,No internet service,No internet service,No internet service,No internet service,Month-to-month,Yes,Electronic check,30.56,158.73,Yes
C00871,Female,0,No,No,13,Yes,Yes,DSL,No,Yes,No,No,No,No,One year,No,Electronic check,47.06,590.65,No
C00872,Female,0,Yes,No,1,Yes,No,Fiber optic,No,No,No,No,Yes,Yes,Month-to-month,Yes,Bank transfer (automatic),66.59,18.0,Yes
C00873,Male,0,Yes,No,1,Yes,Yes,DSL,No,Yes,Yes,No,Yes,No,Month-to-month,Yes,Bank transfer (automatic),39.08,149.9,Yes
C00874,Female,0,No,No,36,Yes,Yes,DSL,No,Yes,Yes,Yes,No,Yes,Month-to-month,Yes,Electronic check,58.02,1856.62,No
C00875,Male,0,Yes,No,36,Yes,No,DSL,No,No,No,No,No,No,Month-to-month,Yes,Mailed check,25.68,989.75,No
C00876,Female,1,Yes,No,12,Yes,Yes,No,No internet service,No internet service,No internet service,No internet service,No internet service,No internet service,Month-to-month,No,Credit card (automatic),29.11,605.18,No
C00877,Female,1,Yes,Yes,69,Yes,No,Fiber optic,Yes,Yes,No,Yes,No,Yes,Month-to-month,No,Credit card (automatic),88.32,6123.87,No
C00878,Male,0,No,No,9,Yes,No,Fiber optic,No,Yes,Yes,No,No,Yes,Month-to-month,No,Credit card (automatic),45.9,702.73,Yes
C00879,Male,0,No,Yes,16,Yes,No,Fiber optic,No,Yes,No,Yes,Yes,No,Two year,Yes,Bank transfer (automatic),64.94,1233.6,No
C00880,Male,0,No,Yes,42,Yes,Yes,Fiber optic,No,No,No,No,No,Yes,Month-to-month,No,Electronic check,61.27,2483.85,Yes
C00881,Female,0,No,Yes,43,Yes,No,Fiber optic,No,Yes,No,No,Yes,No,Month-to-month,Yes,Mailed check,76.85,3213.87,Yes
C00882,Male,0,Yes,No,63,Yes,No,DSL,Yes,No,No,No,Yes,Yes,Month-to-month,No,Electronic check,19.17,1494.96,No
C00883,Female,0,No,No,1,Yes,Yes,DSL,No,No,No,No,No,Yes,Month-to-month,Yes,Credit card (automatic),34.97,18.0,Yes
C00884,Female,0,Yes,No,6,Yes,No,Fiber optic,No,Yes,No,No,Yes,No,Month-to-month,No,Electronic check,54.98,18.0,Yes
C00885,Male,0,No,Yes,32,No,No phone service,Fiber optic,No,Yes,No,No,No,Yes,Two year,Yes,Electronic check,53.53,1775.03,No
C00886,Male,1,Yes,Yes,13,Yes,No,DSL,No,No,No,No,Yes,Yes,Two year,Yes,Electronic check,37.12,371.83,No
C00887,Female,0,Yes,No,1,Yes,No,DSL,No,No,Yes,No,Yes,No,Two year,Yes,Bank transfer (automatic),54.56,18.0,Yes
C00888,Female,0,No,Yes,28,Yes,No,DSL,No,No,No,No,Yes,No,Month-to-month,No,Credit card (automatic),34.63,740.89,Yes
C00889,Male,0,Yes,No,15,Yes,No,Fiber optic,No,No,Yes,No,No,No,Month-to-month,No,Mailed check,53.0,1017.03,Yes
C00890,Male,0,No,No,14,No,No phone service,Fiber optic,No,Yes,Yes,Yes,Yes,No,One year,Yes,Mailed check,80.87,1301.45,No
C00891,Male,0,Yes,No,9,Yes,No,Fiber optic,No,No,No,No,Yes,Yes,One year,Yes,Bank transfer (automatic),100.18,921.3,Yes
C00892,Male,0,Yes,No,1,Yes,Yes,Fiber optic,Yes,Yes,Yes,Yes,Yes,Yes,Month-to-month,Yes,Credit card (automatic),79.99,533.52,Yes
C00893,Male,0,Yes,Yes,6,Yes,No,DSL,No,No,No,Yes,Yes,Yes,Two year,Yes,Electronic check,43.29,43.44,No
C00894,Female,0,No,No,20,Yes,Yes,No,No internet service,No internet service,No internet service,No internet service,No internet service,No internet service,Two year,Yes,Credit card (automatic),25.8,388.11,No
C00895,Female,0,Yes,No,10,Yes,Yes,No,No internet service,No internet service,No internet service,No internet service,No internet service,No internet service,One year,Yes,Mailed check,18.0,18.0,No
C00896,Female,0,No,No,66,Yes,Yes,DSL,No,No,No,No,No,Yes,One year,Yes,Credit card (automatic),55.23,3742.78,No
C00897,Female,0,Yes,Yes,4,Yes,No,Fiber optic,Yes,No,No,Yes,No,Yes,One year,No,Electronic check,82.05,562.03,No
C00898,Male,1,Yes,No,66,Yes,Yes,No,No internet service,No internet service,No internet service,No internet service,No internet service,No internet service,Month-to-month,No,Credit card (automatic),23.56,1152.93,No
C00899,Male,0,Yes,No,16,Yes,No,Fiber optic,Yes,No,No,No,Yes,Yes,One year,No,Electronic check,76.3,1359.62,No
C00900,Male,1,No,Yes,10,Yes,No,No,No internet service,No internet service,No internet service,No internet service,No internet service,No internet service,One year,Yes,Bank transfer (automatic),20.2,231.37,No
C00901,Female,0,No,No,11,No,No phone service,DSL,No,No,Yes,No,No,No,Month-to-month,Yes,Electronic check,47.59,506.09,Yes
C00902,Female,1,Yes,Yes,12,Yes,Yes,Fiber optic,No,No,No,No,No,No,One year,Yes,Electronic check,68.01,570.28,Yes
C00903,Male,0,No,No,22,Yes,Yes,DSL,Yes,No,No,No,No,No,Month-to-month,Yes,Electronic check,59.86,1233.63,Yes
C00904,Male,0,No,No,13,Yes,No,DSL,Yes,Yes,No,Yes,No,Yes,One year,Yes,Bank transfer (automatic),40.95,670.16,No
C00905,Female,0,Yes,No,33,Yes,No,No,No internet service,No internet service,No internet service,No internet service,No internet service,No internet service,Month-to-month,No,Bank transfer (automatic),26.85,1364.72,No
C00906,Female,0,No,No,17,Yes,Yes,DSL,Yes,Yes,No,Yes,No,Yes,Two year,Yes,Electronic check,54.01,1018.0,No
C00907,Male,0,Yes,No,35,Yes,No,DSL,Yes,Yes,No,No,No,No,Two year,No,Mailed check,37.26,1516.37,No
C00908,Male,0,No,No,29,No,No phone service,Fiber optic,No,No,Yes,Yes,Yes,No,Month-to-month,Yes,Bank transfer (automatic),62.04,2081.39,Yes
C00909,Female,0,No,No,8,Yes,No,No,No internet service,No internet service,No internet service,No internet service,No internet service,No internet service,Month-to-month,Yes,Credit card (automatic),59.18,162.14,No
C00910,Male,0,Yes,Yes,53,Yes,No,DSL,Yes,No,No,No,No,Yes,Month-to-month,Yes,Electronic check,40.68,2179.62,No
C00911,Male,0,Yes,No,51,Yes,Yes,DSL,No,No,Yes,Yes,Yes,Yes,Month-to-month,Yes,Mailed check,55.89,2617.74,No
C00912,Male,0,No,No,72,No,No phone service,Fiber optic,No,No,No,Yes,Yes,No,Month-to-month,Yes,Electronic check,79.09,5943.74,No
C00913,Female,0,No,No,6,Yes,No,No,No internet service,No internet service,No internet service,No internet service,No internet service,No internet service,One year,Yes,Electronic check,19.33,116.21,No
C00914,Female,0,No,No,60,Yes,Yes,DSL,Yes,No,No,No,No,No,Month-to-month,Yes,Mailed check,59.22,3564.24,No
C00915,Female,0,Yes,No,65,Yes,No,Fiber optic,No,Yes,No,Yes,No,No,Month-to-month,Yes,Mailed check,53.46,3957.79,No
C00916,Female,1,Yes,No,32,Yes,No,Fiber optic,No,No,Yes,No,No,Yes,Month-to-month,Yes,Credit card (automatic),73.05,2541.25,No
C00917,Female,0,Yes,No,22,Yes,Yes,Fiber optic,No,Yes,No,Yes,No,No,Month-to-month,Yes,Credit card (automatic),51.36,1211.18,No
C00918,Female,0,Yes,No,72,Yes,No,DSL,Yes,No,No,No,No,Yes,Month-to-month,Yes,Mailed check,38.15,2596.34,No
C00919,Female,1,No,No,72,No,No phone service,No,No internet service,No internet service,No internet service,No internet service,No internet service,No internet service,Month-to-month,No,Bank transfer (automatic),31.94,1915.55,No
C00920,Male,0,No,No,32,Yes,Yes,No,No internet service,No internet service,No internet service,No internet service,No internet service,No internet service,One year,Yes,Bank transfer (automatic),22.16,639.6,No
C00921,Male,0,No,Yes,14,Yes,No,No,No internet service,No internet service,No internet service,No internet service,No internet service,No internet service,One year,No,Bank transfer (automatic),18.13,425.25,No
C00922,Male,0,Yes,Yes,54,Yes,No,Fiber optic,Yes,Yes,Yes,No,Yes,No,Month-to-month,Yes,Electronic check,58.13,3332.05,Yes
C00923,Male,0,No,No,2,Yes,No,DSL,Yes,No,Yes,Yes,No,No,One year,Yes,Credit card (automatic),53.08,18.0,No
C00924,Male,0,No,Yes,10,Yes,Yes,DSL,No,Yes,Yes,No,No,No,Month-to-month,No,Bank transfer (automatic),41.04,170.93,Yes
C00925,Male,0,No,No,72,Yes,No,Fiber optic,Yes,No,No,Yes,Yes,Yes,Two year,Yes,Bank transfer (automatic),76.21,5717.07,No
C00926,Male,0,No,No,53,Yes,Yes,No,No internet service,No internet service,No internet service,No internet service,No internet service,No internet service,Two year,Yes,Mailed check,32.75,1683.58,No
C00927,Female,0,No,Yes,72,Yes,Yes,No,No internet service,No internet service,No internet service,No internet service,No internet service,No internet service,Two year,Yes,Electronic check,18.0,1432.88,No
C00928,Female,0,No,No,28,Yes,No,No,No internet service,No internet service,No internet service,No internet service,No internet service,No internet service,Two year,Yes,Credit card (automatic),36.97,1108.87,No
C00929,Male,0,Yes,No,16,Yes,Yes,DSL,Yes,Yes,No,No,No,No,Two year,Yes,Bank transfer (automatic),51.03,667.05,No
C00930,Male,0,Yes,No,72,Yes,No,Fiber optic,No,No,No,Yes,Yes,No,Month-to-month,Yes,Bank transfer (automatic),92.63,6740.72,No
C00931,Female,0,No,Yes,11,Yes,No,Fiber optic,Yes,Yes,No,Yes,Yes,No,Two year,Yes,Mailed check,59.44,1060.02,No
C00932,Male,0,No,No,45,Yes,Yes,No,No internet service,No internet service,No internet service,No internet service,No internet service,No internet service,Month-to-month,No,Electronic check,35.18,1436.41,No
C00933,Male,0,Yes,No,26,No,No phone service,Fiber optic,No,No,Yes,No,Yes,No,Two year,No,Electronic check,111.92,2701.96,Yes
C00934,Female,1,Yes,Yes,8,Yes,Yes,DSL,No,No,Yes,No,No,No,Month-to-month,No,Mailed check,55.96,432.7,Yes
C00935,Male,1,No,No,1,Yes,No,DSL,No,No,No,No,No,No,Month-to-month,No,Credit card (automatic),48.45,18.0,No
C00936,Female,0,No,No,15,Yes,No,No,No internet service,No internet service,No internet service,No internet service,No internet service,No internet service,Month-to-month,Yes,Credit card (automatic),31.27,373.48,No
C00937,Male,0,Yes,Yes,25,Yes,Yes,Fiber optic,Yes,Yes,No,Yes,No,No,One year,Yes,Mailed check,102.23,2660.86,Yes
C00938,Female,0,No,No,6,Yes,Yes,Fiber optic,No,No,No,No,No,Yes,One year,No,Credit card (automatic),43.02,383.02,No
C00939,Female,0,No,No,17,Yes,No,No,No internet service,No internet service,No internet service,No internet service,No internet service,No internet service,One year,No,Credit card (automatic),18.0,326.97,No
C00940,Female,0,Yes,Yes,30,Yes,No,Fiber optic,No,Yes,No,Yes,No,Yes,Month-to-month,Yes,Mailed check,68.8,2217.34,Yes
C00941,Male,0,Yes,Yes,40,Yes,No,DSL,Yes,Yes,No,No,Yes,Yes,One year,Yes,Electronic check,47.73,2190.17,No
C00942,Female,0,No,Yes,1,Yes,Yes,DSL,Yes,No,No,No,Yes,No,One year,Yes,Mailed check,48.84,18.0,No
C00943,Male,0,No,Yes,34,Yes,No,DSL,Yes,No,Yes,Yes,No,Yes,Month-to-month,No,Credit card (automatic),56.29,1610.76,No
C00944,Male,1,No,No,1,Yes,Yes,DSL,No,No,Yes,No,Yes,Yes,Month-to-month,Yes,Mailed check,46.61,47.82,Yes
C00945,Male,0,No,Yes,1,Yes,No,DSL,Yes,Yes,No,No,Yes,Yes,Two year,Yes,Mailed check,44.7,18.0,No
C00946,Male,0,Yes,No,5,Yes,Yes,DSL,No,Yes,Yes,No,Yes,No,One year,Yes,Electronic check,42.1,477.35,Yes
C00947,Female,0,No,No,33,Yes,No,DSL,No,No,No,No,No,No,One year,Yes,Credit card (automatic),24.44,891.96,No
C00948,Female,0,Yes,No,1,Yes,Yes,DSL,No,No,Yes,Yes,No,Yes,Month-to-month,No,Electronic check,52.8,18.0,Yes
C00949,Male,0,Yes,Yes,1,Yes,No,DSL,Yes,Yes,No,Yes,No,Yes,Month-to-month,Yes,Mailed check,57.71,265.66,Yes
C00950,Male,0,Yes,No,4,Yes,No,No,No internet service,No internet service,No internet service,No internet service,No internet service,No internet service,Month-to-month,Yes,Electronic check,28.67,219.62,Yes
C00951,Female,0,Yes,Yes,72,Yes,No,No,No internet service,No internet service,No internet service,No internet service,No internet service,No internet service,One year,Yes,Electronic check,19.36,1684.41,No
C00952,Male,0,No,No,72,Yes,No,Fiber optic,Yes,No,No,Yes,No,Yes,One year,No,Mailed check,62.09,4444.45,No
C00953,Female,0,No,No,2,Yes,No,No,No internet service,No internet service,No internet service,No internet service,No internet service,No internet service,Two year,Yes,Credit card (automatic),22.05,18.0,No
C00954,Male,0,No,No,11,Yes,No,Fiber optic,Yes,Yes,Yes,No,No,Yes,One year,No,Electronic check,81.79,776.71,Yes
C00955,Male,0,Yes,No,72,No,No phone service,No,No internet service,No internet service,No internet service,No internet service,No internet service,No internet service,Month-to-month,Yes,Mailed check,18.0,1133.0,No
C00956,Female,1,No,No,3,Yes,No,Fiber optic,Yes,No,Yes,Yes,No,No,Two year,Yes,Mailed check,56.07,304.86,No
C00957,Male,0,No,No,3,Yes,No,Fiber optic,No,Yes,Yes,Yes,Yes,No,One year,Yes,Electronic check,70.21,148.15,Yes
C00958,Female,0,No,No,2,No,No phone service,No,No internet service,No internet service,No internet service,No internet service,No internet service,No internet service,One year,Yes,Credit card (automatic),44.91,53.43,No
C00959,Male,0,No,No,72,Yes,Yes,Fiber optic,No,No,No,Yes,No,Yes,One year,Yes,Electronic check,83.82,5813.27,No
C00960,Male,0,Yes,No,43,Yes,No,Fiber optic,No,Yes,No,Yes,Yes,Yes,Month-to-month,Yes,Credit card (automatic),58.37,2913.39,No
C00961,Male,0,Yes,No,7,Yes,Yes,Fiber optic,No,No,No,No,Yes,No,Month-to-month,No,Electronic check,87.89,670.37,Yes
C00962,Female,0,Yes,No,1,No,No phone service,No,No internet service,No internet service,No internet service,No internet service,No internet service,No internet service,One year,No,Mailed check,18.0,18.0,No
C00963,Male,0,No,No,72,Yes,No,Fiber optic,Yes,No,Yes,No,No,Yes,Two year,Yes,Credit card (automatic),87.57,6262.69,No
C00964,Male,0,No,No,17,Yes,Yes,Fiber optic,Yes,No,No,No,No,Yes,Two year,Yes,Credit card (automatic),64.09,806.68,No
C00965,Male,0,Yes,No,29,No,No phone service,Fiber optic,No,No,Yes,No,Yes,No,Two year,Yes,Mailed check,70.25,1911.72,No
C00966,Male,0,Yes,Yes,10,Yes,Yes,No,No internet service,No internet service,No internet service,No internet service,No internet service,No internet service,Two year,Yes,Electronic check,18.0,159.25,Yes
C00967,Female,0,Yes,Yes,45,Yes,Yes,Fiber optic,No,Yes,No,No,No,Yes,Month-to-month,No,Electronic check,92.76,4225.91,Yes
C00968,Female,0,No,No,7,Yes,Yes,Fiber optic,Yes,No,No,No,No,No,One year,No,Credit card (automatic),58.65,588.65,No
C00969,Male,0,Yes,No,49,Yes,No,Fiber optic,Yes,Yes,Yes,No,No,No,One year,Yes,Mailed check,58.23,2933.5,No
C00970,Female,0,Yes,No,8,Yes,No,DSL,Yes,No,Yes,Yes,No,No,Month-to-month,Yes,Electronic check,37.6,289.51,Yes
C00971,Male,0,Yes,No,3,Yes,Yes,Fiber optic,Yes,No,No,No,Yes,Yes,One year,Yes,Mailed check,64.4,164.75,No
C00972,Male,0,No,No,20,Yes,Yes,Fiber optic,Yes,No,Yes,Yes,No,Yes,Month-to-month,No,Electronic check,79.39,1554.09,Yes
C00973,Male,0,No,No,53,Yes,No,Fiber optic,No,No,Yes,No,No,No,Month-to-month,No,Bank transfer (automatic),58.23,3020.85,No
C00974,Female,0,No,Yes,15,Yes,No,DSL,No,No,No,Yes,No,Yes,Two year,Yes,Mailed check,47.47,775.41,No
C00975,Female,0,Yes,No,1,Yes,Yes,Fiber optic,Yes,No,Yes,No,Yes,Yes,Two year,Yes,Bank transfer (automatic),84.71,118.36,No
C00976,Female,0,Yes,Yes,25,Yes,Yes,No,No internet service,No internet service,No internet service,No internet service,No internet service,No internet service,Two year,No,Bank transfer (automatic),42.84,836.15,No
C00977,Female,1,Yes,No,36,Yes,No,Fiber optic,Yes,Yes,No,Yes,No,No,Month-to-month,Yes,Mailed check,73.79,2574.73,No
C00978,Female,0,Yes,Yes,43,Yes,Yes,DSL,Yes,Yes,No,No,Yes,No,One year,No,Bank transfer (automatic),34.45,1712.34,No
C00979,Female,0,Yes,No,16,Yes,No,DSL,Yes,Yes,No,No,No,No,One year,No,Bank transfer (automatic),46.28,854.5,No
C00980,Female,0,Yes,No,3,No,No phone service,Fiber optic,Yes,No,No,No,Yes,Yes,Month-to-month,Yes,Electronic check,36.22,109.65,Yes
C00981,Female,0,No,Yes,28,No,No phone service,Fiber optic,No,Yes,Yes,Yes,No,Yes,Month-to-month,No,Electronic check,65.05,1664.37,Yes
C00982,Female,0,Yes,No,12,Yes,No,No,No internet service,No internet service,No internet service,No internet service,No internet service,No internet service,Month-to-month,Yes,Credit card (automatic),18.0,18.0,No
C00983,Male,1,Yes,No,72,Yes,No,DSL,No,Yes,No,No,Yes,Yes,One year,Yes,Electronic check,32.18,2300.25,No
C00984,Female,0,No,Yes,22,Yes,No,Fiber optic,No,No,No,Yes,No,No,Month-to-month,Yes,Electronic check,63.31,1066.1,Yes
C00985,Female,0,No,No,20,Yes,Yes,Fiber optic,No,Yes,Yes,No,No,No,Month-to-month,Yes,Bank transfer (automatic),88.82,1634.62,Yes
C00986,Female,0,No,No,11,No,No phone service,Fiber optic,Yes,No,Yes,No,No,No,Two year,Yes,Electronic check,71.51,609.01,Yes
C00987,Female,0,No,No,13,Yes,Yes,No,No internet service,No internet service,No internet service,No internet service,No internet service,No internet service,Month-to-month,No,Credit card (automatic),18.0,172.1,No
C00988,Female,0,Yes,Yes,23,Yes,No,DSL,No,Yes,No,Yes,No,No,One year,No,Electronic check,25.96,889.09,No
C00989,Female,0,No,Yes,11,Yes,Yes,DSL,No,Yes,Yes,Yes,Yes,No,Month-to-month,No,Credit card (automatic),36.29,218.75,No
C00990,Female,0,No,No,71,Yes,Yes,No,No internet service,No internet service,No internet service,No internet service,No internet service,No internet service,Month-to-month,No,Mailed check,23.07,1462.2,No
C00991,Female,0,Yes,Yes,18,Yes,No,DSL,No,Yes,Yes,Yes,Yes,Yes,Month-to-month,Yes,Electronic check,44.17,736.88,No
C00992,Female,0,Yes,Yes,11,Yes,No,No,No internet service,No internet service,No internet service,No internet service,No internet service,No internet service,Month-to-month,No,Bank transfer (automatic),29.89,57.84,No
C00993,Female,0,No,No,5,Yes,Yes,Fiber optic,No,Yes,No,No,Yes,No,Two year,No,Electronic check,78.22,305.88,Yes
C00994,Female,0,Yes,No,35,Yes,No,DSL,No,Yes,No,Yes,No,Yes,Two year,Yes,Bank transfer (automatic),18.0,226.47,No
C00995,Male,0,Yes,No,1,Yes,No,DSL,No,No,Yes,No,No,Yes,One year,Yes,Credit card (automatic),48.5,18.0,No
C00996,Male,0,Yes,No,19,Yes,No,DSL,Yes,No,No,No,No,No,Two year,Yes,Electronic check,74.29,1414.94,No
C00997,Female,0,Yes,No,25,Yes,No,Fiber optic,No,No,No,No,No,No,Month-to-month,Yes,Electronic check,100.98,2651.73,Yes
C00998,Female,0,Yes,No,13,No,No phone service,DSL,No,No,Yes,Yes,No,No,Month-to-month,Yes,Mailed check,51.35,824.21,No
C00999,Male,0,Yes,Yes,44,Yes,Yes,Fiber optic,No,No,No,Yes,Yes,Yes,Two year,Yes,Credit card (automatic),56.22,2274.55,No
C01000,Female,0,Yes,No,36,Yes,No,DSL,Yes,No,Yes,No,No,No,Two year,Yes,Mailed check,48.85,1461.84,No
C01001,Male,0,Yes,No,72,Yes,No,No,No internet service,No internet service,No internet service,No internet service,No internet service,No internet service,One year,Yes,Electronic check,42.13,3004.68,No
C01002,Male,0,No,No,22,Yes,No,No,No internet service,No internet service,No internet service,No internet service,No internet service,No internet service,Month-to-month,Yes,Electronic check,44.81,1159.25,Yes
C01003,Male,0,Yes,No,24,Yes,No,Fiber optic,No,No,Yes,No,No,Yes,Month-to-month,No,Electronic check,51.57,1250.35,Yes
C01004,Male,0,No,No,9,Yes,Yes,No,No internet service,No internet service,No internet service,No internet service,No internet service,No internet service,Month-to-month,Yes,Electronic check,18.0,18.0,Yes
C01005,Male,0,No,Yes,15,Yes,No,Fiber optic,No,No,Yes,No,Yes,Yes,Month-to-month,Yes,Bank transfer (automatic),71.13,965.66,Yes
C01006,Female,0,No,Yes,1,Yes,Yes,DSL,Yes,No,No,No,No,No,Month-to-month,No,Electronic check,54.88,18.0,Yes
C01007,Male,0,No,No,37,Yes,No,DSL,No,No,Yes,No,No,Yes,Month-to-month,Yes,Credit card (automatic),42.09,1822.13,No
C01008,Female,0,Yes,No,11,Yes,Yes,Fiber optic,No,Yes,No,No,No,Yes,Month-to-month,Yes,Bank transfer (automatic),68.01,1182.34,Yes
C01009,Female,0,Yes,Yes,24,Yes,Yes,DSL,No,Yes,Yes,No,No,Yes,Month-to-month,Yes,Bank transfer (automatic),40.97,996.17,No
C01010,Male,0,No,No,9,Yes,Yes,No,No internet service,No internet service,No internet service,No internet service,No internet service,No internet service,Month-to-month,No,Mailed check,22.4,201.44,No
C01011,Male,0,Yes,No,31,Yes,No,No,No internet service,No internet service,No internet service,No internet service,No internet service,No internet service,Month-to-month,Yes,Bank transfer (automatic),25.63,842.95,No
C01012,Female,0,No,No,18,Yes,No,Fiber optic,No,No,No,No,No,Yes,Two year,Yes,Electronic check,65.24,1332.85,No
C01013,Male,0,No,No,21,No,No phone service,Fiber optic,No,Yes,Yes,No,Yes,No,Month-to-month,No,Mailed check,68.78,1276.77,Yes
C01014,Male,0,Yes,Yes,72,Yes,No,DSL,No,Yes,No,No,No,No,Two year,Yes,Credit card (automatic),44.27,3098.76,No
C01015,Female,0,No,No,39,Yes,No,DSL,Yes,No,Yes,Yes,No,Yes,Month-to-month,No,Electronic check,43.37,1643.27,Yes
C01016,Female,0,No,No,9,Yes,No,Fiber optic,No,No,No,Yes,Yes,No,Two year,Yes,Mailed check,61.98,606.23,Yes
C01017,Male,0,Yes,Yes,22,Yes,Yes,Fiber optic,No,Yes,Yes,No,No,No,One year,No,Electronic check,72.95,1629.42,Yes
C01018,Female,0,Yes,No,20,Yes,No,Fiber optic,No,Yes,No,No,No,Yes,Two year,No,Electronic check,56.75,1084.21,No
C01019,Male,0,No,No,50,Yes,No,DSL,Yes,No,Yes,No,Yes,Yes,Month-to-month,Yes,Mailed check,35.68,1870.37,No
C01020,Male,0,No,Yes,57,Yes,Yes,Fiber optic,Yes,Yes,Yes,Yes,Yes,No,One year,No,Electronic check,44.77,2498.4,No
C01021,Male,0,Yes,No,10,Yes,No,No,No internet service,No internet service,No internet service,No internet service,No internet service,No internet service,Month-to-month,No,Mailed check,18.0,215.49,No
C01022,Female,0,Yes,Yes,55,No,No phone service,Fiber optic,No,No,Yes,No,Yes,Yes,Month-to-month,Yes,Bank transfer (automatic),71.61,4127.46,Yes
C01023,Female,0,No,No,6,Yes,Yes,Fiber optic,Yes,No,No,No,No,No,One year,No,Credit card (automatic),78.75,363.21,No
C01024,Female,0,No,No,46,Yes,Yes,DSL,Yes,Yes,No,No,No,No,Two year,No,Electronic check,48.32,2291.27,No
C01025,Female,0,No,No,9,Yes,No,DSL,No,No,No,Yes,Yes,No,Month-to-month,Yes,Credit card (automatic),70.63,636.78,Yes
C01026,Female,1,No,No,11,Yes,No,Fiber optic,No,Yes,No,Yes,No,No,Month-to-month,No,Mailed check,83.87,1415.39,Yes
C01027,Male,0,Yes,No,61,Yes,No,DSL,No,No,No,Yes,No,No,Month-to-month,Yes,Mailed check,56.55,3538.37,No
C01028,Male,0,Yes,No,17,Yes,No,Fiber optic,No,Yes,No,Yes,No,No,Month-to-month,Yes,Bank transfer (automatic),59.61,957.77,Yes
C01029,Male,0,No,No,72,Yes,No,DSL,No,Yes,No,No,No,No,One year,Yes,Electronic check,41.5,3019.88,No
C01030,Male,0,No,No,5,Yes,No,Fiber optic,No,No,No,No,No,Yes,Month-to-month,Yes,Credit card (automatic),50.26,288.78,Yes
C01031,Female,0,Yes,No,19,Yes,No,Fiber optic,No,Yes,Yes,No,No,No,One year,Yes,Bank transfer (automatic),85.45,1793.3,Yes
C01032,Male,0,Yes,No,42,Yes,Yes,DSL,Yes,No,Yes,No,No,No,Month-to-month,Yes,Mailed check,59.6,3056.54,No
C01033,Female,0,No,Yes,1,Yes,No,No,No internet service,No internet service,No internet service,No internet service,No internet service,No internet service,Month-to-month,No,Electronic check,23.2,18.0,No
C01034,Male,0,Yes,Yes,5,Yes,Yes,No,No internet service,No internet service,No internet service,No internet service,No internet service,No internet service,Month-to-month,Yes,Mailed check,24.14,168.77,No
C01035,Female,1,No,No,1,Yes,No,Fiber optic,Yes,Yes,No,No,No,No,Month-to-month,Yes,Bank transfer (automatic),88.12,18.0,Yes
C01036,Female,0,Yes,No,72,No,No phone service,Fiber optic,No,No,Yes,No,Yes,Yes,One year,Yes,Bank transfer (automatic),68.06,5006.51,No
C01037,Male,0,Yes,No,45,Yes,No,Fiber optic,No,No,No,No,Yes,No,Month-to-month,Yes,Mailed check,55.56,2587.63,No
C01038,Male,0,Yes,Yes,14,Yes,No,Fiber optic,Yes,No,Yes,Yes,Yes,No,Month-to-month,No,Electronic check,77.4,1240.85,Yes
C01039,Male,0,No,No,5,Yes,No,Fiber optic,No,No,Yes,No,Yes,Yes,Two year,Yes,Bank transfer (automatic),94.95,599.11,Yes
C01040,Male,0,No,Yes,3,Yes,No,No,No internet service,No internet service,No internet service,No internet service,No internet service,No internet service,One year,No,Electronic check,18.0,64.89,No
C01041,Female,0,No,No,24,No,No phone service,Fiber optic,Yes,Yes,No,Yes,No,No,Two year,No,Credit card (automatic),53.7,1059.06,No
C01042,Male,0,No,No,72,Yes,No,Fiber optic,No,No,No,Yes,No,Yes,Month-to-month,Yes,Mailed check,86.06,6337.55,No
C01043,Male,0,Yes,Yes,35,Yes,Yes,DSL,Yes,No,No,No,No,No,Month-to-month,Yes,Credit card (automatic),66.76,2183.54,Yes
C01044,Female,0,Yes,No,14,Yes,No,DSL,No,No,No,No,Yes,No,Two year,Yes,Mailed check,53.34,637.27,No
C01045,Male,0,No,No,22,Yes,No,Fiber optic,No,No,Yes,No,No,No,Two year,Yes,Mailed check,71.7,1509.11,No
C01046,Male,1,No,Yes,72,Yes,No,No,No internet service,No internet service,No internet service,No internet service,No internet service,No internet service,One year,Yes,Bank transfer (automatic),18.0,1418.07,No
C01047,Male,0,No,No,23,Yes,No,Fiber optic,No,No,No,Yes,No,Yes,Month-to-month,No,Mailed check,80.01,1828.83,Yes
C01048,Male,0,No,No,72,Yes,Yes,Fiber optic,No,Yes,Yes,No,No,No,Two year,No,Electronic check,73.35,5400.95,No
C01049,Male,0,Yes,Yes,1,Yes,No,DSL,Yes,Yes,No,No,No,Yes,Month-to-month,No,Credit card (automatic),43.01,18.0,No
C01050,Female,0,Yes,No,40,Yes,No,Fiber optic,No,No,No,No,Yes,Yes,Month-to-month,No,Bank transfer (automatic),65.65,2844.84,No
C01051,Male,1,No,Yes,31,Yes,No,Fiber optic,No,No,Yes,Yes,No,No,Month-to-month,No,Bank transfer (automatic),66.84,2213.98,No
C01052,Male,0,Yes,No,36,Yes,Yes,Fiber optic,Yes,Yes,No,Yes,Yes,Yes,Month-to-month,Yes,Bank transfer (automatic),82.44,3028.94,No
C01053,Male,0,Yes,No,27,Yes,Yes,Fiber optic,No,Yes,Yes,Yes,Yes,No,Two year,Yes,Bank transfer (automatic),66.61,1764.18,No
C01054,Male,0,No,No,1,No,No phone service,No,No internet service,No internet service,No internet service,No internet service,No internet service,No internet service,Two year,No,Electronic check,29.75,18.0,No
C01055,Male,1,Yes,Yes,5,Yes,No,No,No internet service,No internet service,No internet service,No internet service,No internet service,No internet service,Month-to-month,Yes,Electronic check,42.88,442.66,Yes
C01056,Female,0,No,Yes,72,Yes,No,Fiber optic,Yes,No,No,Yes,Yes,Yes,Two year,Yes,Bank transfer (automatic),72.84,5213.02,No
C01057,Male,0,Yes,No,8,Yes,No,No,No internet service,No internet service,No internet service,No internet service,No internet service,No internet service,Month-to-month,Yes,Credit card (automatic),48.37,710.2,No
C01058,Female,0,No,No,72,Yes,Yes,Fiber optic,Yes,No,Yes,No,No,No,Month-to-month,No,Bank transfer (automatic),69.5,5501.17,No
C01059,Female,0,No,No,36,Yes,Yes,No,No internet service,No internet service,No internet service,No internet service,No internet service,No internet service,Month-to-month,No,Credit card (automatic),18.0,721.11,No
C01060,Male,0,No,Yes,18,Yes,Yes,Fiber optic,Yes,No,No,Yes,Yes,No,Two year,No,Credit card (automatic),89.96,1268.59,No
C01061,Male,1,Yes,No,72,Yes,No,No,No internet service,No internet service,No internet service,No internet service,No internet service,No internet service,Two year,No,Electronic check,18.0,1467.68,No
C01062,Male,0,Yes,No,50,Yes,Yes,DSL,No,Yes,No,No,No,No,Month-to-month,No,Mailed check,42.2,2326.74,No
C01063,Male,0,Yes,No,17,Yes,Yes,Fiber optic,Yes,Yes,No,Yes,No,No,Two year,No,Bank transfer (automatic),51.37,1135.98,No
C01064,Female,0,Yes,No,2,Yes,Yes,DSL,No,No,No,Yes,No,No,One year,Yes,Mailed check,35.98,18.0,No
C01065,Male,0,No,No,64,Yes,No,DSL,No,No,No,No,No,Yes,Month-to-month,No,Bank transfer (automatic),37.88,2604.38,No
C01066,Male,0,Yes,Yes,46,Yes,No,Fiber optic,No,Yes,No,No,No,Yes,Two year,Yes,Electronic check,61.84,2750.23,No
C01067,Male,1,Yes,No,50,Yes,Yes,DSL,No,Yes,No,Yes,No,Yes,Two year,Yes,Bank transfer (automatic),51.77,2574.11,No
C01068,Male,0,Yes,Yes,43,Yes,Yes,Fiber optic,No,No,No,No,No,No,Month-to-month,Yes,Bank transfer (automatic),70.52,3070.85,Yes
C01069,Male,0,No,No,10,Yes,Yes,Fiber optic,No,Yes,No,Yes,No,Yes,Month-to-month,No,Credit card (automatic),100.95,1119.91,Yes
C01070,Male,0,Yes,No,62,Yes,No,DSL,Yes,No,No,No,No,Yes,One year,Yes,Credit card (automatic),36.72,2342.18,No
C01071,Female,0,No,No,1,No,No phone service,Fiber optic,No,No,No,No,No,Yes,One year,No,Mailed check,67.38,358.96,Yes
C01072,Female,0,No,No,8,Yes,No,No,No internet service,No internet service,No internet service,No internet service,No internet service,No internet service,Month-to-month,Yes,Electronic check,43.68,382.26,Yes
C01073,Male,0,No,No,1,Yes,No,Fiber optic,No,No,Yes,No,Yes,No,Month-to-month,Yes,Mailed check,41.36,244.05,Yes
C01074,Male,0,No,No,3,Yes,No,DSL,No,Yes,No,No,Yes,Yes,Month-to-month,Yes,Bank transfer (automatic),50.16,209.56,No
C01075,Male,0,Yes,Yes,24,Yes,Yes,Fiber optic,No,Yes,Yes,No,No,No,Month-to-month,Yes,Mailed check,73.8,1835.5,No
C01076,Female,0,No,No,1,Yes,No,DSL,No,No,No,No,Yes,No,Month-to-month,Yes,Credit card (automatic),43.54,211.19,No
C01077,Male,0,No,No,6,Yes,Yes,Fiber optic,No,No,Yes,No,No,Yes,One year,Yes,Electronic check,55.58,467.38,Yes
C01078,Female,0,No,No,8,Yes,No,Fiber optic,No,No,Yes,No,No,No,Month-to-month,Yes,Bank transfer (automatic),87.04,408.72,Yes
C01079,Male,1,No,Yes,34,Yes,No,No,No internet service,No internet service,No internet service,No internet service,No internet service,No internet service,Two year,Yes,Bank transfer (automatic),18.0,607.71,No
C01080,Male,0,Yes,Yes,20,Yes,No,Fiber optic,No,Yes,Yes,Yes,Yes,No,Month-to-month,No,Electronic check,57.06,1178.02,Yes
C01081,Male,0,Yes,No,19,Yes,No,Fiber optic,Yes,No,Yes,Yes,Yes,No,One year,No,Electronic check,55.15,1490.77,No
C01082,Male,0,No,No,46,Yes,No,Fiber optic,Yes,Yes,No,No,No,No,Two year,Yes,Bank transfer (automatic),55.72,2192.64,No
C01083,Female,0,No,Yes,19,No,No phone service,Fiber optic,No,Yes,No,Yes,Yes,No,One year,No,Bank transfer (automatic),86.83,1809.74,No
C01084,Female,0,Yes,Yes,13,Yes,No,No,No internet service,No internet service,No internet service,No internet service,No internet service,No internet service,Two year,No,Credit card (automatic),44.64,739.8,No
C01085,Male,0,Yes,Yes,72,Yes,No,DSL,Yes,Yes,Yes,Yes,No,No,Month-to-month,Yes,Bank transfer (automatic),47.79,3706.67,No
C01086,Male,0,Yes,No,1,Yes,No,DSL,No,Yes,No,Yes,Yes,No,Month-to-month,Yes,Bank transfer (automatic),27.28,72.26,No
C01087,Female,0,No,No,11,Yes,No,DSL,Yes,Yes,No,No,No,No,Month-to-month,No,Mailed check,24.0,361.63,No
C01088,Female,0,No,No,30,Yes,No,DSL,Yes,Yes,Yes,Yes,No,Yes,One year,Yes,Electronic check,55.89,1596.1,No
C01089,Female,0,No,Yes,48,Yes,No,Fiber optic,Yes,Yes,Yes,Yes,No,No,Two year,Yes,Mailed check,57.94,2847.54,No
C01090,Female,1,Yes,No,54,Yes,No,Fiber optic,No,No,No,Yes,No,Yes,Month-to-month,Yes,Bank transfer (automatic),44.08,2217.83,No
C01091,Male,0,Yes,Yes,1,Yes,Yes,No,No internet service,No internet service,No internet service,No internet service,No internet service,No internet service,One year,Yes,Credit card (automatic),18.0,149.78,No
C01092,Female,0,Yes,No,39,Yes,No,Fiber optic,No,Yes,No,Yes,Yes,No,Month-to-month,No,Bank transfer (automatic),75.46,2988.37,No
C01093,Male,0,Yes,No,40,Yes,Yes,Fiber optic,No,No,No,No,No,No,Month-to-month,No,Bank transfer (automatic),37.28,1509.4,No
C01094,Female,0,No,No,7,Yes,No,Fiber optic,Yes,No,Yes,No,No,No,Month-to-month,Yes,Mailed check,68.23,480.03,Yes
C01095,Female,0,Yes,No,3,Yes,No,No,No internet service,No internet service,No internet service,No internet service,No internet service,No internet service,Month-to-month,Yes,Mailed check,52.07,18.0,No
C01096,Female,0,No,No,44,Yes,No,Fiber optic,No,No,Yes,No,No,Yes,Two year,No,Mailed check,73.87,3470.12,No
C01097,Female,1,No,No,9,Yes,Yes,DSL,Yes,No,Yes,Yes,No,No,Two year,Yes,Mailed check,48.04,351.35,No
C01098,Female,1,No,No,1,Yes,No,DSL,No,No,Yes,No,No,No,Month-to-month,No,Mailed check,20.07,72.59,Yes
C01099,Male,0,Yes,Yes,8,Yes,No,No,No internet service,No internet service,No internet service,No internet service,No internet service,No internet service,Two year,Yes,Credit card (automatic),33.48,353.07,No
C01100,Male,0,Yes,No,1,Yes,No,Fiber optic,Yes,No,No,Yes,No,Yes,Month-to-month,No,Electronic check,106.83,18.0,Yes
C01101,Female,1,Yes,Yes,9,Yes,No,DSL,Yes,Yes,Yes,No,No,No,Month-to-month,Yes,Mailed check,34.91,258.26,No
C01102,Female,0,No,No,13,Yes,No,Fiber optic,No,No,No,No,No,Yes,Two year,No,Credit card (automatic),79.23,518.52,No
C01103,Male,1,No,Yes,10,Yes,Yes,No,No internet service,No internet service,No internet service,No internet service,No internet service,No internet service,Month-to-month,Yes,Mailed check,29.63,227.42,Yes
C01104,Female,0,Yes,Yes,72,Yes,No,No,No internet service,No internet service,No internet service,No internet service,No internet service,No internet service,Two year,Yes,Credit card (automatic),18.0,1376.15,No
C01105,Female,0,Yes,No,8,Yes,Yes,Fiber optic,No,No,Yes,Yes,No,No,Two year,Yes,Bank transfer (automatic),41.21,313.14,No
C01106,Male,0,No,No,20,Yes,No,No,No internet service,No internet service,No internet service,No internet service,No internet service,No internet service,Month-to-month,Yes,Electronic check,18.0,160.63,No
C01107,Female,0,No,No,72,Yes,No,Fiber optic,No,Yes,Yes,Yes,No,No,Month-to-month,Yes,Electronic check,92.41,6542.13,Yes
C01108,Female,0,No,Yes,67,Yes,No,Fiber optic,Yes,No,No,Yes,Yes,Yes,Two year,No,Electronic check,63.29,4577.4,No
C01109,Male,0,Yes,Yes,11,Yes,Yes,Fiber optic,Yes,No,No,Yes,No,No,One year,Yes,Bank transfer (automatic),78.1,678.14,No
C01110,Male,0,Yes,No,12,Yes,Yes,No,No internet service,No internet service,No internet service,No internet service,No internet service,No internet service,One year,Yes,Bank transfer (automatic),37.43,581.94,No
C01111,Male,0,Yes,No,28,Yes,No,Fiber optic,No,No,Yes,No,No,Yes,Month-to-month,No,Bank transfer (automatic),36.04,1213.07,No
C01112,Female,0,Yes,No,72,Yes,No,DSL,No,No,No,Yes,Yes,Yes,Month-to-month,Yes,Credit card (automatic),20.86,1238.08,No
C01113,Male,0,No,No,1,Yes,No,Fiber optic,No,No,No,Yes,No,Yes,Month-to-month,Yes,Electronic check,81.72,314.82,Yes
C01114,Male,0,Yes,No,15,Yes,No,Fiber optic,Yes,Yes,No,Yes,No,Yes,Month-to-month,Yes,Electronic check,39.82,759.42,Yes
C01115,Male,0,Yes,No,60,Yes,No,Fiber optic,Yes,No,Yes,Yes,No,Yes,Month-to-month,Yes,Electronic check,43.33,2406.27,No
C01116,Male,0,No,No,16,Yes,No,DSL,Yes,No,No,Yes,No,No,One year,Yes,Mailed check,52.61,886.96,No
C01117,Male,1,Yes,No,40,Yes,Yes,Fiber optic,Yes,No,No,Yes,No,No,Month-to-month,Yes,Mailed check,64.96,2191.27,No
C01118,Male,1,No,Yes,37,Yes,Yes,DSL,Yes,No,Yes,No,No,Yes,One year,No,Electronic check,56.39,1880.59,No
C01119,Female,0,Yes,Yes,7,Yes,Yes,No,No internet service,No internet service,No internet service,No internet service,No internet service,No internet service,Month-to-month,No,Electronic check,18.0,153.0,No
C01120,Female,0,No,No,19,Yes,Yes,Fiber optic,No,Yes,Yes,Yes,Yes,Yes,Month-to-month,No,Mailed check,57.76,1073.51,Yes
C01121,Male,0,Yes,Yes,26,Yes,No,No,No internet service,No internet service,No internet service,No internet service,No internet service,No internet service,One year,Yes,Credit card (automatic),18.0,123.78,No
C01122,Male,1,No,Yes,40,Yes,No,Fiber optic,No,No,No,No,Yes,No,Two year,No,Bank transfer (automatic),82.43,3741.88,No
C01123,Male,0,Yes,No,55,Yes,No,Fiber optic,Yes,Yes,No,No,No,No,Month-to-month,Yes,Credit card (automatic),87.24,4871.82,No
C01124,Female,0,Yes,No,45,Yes,Yes,DSL,Yes,Yes,No,No,No,No,One year,No,Bank transfer (automatic),34.53,1323.15,No
C01125,Female,0,No,No,1,No,No phone service,Fiber optic,No,No,Yes,No,No,Yes,One year,No,Credit card (automatic),60.25,76.06,No
C01126,Female,0,Yes,No,35,Yes,No,No,No internet service,No internet service,No internet service,No internet service,No internet service,No internet service,Month-to-month,Yes,Electronic check,18.6,440.33,No
C01127,Female,0,Yes,No,22,Yes,No,DSL,No,No,Yes,Yes,No,No,Two year,Yes,Credit card (automatic),40.1,1033.01,No
C01128,Female,0,No,No,27,Yes,No,DSL,No,Yes,No,No,No,No,Month-to-month,Yes,Bank transfer (automatic),57.05,1187.13,Yes
C01129,Female,1,No,Yes,14,Yes,Yes,No,No internet service,No internet service,No internet service,No internet service,No internet service,No internet service,Month-to-month,No,Bank transfer (automatic),21.83,375.9,Yes
C01130,Female,1,Yes,No,40,No,No phone service,No,No internet service,No internet service,No internet service,No internet service,No internet service,No internet service,Month-to-month,Yes,Bank transfer (automatic),18.0,748.4,No
C01131,Female,0,Yes,No,35,Yes,No,Fiber optic,No,No,Yes,No,No,Yes,One year,Yes,Mailed check,87.74,2752.88,No
C01132,Female,0,Yes,No,27,Yes,No,Fiber optic,Yes,No,Yes,Yes,No,No,Two year,Yes,Mailed check,45.15,1438.25,No
C01133,Male,0,Yes,No,63,Yes,No,Fiber optic,No,Yes,No,Yes,No,No,Month-to-month,No,Credit card (automatic),73.22,4710.15,No
C01134,Male,0,No,No,3,Yes,Yes,Fiber optic,No,No,Yes,Yes,No,No,Month-to-month,Yes,Mailed check,79.82,421.56,Yes
C01135,Male,0,No,No,11,No,No phone service,Fiber optic,Yes,No,No,No,Yes,No,Month-to-month,Yes,Mailed check,41.91,336.28,Yes
C01136,Male,0,Yes,No,21,Yes,Yes,Fiber optic,Yes,No,Yes,No,No,No,Two year,Yes,Bank transfer (automatic),62.62,1291.88,No
C01137,Female,0,No,No,72,Yes,Yes,Fiber optic,Yes,No,Yes,No,No,Yes,Month-to-month,Yes,Credit card (automatic),68.49,5044.73,No
C01138,Female,0,No,No,2,Yes,No,DSL,No,Yes,No,No,No,No,Two year,Yes,Electronic check,18.0,192.15,No
C01139,Male,0,No,No,13,Yes,No,DSL,No,Yes,No,No,No,Yes,Month-to-month,Yes,Credit card (automatic),67.22,1359.57,Yes
C01140,Female,0,Yes,No,72,Yes,Yes,Fiber optic,Yes,No,No,Yes,Yes,No,One year,Yes,Credit card (automatic),94.55,6540.96,No
C01141,Male,0,Yes,No,72,Yes,No,DSL,Yes,No,No,Yes,No,Yes,Month-to-month,No,Electronic check,42.42,3024.01,No
C01142,Female,1,No,Yes,64,Yes,No,Fiber optic,Yes,Yes,Yes,No,Yes,Yes,Two year,Yes,Electronic check,60.13,4156.11,No
C01143,Male,1,Yes,Yes,11,Yes,No,DSL,Yes,Yes,Yes,No,Yes,Yes,Month-to-month,Yes,Credit card (automatic),21.07,173.66,Yes
C01144,Female,1,Yes,No,60,Yes,Yes,DSL,Yes,No,Yes,Yes,No,No,Two year,Yes,Electronic check,42.99,3011.32,No
C01145,Female,0,Yes,No,22,Yes,Yes,Fiber optic,Yes,No,No,No,No,No,One year,Yes,Credit card (automatic),70.32,1586.58,No
C01146,Male,0,Yes,Yes,30,No,No phone service,DSL,No,No,No,Yes,No,Yes,One year,No,Electronic check,64.7,2410.55,No
C01147,Female,0,No,No,8,Yes,No,Fiber optic,No,No,Yes,No,Yes,No,Month-to-month,Yes,Electronic check,96.18,920.75,Yes
C01148,Male,1,No,No,39,Yes,No,DSL,Yes,Yes,No,No,Yes,No,Month-to-month,Yes,Bank transfer (automatic),39.91,1281.06,No
C01149,Male,0,Yes,No,12,Yes,Yes,Fiber optic,No,No,No,Yes,No,Yes,One year,No,Mailed check,64.72,426.87,No
C01150,Male,0,Yes,Yes,13,No,No phone service,DSL,Yes,Yes,No,No,Yes,Yes,Two year,Yes,Credit card (automatic),19.75,222.04,No
C01151,Male,0,No,No,32,Yes,Yes,DSL,No,Yes,No,No,Yes,No,Month-to-month,No,Electronic check,30.38,901.17,No
C01152,Female,0,Yes,No,8,Yes,Yes,Fiber optic,Yes,No,Yes,No,No,No,Two year,No,Electronic check,68.03,720.26,No
C01153,Female,0,No,No,8,Yes,Yes,Fiber optic,No,Yes,No,Yes,No,Yes,Month-to-month,No,Bank transfer (automatic),61.8,434.77,No
C01154,Female,0,No,Yes,14,Yes,Yes,DSL,Yes,Yes,Yes,Yes,No,No,Month-to-month,Yes,Mailed check,53.56,725.29,No
C01155,Male,0,Yes,No,48,No,No phone service,Fiber optic,No,Yes,Yes,No,No,No,Month-to-month,No,Bank transfer (automatic),88.77,4208.06,No
C01156,Female,0,No,Yes,8,No,No phone service,DSL,No,Yes,No,Yes,No,Yes,Month-to-month,No,Electronic check,37.77,89.24,Yes
C01157,Male,1,No,No,49,Yes,No,Fiber optic,No,No,No,Yes,No,No,One year,No,Credit card (automatic),91.14,4321.42,No
C01158,Female,0,Yes,Yes,38,Yes,No,Fiber optic,Yes,No,No,No,No,Yes,Month-to-month,Yes,Electronic check,90.49,3461.78,No
C01159,Female,0,Yes,No,36,Yes,No,DSL,No,Yes,No,No,Yes,Yes,Month-to-month,No,Mailed check,36.48,1607.18,No
C01160,Female,0,No,Yes,20,Yes,Yes,No,No internet service,No internet service,No internet service,No internet service,No internet service,No internet service,One year,No,Bank transfer (automatic),18.0,736.81,No
C01161,Male,1,Yes,Yes,43,Yes,Yes,No,No internet service,No internet service,No internet service,No internet service,No internet service,No internet service,Month-to-month,Yes,Electronic check,18.08,807.17,No
C01162,Female,0,No,No,1,Yes,Yes,DSL,No,No,Yes,No,Yes,Yes,Month-to-month,Yes,Electronic check,66.83,18.0,Yes
C01163,Female,1,No,No,11,Yes,No,DSL,Yes,Yes,No,No,Yes,Yes,Month-to-month,No,Electronic check,55.28,750.99,Yes
C01164,Male,0,Yes,No,36,Yes,Yes,DSL,Yes,No,Yes,No,Yes,Yes,One year,No,Electronic check,50.56,2011.59,No
C01165,Female,1,Yes,No,72,Yes,Yes,No,No internet service,No internet service,No internet service,No internet service,No internet service,No internet service,Two year,Yes,Credit card (automatic),48.73,3435.9,No
C01166,Male,1,No,No,1,Yes,Yes,Fiber optic,No,Yes,No,No,No,Yes,Month-to-month,Yes,Mailed check,83.83,55.92,Yes
C01167,Female,0,Yes,Yes,22,Yes,No,DSL,No,Yes,No,No,No,No,Two year,No,Electronic check,79.46,2110.16,No
C01168,Male,0,No,No,72,Yes,No,No,No internet service,No internet service,No internet service,No internet service,No internet service,No internet service,Month-to-month,Yes,Credit card (automatic),18.0,1437.06,No
C01169,Male,0,No,No,63,Yes,Yes,Fiber optic,No,No,No,Yes,Yes,Yes,Month-to-month,Yes,Electronic check,59.21,3443.73,Yes
C01170,Female,0,No,No,1,Yes,Yes,Fiber optic,No,Yes,No,No,Yes,Yes,Month-to-month,Yes,Credit card (automatic),50.13,18.0,Yes
C01171,Male,0,Yes,Yes,24,No,No phone service,No,No internet service,No internet service,No internet service,No internet service,No internet service,No internet service,Month-to-month,Yes,Electronic check,20.51,506.17,No
C01172,Male,0,No,No,1,Yes,Yes,No,No internet service,No internet service,No internet service,No internet service,No internet service,No internet service,One year,Yes,Bank transfer (automatic),35.43,18.0,No
C01173,Male,0,No,Yes,49,Yes,Yes,DSL,Yes,No,Yes,No,No,Yes,Month-to-month,No,Electronic check,38.47,1691.43,No
C01174,Male,0,No,No,11,Yes,Yes,Fiber optic,No,No,Yes,No,No,No,Month-to-month,Yes,Credit card (automatic),65.3,1093.22,Yes
C01175,Male,0,Yes,Yes,46,Yes,No,Fiber optic,No,Yes,No,No,No,Yes,One year,Yes,Electronic check,80.23,3726.98,No
C01176,Male,0,No,Yes,72,Yes,Yes,DSL,No,No,No,Yes,No,Yes,Two year,Yes,Mailed check,18.0,1049.42,No
C01177,Female,0,No,No,72,Yes,No,DSL,No,Yes,Yes,Yes,No,Yes,Two year,No,Electronic check,27.66,1851.39,No
C01178,Male,0,Yes,No,71,Yes,Yes,Fiber optic,Yes,No,No,Yes,No,No,Two year,No,Mailed check,102.2,7122.44,No
C01179,Male,0,No,No,7,Yes,No,No,No internet service,No internet service,No internet service,No internet service,No internet service,No internet service,Month-to-month,Yes,Mailed check,18.0,18.0,Yes
C01180,Female,0,Yes,Yes,6,Yes,No,No,No internet service,No internet service,No internet service,No internet service,No internet service,No internet service,Two year,Yes,Credit card (automatic),50.2,262.84,No
C01181,Female,1,Yes,Yes,31,No,No phone service,No,No internet service,No internet service,No internet service,No internet service,No internet service,No internet service,Month-to-month,Yes,Credit card (automatic),18.07,450.1,No
C01182,Female,0,No,No,25,Yes,No,No,No internet service,No internet service,No internet service,No internet service,No internet service,No internet service,Two year,No,Credit card (automatic),36.84,930.36,No
C01183,Female,0,Yes,No,1,Yes,No,DSL,Yes,No,No,No,Yes,No,Month-to-month,Yes,Electronic check,43.89,210.41,Yes
C01184,Female,0,No,Yes,15,Yes,No,Fiber optic,No,No,Yes,Yes,Yes,Yes,Two year,Yes,Electronic check,49.54,531.88,Yes
C01185,Female,0,No,No,72,Yes,Yes,Fiber optic,Yes,No,No,Yes,Yes,Yes,One year,No,Bank transfer (automatic),77.86,5685.34,No
C01186,Female,1,Yes,Yes,72,Yes,Yes,Fiber optic,No,No,Yes,No,Yes,No,Month-to-month,Yes,Bank transfer (automatic),52.6,3568.95,No
C01187,Male,1,Yes,No,7,Yes,Yes,No,No internet service,No internet service,No internet service,No internet service,No internet service,No internet service,Two year,Yes,Credit card (automatic),18.0,18.0,No
C01188,Male,0,No,Yes,15,Yes,Yes,Fiber optic,No,Yes,No,No,No,No,Two year,Yes,Bank transfer (automatic),50.34,944.53,Yes
C01189,Female,0,No,Yes,26,Yes,Yes,Fiber optic,No,No,Yes,Yes,Yes,No,One year,Yes,Electronic check,34.87,740.53,No
C01190,Male,0,No,Yes,61,Yes,Yes,Fiber optic,Yes,No,No,Yes,Yes,Yes,Month-to-month,No,Mailed check,49.03,3109.17,No
C01191,Male,0,No,Yes,24,Yes,No,Fiber optic,No,Yes,Yes,No,Yes,No,Month-to-month,No,Mailed check,81.84,2127.11,Yes
C01192,Male,1,Yes,Yes,72,Yes,No,DSL,Yes,Yes,No,No,Yes,Yes,Month-to-month,Yes,Credit card (automatic),51.33,3654.21,No
C01193,Female,0,Yes,No,51,Yes,No,No,No internet service,No internet service,No internet service,No internet service,No internet service,No internet service,One year,No,Mailed check,18.0,1024.75,No
C01194,Female,0,No,Yes,72,No,No phone service,DSL,No,No,Yes,Yes,No,No,Two year,Yes,Bank transfer (automatic),40.51,2999.85,No
C01195,Male,0,No,Yes,42,Yes,Yes,DSL,No,No,No,No,No,No,Month-to-month,No,Mailed check,59.16,2532.64,Yes
C01196,Female,1,Yes,Yes,67,Yes,Yes,Fiber optic,Yes,Yes,No,No,No,Yes,Month-to-month,Yes,Electronic check,86.35,5773.31,No
C01197,Male,0,No,No,56,No,No phone service,Fiber optic,Yes,No,Yes,Yes,No,Yes,Two year,Yes,Mailed check,54.81,3111.2,No
C01198,Male,0,No,No,9,Yes,No,No,No internet service,No internet service,No internet service,No internet service,No internet service,No internet service,Month-to-month,Yes,Electronic check,29.23,172.92,Yes
C01199,Male,0,No,No,8,Yes,Yes,No,No internet service,No internet service,No internet service,No internet service,No internet service,No internet service,Month-to-month,No,Mailed check,56.51,167.47,No
C01200,Male,0,Yes,No,63,Yes,No,Fiber optic,No,Yes,Yes,No,No,No,Two year,No,Electronic check,60.93,3858.62,No
C01201,Female,0,No,Yes,2,Yes,No,Fiber optic,Yes,No,Yes,Yes,No,Yes,Two year,Yes,Electronic check,96.57,258.75,Yes
C01202,Female,1,No,Yes,16,Yes,Yes,Fiber optic,Yes,No,No,No,No,Yes,Month-to-month,No,Bank transfer (automatic),74.59,1461.39,Yes
C01203,Female,0,No,No,54,Yes,No,No,No internet service,No internet service,No internet service,No internet service,No internet service,No internet service,Month-to-month,No,Electronic check,49.54,2578.99,No
C01204,Male,0,No,No,53,Yes,Yes,DSL,No,No,Yes,No,No,No,Month-to-month,Yes,Bank transfer (automatic),66.69,3421.48,No
C01205,Female,0,No,No,4,Yes,No,Fiber optic,No,Yes,Yes,Yes,Yes,Yes,One year,Yes,Electronic check,86.67,32.72,Yes
C01206,Male,0,No,No,21,Yes,No,Fiber optic,Yes,No,Yes,No,Yes,Yes,Month-to-month,Yes,Bank transfer (automatic),69.98,1220.11,Yes
C01207,Female,0,No,No,20,Yes,Yes,DSL,No,No,Yes,Yes,Yes,Yes,Month-to-month,No,Electronic check,48.41,631.64,Yes
C01208,Male,0,Yes,No,12,Yes,Yes,Fiber optic,Yes,No,No,No,Yes,No,Two year,Yes,Electronic check,61.83,443.52,No
C01209,Male,0,Yes,Yes,72,Yes,Yes,Fiber optic,No,No,No,No,No,No,Month-to-month,No,Mailed check,50.43,3507.85,No
C01210,Male,1,No,Yes,33,Yes,Yes,No,No internet service,No internet service,No internet service,No internet service,No internet service,No internet service,Month-to-month,Yes,Credit card (automatic),18.0,730.59,No
C01211,Female,0,Yes,No,72,Yes,No,No,No internet service,No internet service,No internet service,No internet service,No internet service,No internet service,One year,Yes,Bank transfer (automatic),36.89,2722.28,No
C01212,Female,0,Yes,Yes,2,Yes,No,Fiber optic,No,No,Yes,Yes,No,No,Month-to-month,No,Electronic check,58.71,421.19,Yes
C01213,Female,0,Yes,No,16,Yes,No,No,No internet service,No internet service,No internet service,No internet service,No internet service,No internet service,Two year,Yes,Bank transfer (automatic),27.78,539.73,No
C01214,Female,0,Yes,No,57,Yes,No,DSL,Yes,No,Yes,Yes,No,No,Month-to-month,No,Mailed check,42.79,2053.52,No
C01215,Male,0,Yes,No,17,Yes,Yes,Fiber optic,Yes,No,No,Yes,No,Yes,Month-to-month,Yes,Credit card (automatic),78.0,1357.58,Yes
C01216,Female,0,Yes,Yes,9,Yes,Yes,Fiber optic,Yes,Yes,Yes,No,No,No,Two year,Yes,Bank transfer (automatic),74.29,997.91,No
C01217,Female,0,No,No,72,Yes,Yes,Fiber optic,No,Yes,Yes,Yes,Yes,No,Two year,Yes,Credit card (automatic),49.72,3336.81,No
C01218,Male,0,No,No,66,Yes,Yes,No,No internet service,No internet service,No internet service,No internet service,No internet service,No internet service,Month-to-month,No,Electronic check,18.0,1259.15,No
C01219,Male,0,No,No,25,Yes,Yes,DSL,No,No,Yes,No,Yes,No,Two year,Yes,Mailed check,18.79,392.61,No
C01220,Male,0,Yes,Yes,26,Yes,No,No,No internet service,No internet service,No internet service,No internet service,No internet service,No internet service,Month-to-month,Yes,Electronic check,24.07,589.86,No
C01221,Female,1,No,Yes,1,Yes,Yes,DSL,Yes,No,Yes,Yes,No,No,One year,Yes,Mailed check,76.16,278.73,No
C01222,Male,0,No,No,72,Yes,No,Fiber optic,No,Yes,No,No,Yes,No,Two year,Yes,Electronic check,57.86,4176.31,No
C01223,Male,0,No,No,52,Yes,Yes,DSL,No,Yes,Yes,No,Yes,No,Month-to-month,No,Electronic check,65.14,3394.89,No
C01224,Male,0,Yes,No,1,Yes,Yes,No,No internet service,No internet service,No internet service,No internet service,No internet service,No internet service,Month-to-month,Yes,Mailed check,18.0,18.0,Yes
C01225,Female,0,Yes,No,6,Yes,No,DSL,No,Yes,Yes,No,No,Yes,One year,No,Bank transfer (automatic),20.51,400.07,No
C01226,Male,0,No,No,55,Yes,No,Fiber optic,Yes,No,Yes,No,Yes,Yes,Month-to-month,No,Bank transfer (automatic),61.52,3319.51,No
C01227,Female,0,No,No,2,Yes,No,No,No internet service,No internet service,No internet service,No internet service,No internet service,No internet service,Month-to-month,Yes,Mailed check,18.0,39.02,No
C01228,Female,0,No,Yes,72,Yes,No,No,No internet service,No internet service,No internet service,No internet service,No internet service,No internet service,One year,No,Bank transfer (automatic),36.62,2545.35,No
C01229,Male,0,No,No,72,Yes,Yes,No,No internet service,No internet service,No internet service,No internet service,No internet service,No internet service,Two year,Yes,Credit card (automatic),18.07,1109.52,No
C01230,Male,0,Yes,Yes,69,Yes,No,Fiber optic,No,No,No,No,No,Yes,Month-to-month,Yes,Electronic check,53.47,3871.38,No
C01231,Female,0,No,Yes,42,Yes,No,Fiber optic,Yes,Yes,Yes,No,No,No,Month-to-month,Yes,Mailed check,66.54,2991.91,No
C01232,Male,1,Yes,Yes,21,Yes,No,No,No internet service,No internet service,No internet service,No internet service,No internet service,No internet service,Month-to-month,Yes,Credit card (automatic),35.93,786.71,No
C01233,Male,0,No,No,2,Yes,No,No,No internet service,No internet service,No internet service,No internet service,No internet service,No internet service,Two year,No,Bank transfer (automatic),18.0,136.83,No
C01234,Female,0,No,Yes,41,Yes,Yes,Fiber optic,No,Yes,No,No,Yes,Yes,Two year,Yes,Electronic check,72.07,3165.63,No
C01235,Female,0,No,Yes,16,Yes,No,Fiber optic,No,Yes,Yes,No,No,Yes,One year,No,Credit card (automatic),61.38,907.98,No
C01236,Male,0,Yes,No,27,Yes,No,No,No internet service,No internet service,No internet service,No internet service,No internet service,No internet service,Month-to-month,Yes,Credit card (automatic),18.0,435.83,No
C01237,Female,0,Yes,Yes,11,Yes,No,No,No internet service,No internet service,No internet service,No internet service,No internet service,No internet service,Month-to-month,No,Bank transfer (automatic),26.96,116.61,No
C01238,Male,0,No,No,8,Yes,No,DSL,Yes,Yes,No,No,No,Yes,Month-to-month,Yes,Bank transfer (automatic),38.35,446.61,No
C01239,Male,0,No,No,12,Yes,No,Fiber optic,No,No,No,Yes,No,No,Month-to-month,No,Electronic check,38.43,404.55,Yes
C01240,Male,0,No,No,53,Yes,Yes,No,No internet service,No internet service,No internet service,No internet service,No internet service,No internet service,Month-to-month,Yes,Mailed check,18.0,964.83,No
C01241,Female,0,No,Yes,17,Yes,No,DSL,Yes,No,Yes,No,No,No,One year,Yes,Electronic check,35.82,701.98,No
C01242,Male,0,Yes,Yes,11,Yes,No,No,No internet service,No internet service,No internet service,No internet service,No internet service,No internet service,Two year,Yes,Mailed check,18.3,303.63,No
C01243,Male,1,No,No,18,Yes,No,Fiber optic,No,No,Yes,No,Yes,No,Month-to-month,No,Mailed check,70.35,1039.88,Yes
C01244,Male,0,No,No,1,Yes,No,Fiber optic,No,No,No,No,No,No,Month-to-month,No,Electronic check,101.83,224.8,Yes
C01245,Female,1,No,Yes,70,Yes,No,DSL,No,Yes,Yes,Yes,Yes,No,Month-to-month,Yes,Bank transfer (automatic),41.7,3322.55,No
C01246,Female,0,Yes,No,25,Yes,Yes,DSL,Yes,Yes,No,No,No,No,Month-to-month,No,Bank transfer (automatic),55.83,1396.75,No
C01247,Female,0,No,No,3,Yes,No,Fiber optic,Yes,No,No,Yes,No,Yes,Two year,No,Electronic check,64.12,456.85,No
C01248,Female,1,Yes,Yes,10,No,No phone service,Fiber optic,Yes,No,Yes,Yes,Yes,No,Month-to-month,Yes,Bank transfer (automatic),76.75,438.55,No
C01249,Female,0,No,No,72,No,No phone service,Fiber optic,Yes,No,Yes,No,Yes,Yes,Month-to-month,Yes,Mailed check,66.35,4797.04,No
C01250,Male,1,No,Yes,28,Yes,No,Fiber optic,Yes,No,Yes,No,No,No,Two year,Yes,Mailed check,62.54,1349.04,No
C01251,Female,0,Yes,No,11,No,No phone service,Fiber optic,Yes,No,Yes,Yes,No,No,One year,Yes,Mailed check,79.33,1068.82,No
C01252,Female,0,Yes,No,17,Yes,Yes,No,No internet service,No internet service,No internet service,No internet service,No internet service,No internet service,Month-to-month,No,Electronic check,24.96,220.61,No
C01253,Female,1,No,Yes,9,Yes,No,No,No internet service,No internet service,No internet service,No internet service,No internet service,No internet service,Month-to-month,Yes,Credit card (automatic),42.09,299.74,Yes
C01254,Male,0,No,No,1,No,No phone service,Fiber optic,No,No,No,Yes,No,No,Month-to-month,No,Mailed check,64.22,18.0,Yes
C01255,Female,1,Yes,No,59,Yes,No,No,No internet service,No internet service,No internet service,No internet service,No internet service,No internet service,Month-to-month,Yes,Electronic check,18.0,1268.95,No
C01256,Female,1,Yes,No,11,Yes,Yes,No,No internet service,No internet service,No internet service,No internet service,No internet service,No internet service,Month-to-month,No,Electronic check,18.0,417.05,No
C01257,Male,0,No,No,58,Yes,No,Fiber optic,Yes,No,No,No,No,No,Two year,Yes,Bank transfer (automatic),66.72,3693.83,No
C01258,Female,0,No,No,20,Yes,Yes,DSL,Yes,No,Yes,Yes,No,Yes,Two year,Yes,Mailed check,49.27,994.72,No
C01259,Male,0,Yes,No,6,Yes,Yes,DSL,Yes,No,No,Yes,No,No,Month-to-month,No,Mailed check,46.82,76.58,No
C01260,Male,0,No,Yes,51,No,No phone service,No,No internet service,No internet service,No internet service,No internet service,No internet service,No internet service,Month-to-month,Yes,Bank transfer (automatic),35.36,1795.45,No
C01261,Male,0,Yes,Yes,15,No,No phone service,DSL,Yes,No,No,Yes,Yes,Yes,Month-to-month,Yes,Electronic check,41.43,354.11,No
C01262,Male,0,Yes,No,39,Yes,Yes,DSL,No,No,No,Yes,Yes,No,Month-to-month,Yes,Mailed check,27.67,924.37,No
C01263,Male,0,Yes,No,58,Yes,Yes,DSL,No,No,No,No,No,Yes,Month-to-month,Yes,Bank transfer (automatic),33.16,1908.31,No
C01264,Female,0,No,Yes,72,Yes,Yes,Fiber optic,Yes,Yes,Yes,No,No,No,Month-to-month,No,Mailed check,53.5,4031.19,No
C01265,Male,1,Yes,No,2,Yes,Yes,Fiber optic,No,Yes,No,No,No,No,Two year,Yes,Electronic check,60.61,58.96,Yes
C01266,Male,0,No,No,1,Yes,Yes,Fiber optic,Yes,Yes,No,No,No,Yes,One year,No,Credit card (automatic),81.52,378.18,No
C01267,Female,0,Yes,No,25,No,No phone service,DSL,Yes,No,Yes,No,No,No,One year,Yes,Mailed check,28.99,603.63,No
C01268,Male,0,No,Yes,9,Yes,No,DSL,Yes,No,Yes,No,No,Yes,Month-to-month,Yes,Credit card (automatic),40.21,18.0,Yes
C01269,Female,0,No,No,20,Yes,No,DSL,Yes,No,No,No,No,Yes,Month-to-month,Yes,Mailed check,59.68,919.59,No
C01270,Female,0,No,No,2,Yes,No,Fiber optic,No,No,No,Yes,No,Yes,Month-to-month,Yes,Electronic check,52.86,18.0,Yes
C01271,Female,0,No,No,22,Yes,No,Fiber optic,No,No,No,Yes,No,Yes,Two year,Yes,Electronic check,74.6,2156.69,No
C01272,Male,1,No,Yes,4,Yes,No,DSL,Yes,No,No,No,No,No,Two year,Yes,Electronic check,40.51,89.43,No
C01273,Male,0,No,No,58,Yes,No,DSL,No,No,No,Yes,No,Yes,Month-to-month,No,Credit card (automatic),47.8,2631.19,No
C01274,Male,0,Yes,No,45,Yes,Yes,No,No internet service,No internet service,No internet service,No internet service,No internet service,No internet service,One year,Yes,Mailed check,18.0,891.51,No
C01275,Female,1,Yes,No,2,Yes,No,No,No internet service,No internet service,No internet service,No internet service,No internet service,No internet service,Month-to-month,No,Credit card (automatic),18.0,316.78,No
C01276,Male,1,No,Yes,57,Yes,Yes,DSL,Yes,No,No,Yes,Yes,No,Month-to-month,Yes,Bank transfer (automatic),18.0,1118.97,No
C01277,Male,0,Yes,No,12,Yes,No,Fiber optic,Yes,No,No,No,No,No,Month-to-month,Yes,Credit card (automatic),69.03,785.42,Yes
C01278,Male,0,Yes,Yes,13,Yes,No,Fiber optic,Yes,No,Yes,Yes,No,No,One year,No,Mailed check,67.05,1269.51,No
C01279,Female,0,No,Yes,6,Yes,Yes,DSL,Yes,No,No,Yes,Yes,Yes,Two year,No,Credit card (automatic),41.78,422.98,No
C01280,Female,0,Yes,Yes,57,Yes,No,No,No internet service,No internet service,No internet service,No internet service,No internet service,No internet service,One year,Yes,Credit card (automatic),28.72,1677.95,No
C01281,Male,0,No,Yes,16,Yes,Yes,DSL,Yes,No,No,No,No,Yes,One year,Yes,Electronic check,50.26,1070.55,No
C01282,Male,0,Yes,No,1,Yes,Yes,DSL,No,No,No,Yes,No,No,One year,No,Credit card (automatic),24.97,24.92,No
C01283,Male,1,No,Yes,72,Yes,Yes,Fiber optic,No,No,No,No,No,No,One year,No,Bank transfer (automatic),90.22,6472.05,No
C01284,Male,0,No,No,9,Yes,No,No,No internet service,No internet service,No internet service,No internet service,No internet service,No internet service,Month-to-month,Yes,Bank transfer (automatic),18.62,26.01,Yes
C01285,Female,0,No,No,72,Yes,Yes,No,No internet service,No internet service,No internet service,No internet service,No internet service,No internet service,Month-to-month,Yes,Credit card (automatic),18.0,1122.76,No
C01286,Female,0,Yes,No,11,Yes,No,Fiber optic,No,Yes,No,No,No,No,Month-to-month,Yes,Electronic check,69.36,759.39,Yes
C01287,Female,0,No,No,56,Yes,No,Fiber optic,Yes,No,No,No,No,Yes,Month-to-month,Yes,Bank transfer (automatic),41.19,2104.2,No
C01288,Female,0,No,No,34,Yes,Yes,Fiber optic,No,Yes,No,No,Yes,Yes,Month-to-month,Yes,Electronic check,65.52,2492.64,Yes
C01289,Male,0,No,No,63,Yes,No,No,No internet service,No internet service,No internet service,No internet service,No internet service,No internet service,One year,Yes,Mailed check,59.16,3774.65,No
C01290,Male,0,No,No,72,Yes,No,DSL,No,No,No,No,No,Yes,Month-to-month,Yes,Electronic check,68.78,4895.18,No
C01291,Male,0,Yes,No,65,Yes,No,DSL,No,Yes,No,Yes,Yes,No,One year,Yes,Mailed check,43.21,2829.4,No
C01292,Female,0,No,No,16,Yes,Yes,No,No internet service,No internet service,No internet service,No internet service,No internet service,No internet service,Month-to-month,Yes,Credit card (automatic),51.37,1070.06,Yes
C01293,Male,0,No,No,53,Yes,No,No,No internet service,No internet service,No internet service,No internet service,No internet service,No internet service,Month-to-month,No,Bank transfer (automatic),30.38,1618.01,No
C01294,Female,0,Yes,No,39,Yes,No,Fiber optic,No,No,Yes,Yes,No,Yes,Month-to-month,No,Mailed check,76.36,2967.9,No
C01295,Female,0,No,No,2,Yes,No,Fiber optic,Yes,Yes,No,No,No,No,Month-to-month,No,Electronic check,75.31,645.54,Yes
C01296,Male,0,No,Yes,72,Yes,Yes,No,No internet service,No internet service,No internet service,No internet service,No internet service,No internet service,Two year,Yes,Electronic check,52.44,3618.52,No
C01297,Male,1,No,Yes,20,No,No phone service,No,No internet service,No internet service,No internet service,No internet service,No internet service,No internet service,Month-to-month,Yes,Credit card (automatic),40.1,758.55,Yes
C01298,Male,0,Yes,No,4,Yes,Yes,No,No internet service,No internet service,No internet service,No internet service,No internet service,No internet service,Month-to-month,Yes,Mailed check,18.0,18.0,No
C01299,Female,0,No,Yes,17,Yes,Yes,Fiber optic,No,No,No,Yes,Yes,No,One year,Yes,Bank transfer (automatic),99.44,1911.23,No
C01300,Male,1,No,No,29,Yes,Yes,No,No internet service,No internet service,No internet service,No internet service,No internet service,No internet service,Two year,Yes,Credit card (automatic),21.48,629.17,No
C01301,Female,1,No,Yes,27,Yes,No,DSL,Yes,No,No,No,No,Yes,Month-to-month,No,Bank transfer (automatic),58.65,1868.08,No
C01302,Male,0,No,No,27,Yes,Yes,Fiber optic,Yes,No,No,No,Yes,Yes,Two year,No,Mailed check,91.26,2613.13,Yes
C01303,Female,0,No,No,9,Yes,No,DSL,No,No,No,Yes,No,No,Month-to-month,Yes,Mailed check,27.27,18.0,Yes
C01304,Female,0,No,Yes,32,Yes,Yes,DSL,No,Yes,No,Yes,Yes,Yes,Two year,Yes,Credit card (automatic),40.99,1179.63,No
C01305,Male,0,No,No,72,Yes,No,Fiber optic,No,Yes,No,Yes,Yes,No,Month-to-month,No,Electronic check,96.94,6669.51,No
C01306,Female,0,Yes,No,15,Yes,Yes,DSL,No,No,Yes,Yes,No,No,One year,No,Electronic check,29.95,269.28,No
C01307,Female,0,Yes,No,31,Yes,No,DSL,No,No,No,No,Yes,No,One year,No,Bank transfer (automatic),56.99,1265.2,No
C01308,Male,0,Yes,No,8,Yes,No,DSL,Yes,No,No,Yes,Yes,No,Month-to-month,Yes,Bank transfer (automatic),58.85,464.85,Yes
C01309,Female,0,Yes,Yes,1,Yes,No,No,No internet service,No internet service,No internet service,No internet service,No internet service,No internet service,Month-to-month,Yes,Mailed check,18.0,101.08,No
C01310,Male,0,Yes,No,28,Yes,Yes,DSL,Yes,No,No,Yes,No,No,Month-to-month,No,Mailed check,18.0,442.85,No
C01311,Female,0,Yes,Yes,1,No,No phone service,DSL,Yes,No,Yes,No,No,No,Month-to-month,Yes,Bank transfer (automatic),39.75,154.8,No
C01312,Male,0,No,No,41,Yes,No,Fiber optic,No,No,No,No,Yes,Yes,One year,No,Mailed check,78.85,3087.87,No
C01313,Male,0,Yes,No,35,Yes,Yes,No,No internet service,No internet service,No internet service,No internet service,No internet service,No internet service,Month-to-month,Yes,Electronic check,18.0,666.52,No
C01314,Female,0,Yes,No,14,Yes,Yes,Fiber optic,Yes,No,No,Yes,Yes,No,One year,No,Credit card (automatic),70.6,734.14,No
C01315,Female,0,Yes,No,16,Yes,Yes,No,No internet service,No internet service,No internet service,No internet service,No internet service,No internet service,Month-to-month,Yes,Mailed check,41.98,702.87,No
C01316,Female,0,No,No,72,Yes,No,DSL,No,Yes,Yes,Yes,Yes,No,Month-to-month,No,Electronic check,59.72,4387.72,No
C01317,Female,1,Yes,Yes,1,Yes,No,Fiber optic,No,Yes,Yes,No,Yes,Yes,Month-to-month,No,Electronic check,107.11,130.56,Yes
C01318,Female,0,Yes,No,26,Yes,Yes,No,No internet service,No internet service,No internet service,No internet service,No internet service,No internet service,One year,No,Electronic check,18.0,404.02,No
C01319,Male,0,Yes,No,72,Yes,Yes,Fiber optic,No,Yes,Yes,No,No,No,Month-to-month,Yes,Credit card (automatic),97.3,7222.5,No
C01320,Female,1,No,Yes,72,Yes,Yes,DSL,No,No,Yes,Yes,No,Yes,Month-to-month,No,Credit card (automatic),31.69,2278.96,No
C01321,Male,0,No,No,28,Yes,Yes,Fiber optic,Yes,No,No,No,No,Yes,Two year,Yes,Electronic check,38.61,1153.08,No
C01322,Male,0,No,No,15,Yes,No,No,No internet service,No internet service,No internet service,No internet service,No internet service,No internet service,One year,Yes,Electronic check,25.16,536.74,No
C01323,Female,1,Yes,Yes,3,Yes,No,No,No internet service,No internet service,No internet service,No internet service,No internet service,No internet service,One year,Yes,Mailed check,18.0,237.22,No
C01324,Male,0,No,No,6,Yes,Yes,DSL,No,No,No,No,Yes,Yes,One year,Yes,Mailed check,56.18,236.27,No
C01325,Male,0,No,No,36,Yes,No,DSL,No,Yes,No,Yes,Yes,No,Two year,Yes,Electronic check,58.19,2323.83,No
C01326,Male,0,Yes,Yes,1,No,No phone service,No,No internet service,No internet service,No internet service,No internet service,No internet service,No internet service,Two year,No,Bank transfer (automatic),22.4,18.0,No
C01327,Male,0,Yes,No,68,Yes,No,DSL,No,No,Yes,Yes,No,Yes,One year,Yes,Mailed check,43.09,3160.46,No
C01328,Female,0,Yes,No,28,Yes,Yes,Fiber optic,No,No,Yes,No,Yes,Yes,Month-to-month,Yes,Mailed check,71.46,2091.44,Yes
C01329,Male,0,No,No,1,Yes,No,DSL,No,No,Yes,No,No,No,Month-to-month,No,Electronic check,66.73,40.19,Yes
C01330,Female,0,Yes,No,8,Yes,Yes,DSL,Yes,Yes,No,Yes,No,No,Month-to-month,No,Electronic check,49.97,331.98,Yes
C01331,Female,0,Yes,No,28,Yes,No,No,No internet service,No internet service,No internet service,No internet service,No internet service,No internet service,Month-to-month,Yes,Bank transfer (automatic),20.03,318.88,No
C01332,Male,0,No,No,1,Yes,Yes,Fiber optic,Yes,No,No,No,No,No,Month-to-month,No,Bank transfer (automatic),55.02,57.47,Yes
C01333,Female,0,No,Yes,48,Yes,No,Fiber optic,Yes,Yes,Yes,Yes,Yes,No,One year,No,Mailed check,71.42,3118.61,No
C01334,Female,0,No,No,72,Yes,No,DSL,No,Yes,Yes,Yes,No,No,Month-to-month,Yes,Credit card (automatic),45.85,3202.93,No
C01335,Female,0,No,Yes,72,No,No phone service,No,No internet service,No internet service,No internet service,No internet service,No internet service,No internet service,Two year,Yes,Electronic check,18.0,1258.41,No
C01336,Male,0,No,No,42,Yes,Yes,Fiber optic,No,Yes,No,No,No,Yes,Month-to-month,No,Bank transfer (automatic),52.94,1970.33,Yes
C01337,Female,0,No,No,62,Yes,No,Fiber optic,No,No,No,No,No,No,Month-to-month,No,Bank transfer (automatic),74.15,4289.37,No
C01338,Female,0,Yes,Yes,30,Yes,No,DSL,No,Yes,No,No,No,No,Month-to-month,Yes,Mailed check,47.74,1416.49,No
C01339,Female,0,Yes,No,19,No,No phone service,Fiber optic,Yes,Yes,No,No,Yes,No,Month-to-month,Yes,Electronic check,94.97,1512.6,Yes
C01340,Male,1,No,No,39,Yes,Yes,Fiber optic,No,No,Yes,No,Yes,Yes,Two year,Yes,Bank transfer (automatic),64.63,2103.83,No
C01341,Female,0,No,Yes,8,Yes,Yes,Fiber optic,No,No,No,Yes,Yes,No,Month-to-month,Yes,Electronic check,71.69,670.97,Yes
C01342,Male,0,No,Yes,3,Yes,No,No,No internet service,No internet service,No internet service,No internet service,No internet service,No internet service,Month-to-month,No,Bank transfer (automatic),18.0,101.07,No
C01343,Male,0,Yes,No,45,Yes,No,Fiber optic,Yes,No,No,No,No,Yes,Two year,Yes,Electronic check,31.03,1434.85,No
C01344,Male,1,Yes,Yes,72,Yes,Yes,DSL,Yes,Yes,Yes,Yes,No,No,One year,Yes,Electronic check,23.57,1693.39,No
C01345,Male,0,Yes,No,27,Yes,No,DSL,Yes,Yes,No,Yes,No,Yes,One year,No,Electronic check,65.24,1847.28,No
C01346,Male,0,No,No,21,Yes,Yes,Fiber optic,No,Yes,Yes,No,No,Yes,Two year,Yes,Credit card (automatic),99.51,1960.96,No
C01347,Male,0,No,No,24,Yes,No,No,No internet service,No internet service,No internet service,No internet service,No internet service,No internet service,Two year,No,Electronic check,27.92,502.57,No
C01348,Female,0,No,Yes,20,Yes,Yes,DSL,No,No,No,No,No,No,Month-to-month,No,Electronic check,48.95,1413.89,Yes
C01349,Male,0,No,No,18,Yes,No,DSL,Yes,Yes,No,Yes,No,No,Month-to-month,Yes,Mailed check,66.71,1294.85,No
C01350,Female,0,Yes,Yes,72,Yes,Yes,Fiber optic,Yes,Yes,No,Yes,Yes,Yes,One year,Yes,Electronic check,57.51,3992.56,No
C01351,Female,1,Yes,No,20,Yes,Yes,DSL,No,Yes,No,No,Yes,Yes,One year,Yes,Bank transfer (automatic),28.52,732.23,No
C01352,Male,0,Yes,No,2,Yes,No,No,No internet service,No internet service,No internet service,No internet service,No internet service,No internet service,Month-to-month,Yes,Bank transfer (automatic),27.48,88.4,No
C01353,Female,0,No,No,46,Yes,No,Fiber optic,No,Yes,Yes,Yes,Yes,No,Month-to-month,No,Electronic check,78.51,3539.55,Yes
C01354,Female,1,Yes,No,15,Yes,Yes,DSL,No,No,Yes,No,Yes,No,Month-to-month,Yes,Mailed check,45.61,638.16,Yes
C01355,Female,0,No,No,39,No,No phone service,Fiber optic,No,Yes,No,Yes,No,No,Month-to-month,Yes,Bank transfer (automatic),66.22,2351.43,No
C01356,Female,0,No,No,27,Yes,Yes,Fiber optic,Yes,Yes,Yes,No,No,No,One year,No,Electronic check,64.02,1652.07,No
C01357,Male,0,Yes,Yes,39,Yes,No,No,No internet service,No internet service,No internet service,No internet service,No internet service,No internet service,Month-to-month,Yes,Bank transfer (automatic),23.79,962.79,No
C01358,Female,0,Yes,No,2,Yes,Yes,No,No internet service,No internet service,No internet service,No internet service,No internet service,No internet service,Two year,No,Mailed check,18.0,214.43,No
C01359,Male,0,Yes,Yes,1,Yes,Yes,DSL,No,No,No,No,Yes,Yes,Month-to-month,No,Mailed check,79.51,18.0,Yes
C01360,Female,0,No,No,15,Yes,No,DSL,No,Yes,No,Yes,No,Yes,Month-to-month,Yes,Electronic check,53.97,927.21,Yes
C01361,Female,0,Yes,No,37,Yes,No,Fiber optic,No,No,Yes,No,Yes,Yes,Two year,Yes,Mailed check,51.61,1965.33,No
C01362,Male,0,Yes,No,8,Yes,No,Fiber optic,No,Yes,No,Yes,No,No,One year,No,Electronic check,55.75,740.73,No
C01363,Female,0,No,No,18,Yes,Yes,DSL,Yes,No,Yes,No,Yes,Yes,Month-to-month,Yes,Bank transfer (automatic),35.48,642.23,No
C01364,Female,0,No,Yes,72,Yes,No,No,No internet service,No internet service,No internet service,No internet service,No internet service,No internet service,Month-to-month,No,Electronic check,52.68,3919.65,No
C01365,Female,0,No,No,7,Yes,Yes,Fiber optic,No,No,No,Yes,No,No,Month-to-month,Yes,Credit card (automatic),53.67,518.21,Yes
C01366,Male,0,No,Yes,60,Yes,Yes,Fiber optic,No,No,No,Yes,No,No,Month-to-month,No,Bank transfer (automatic),82.7,4819.97,No
C01367,Female,0,No,Yes,55,Yes,No,DSL,No,Yes,Yes,Yes,No,Yes,Month-to-month,Yes,Mailed check,42.91,2241.7,No
C01368,Male,0,No,Yes,71,Yes,No,DSL,No,No,Yes,No,Yes,No,Month-to-month,Yes,Electronic check,41.13,2711.14,No
C01369,Female,1,Yes,No,72,No,No phone service,Fiber optic,Yes,No,No,No,Yes,Yes,Month-to-month,No,Mailed check,81.83,5707.34,No
C01370,Male,0,Yes,No,22,No,No phone service,No,No internet service,No internet service,No internet service,No internet service,No internet service,No internet service,Month-to-month,Yes,Bank transfer (automatic),22.8,457.03,No
C01371,Male,0,No,No,36,Yes,No,No,No internet service,No internet service,No internet service,No internet service,No internet service,No internet service,One year,No,Mailed check,18.0,689.71,No
C01372,Female,0,No,Yes,30,Yes,Yes,Fiber optic,No,Yes,Yes,Yes,Yes,No,Month-to-month,Yes,Electronic check,44.21,1620.5,Yes
C01373,Female,0,No,No,11,Yes,No,Fiber optic,No,No,Yes,Yes,No,No,One year,Yes,Electronic check,58.64,602.67,No
C01374,Male,0,No,No,10,Yes,Yes,Fiber optic,No,Yes,No,Yes,No,Yes,Month-to-month,No,Bank transfer (automatic),69.86,368.89,Yes
C01375,Male,0,No,No,13,Yes,No,DSL,No,No,Yes,No,No,No,Two year,No,Credit card (automatic),53.85,908.1,No
C01376,Female,0,Yes,Yes,7,Yes,No,Fiber optic,No,No,No,No,Yes,No,One year,Yes,Credit card (automatic),69.52,696.18,Yes
C01377,Male,0,Yes,No,45,Yes,No,No,No internet service,No internet service,No internet service,No internet service,No internet service,No internet service,Two year,Yes,Bank transfer (automatic),18.0,730.57,No
C01378,Female,1,Yes,No,72,No,No phone service,Fiber optic,Yes,No,Yes,Yes,No,Yes,Two year,No,Bank transfer (automatic),65.56,4419.42,No
C01379,Female,0,No,Yes,64,Yes,Yes,DSL,No,Yes,Yes,No,No,No,Month-to-month,No,Credit card (automatic),77.3,4933.42,No
C01380,Female,0,Yes,No,7,Yes,No,Fiber optic,No,No,Yes,Yes,Yes,No,One year,No,Electronic check,39.34,190.33,No
C01381,Female,0,Yes,Yes,1,No,No phone service,Fiber optic,No,Yes,Yes,Yes,No,No,Month-to-month,Yes,Mailed check,65.28,292.33,Yes
C01382,Male,0,Yes,No,45,Yes,Yes,Fiber optic,No,No,Yes,No,Yes,Yes,One year,No,Electronic check,88.73,4444.24,No
C01383,Female,0,Yes,Yes,15,No,No phone service,No,No internet service,No internet service,No internet service,No internet service,No internet service,No internet service,One year,Yes,Electronic check,18.0,330.33,No
C01384,Male,0,Yes,Yes,55,Yes,Yes,DSL,Yes,No,No,No,No,Yes,One year,Yes,Mailed check,33.49,1929.38,No
C01385,Female,0,Yes,No,48,Yes,Yes,Fiber optic,No,No,No,Yes,Yes,No,Month-to-month,Yes,Electronic check,81.12,3973.1,No
C01386,Male,0,No,No,31,Yes,Yes,No,No internet service,No internet service,No internet service,No internet service,No internet service,No internet service,Month-to-month,Yes,Bank transfer (automatic),34.44,1121.59,No
C01387,Female,0,Yes,No,9,Yes,Yes,Fiber optic,No,No,Yes,No,No,No,Two year,No,Mailed check,87.16,502.97,Yes
C01388,Male,0,Yes,No,3,Yes,Yes,No,No internet service,No internet service,No internet service,No internet service,No internet service,No internet service,Month-to-month,No,Electronic check,28.14,18.0,Yes
C01389,Male,0,No,No,9,Yes,No,DSL,No,No,No,No,Yes,No,Month-to-month,No,Electronic check,61.8,529.36,Yes
C01390,Female,0,No,No,22,Yes,No,DSL,No,No,No,Yes,No,No,Month-to-month,No,Electronic check,54.09,1153.33,Yes
C01391,Female,1,Yes,No,72,Yes,Yes,DSL,Yes,No,No,Yes,Yes,Yes,Two year,No,Mailed check,32.43,2381.51,No
C01392,Female,0,Yes,No,2,Yes,No,No,No internet service,No internet service,No internet service,No internet service,No internet service,No internet service,One year,Yes,Bank transfer (automatic),18.96,18.0,No
C01393,Female,0,No,No,7,Yes,Yes,No,No internet service,No internet service,No internet service,No internet service,No internet service,No internet service,Month-to-month,No,Bank transfer (automatic),21.22,18.0,No
C01394,Male,0,Yes,No,31,No,No phone service,DSL,Yes,No,Yes,No,No,No,Month-to-month,Yes,Electronic check,60.2,1895.25,No
C01395,Female,0,Yes,Yes,11,Yes,No,Fiber optic,No,No,No,No,No,Yes,Month-to-month,Yes,Mailed check,62.2,996.98,Yes
C01396,Male,1,Yes,No,62,Yes,Yes,DSL,No,No,No,No,No,No,Month-to-month,No,Mailed check,53.5,3211.31,No
C01397,Male,0,Yes,Yes,4,Yes,Yes,Fiber optic,Yes,Yes,Yes,No,No,No,Month-to-month,Yes,Electronic check,90.98,447.84,Yes
C01398,Female,0,No,No,72,Yes,No,DSL,Yes,Yes,Yes,No,No,No,Month-to-month,No,Credit card (automatic),24.36,2078.22,No
C01399,Male,0,No,No,72,No,No phone service,DSL,Yes,No,Yes,No,No,Yes,Month-to-month,No,Bank transfer (automatic),18.05,1725.48,No
C01400,Male,0,No,No,69,Yes,Yes,Fiber optic,Yes,No,No,No,No,Yes,One year,Yes,Bank transfer (automatic),81.53,5514.66,No
C01401,Male,0,No,Yes,6,No,No phone service,No,No internet service,No internet service,No internet service,No internet service,No internet service,No internet service,Month-to-month,Yes,Bank transfer (automatic),18.16,215.02,Yes
C01402,Male,0,Yes,No,12,No,No phone service,Fiber optic,No,No,Yes,Yes,Yes,No,Month-to-month,No,Mailed check,92.65,956.58,Yes
C01403,Female,0,No,Yes,52,Yes,No,Fiber optic,No,No,Yes,Yes,No,Yes,Month-to-month,Yes,Electronic check,116.87,6125.79,Yes
C01404,Female,0,Yes,No,52,Yes,No,Fiber optic,Yes,No,Yes,Yes,Yes,Yes,Two year,Yes,Mailed check,91.12,4559.37,No
C01405,Female,0,Yes,No,39,Yes,No,DSL,No,Yes,No,No,No,No,Month-to-month,Yes,Electronic check,24.69,915.84,No
C01406,Female,1,No,Yes,19,Yes,No,Fiber optic,Yes,Yes,No,No,No,No,Two year,Yes,Credit card (automatic),99.96,2252.12,No
C01407,Male,0,No,No,11,Yes,No,Fiber optic,Yes,No,No,No,No,No,One year,Yes,Electronic check,80.42,1207.28,Yes
C01408,Male,0,Yes,Yes,72,No,No phone service,Fiber optic,No,Yes,Yes,No,No,No,Month-to-month,No,Electronic check,80.72,6063.02,Yes
C01409,Female,0,No,No,4,Yes,No,DSL,No,Yes,No,Yes,Yes,No,Two year,Yes,Electronic check,25.88,100.88,No
C01410,Female,0,Yes,No,1,Yes,No,DSL,No,No,Yes,Yes,Yes,No,Month-to-month,Yes,Mailed check,37.89,216.11,No
C01411,Female,0,Yes,Yes,1,Yes,No,No,No internet service,No internet service,No internet service,No internet service,No internet service,No internet service,Two year,No,Bank transfer (automatic),21.89,259.51,No
C01412,Male,0,Yes,Yes,47,Yes,No,DSL,No,No,No,Yes,Yes,No,Month-to-month,Yes,Electronic check,44.45,2153.98,No
C01413,Female,0,No,No,1,Yes,No,Fiber optic,Yes,Yes,No,No,No,Yes,One year,Yes,Mailed check,73.88,18.0,Yes
C01414,Female,1,No,No,24,Yes,No,Fiber optic,No,No,Yes,No,Yes,Yes,Two year,No,Credit card (automatic),63.26,1446.21,Yes
C01415,Female,0,No,Yes,14,Yes,Yes,No,No internet service,No internet service,No internet service,No internet service,No internet service,No internet service,Month-to-month,Yes,Mailed check,37.97,351.27,No
C01416,Male,0,Yes,Yes,5,Yes,Yes,No,No internet service,No internet service,No internet service,No internet service,No internet service,No internet service,Two year,No,Credit card (automatic),42.32,109.88,No
C01417,Male,0,Yes,No,43,Yes,Yes,No,No internet service,No internet service,No internet service,No internet service,No internet service,No internet service,Month-to-month,No,Credit card (automatic),18.0,434.03,No
C01418,Male,0,No,Yes,1,No,No phone service,Fiber optic,Yes,No,No,No,Yes,No,Month-to-month,Yes,Bank transfer (automatic),57.58,18.0,No
C01419,Male,0,Yes,No,12,Yes,Yes,Fiber optic,No,Yes,No,Yes,No,Yes,Month-to-month,No,Mailed check,41.75,156.25,No
C01420,Male,0,Yes,No,26,Yes,No,DSL,No,Yes,Yes,Yes,Yes,No,Month-to-month,Yes,Bank transfer (automatic),18.0,577.73,No
C01421,Male,0,No,Yes,16,Yes,No,DSL,No,Yes,No,No,No,No,Month-to-month,No,Credit card (automatic),30.78,967.38,Yes
C01422,Male,1,No,No,9,No,No phone service,DSL,No,No,No,Yes,No,Yes,Month-to-month,No,Electronic check,60.0,241.8,Yes
C01423,Male,0,Yes,No,72,Yes,Yes,Fiber optic,Yes,Yes,No,No,Yes,Yes,Month-to-month,Yes,Mailed check,60.25,4404.12,No
C01424,Female,0,Yes,No,72,Yes,Yes,No,No internet service,No internet service,No internet service,No internet service,No internet service,No internet service,One year,Yes,Bank transfer (automatic),29.03,1953.75,No
C01425,Female,0,Yes,No,17,Yes,Yes,DSL,Yes,No,No,No,No,No,Month-to-month,Yes,Bank transfer (automatic),54.84,1039.08,No
C01426,Male,0,No,No,16,No,No phone service,Fiber optic,No,No,No,Yes,Yes,No,One year,Yes,Mailed check,70.22,1147.83,No
C01427,Male,0,No,No,11,Yes,No,Fiber optic,Yes,Yes,Yes,No,Yes,Yes,One year,No,Mailed check,63.94,638.35,No
C01428,Female,0,No,Yes,61,Yes,No,Fiber optic,No,No,Yes,Yes,Yes,No,Month-to-month,Yes,Electronic check,72.63,4438.78,No
C01429,Male,0,Yes,No,26,Yes,Yes,DSL,Yes,No,No,Yes,No,No,Two year,No,Electronic check,21.13,384.13,No
C01430,Male,0,Yes,No,3,Yes,Yes,Fiber optic,No,Yes,No,Yes,No,No,Month-to-month,No,Credit card (automatic),88.98,377.43,Yes
C01431,Male,0,No,Yes,61,Yes,No,No,No internet service,No internet service,No internet service,No internet service,No internet service,No internet service,Month-to-month,Yes,Mailed check,18.0,1431.47,No
C01432,Female,0,No,No,24,Yes,Yes,No,No internet service,No internet service,No internet service,No internet service,No internet service,No internet service,Month-to-month,Yes,Electronic check,47.26,1450.27,Yes
C01433,Female,0,No,No,17,Yes,No,DSL,No,Yes,Yes,Yes,No,No,Two year,No,Electronic check,52.5,896.95,No
C01434,Female,0,Yes,No,13,Yes,Yes,No,No internet service,No internet service,No internet service,No internet service,No internet service,No internet service,Month-to-month,Yes,Bank transfer (automatic),39.76,686.52,No
C01435,Female,0,No,Yes,3,Yes,Yes,No,No internet service,No internet service,No internet service,No internet service,No internet service,No internet service,One year,Yes,Bank transfer (automatic),20.47,18.0,No
C01436,Female,0,No,No,72,Yes,Yes,Fiber optic,Yes,No,No,No,No,Yes,One year,Yes,Bank transfer (automatic),60.72,4426.43,No
C01437,Male,0,No,No,43,Yes,No,DSL,No,No,Yes,Yes,No,Yes,Month-to-month,No,Electronic check,76.18,3272.41,No
C01438,Female,0,No,No,4,Yes,Yes,No,No internet service,No internet service,No internet service,No internet service,No internet service,No internet service,Two year,No,Credit card (automatic),18.0,89.59,No
C01439,Male,0,Yes,No,22,Yes,No,DSL,No,No,No,Yes,Yes,Yes,One year,Yes,Electronic check,38.22,917.81,No
C01440,Male,0,Yes,No,25,Yes,No,Fiber optic,Yes,Yes,No,No,No,No,One year,Yes,Mailed check,54.54,1466.04,No
C01441,Female,0,Yes,No,5,Yes,No,Fiber optic,No,Yes,No,No,No,Yes,Two year,Yes,Bank transfer (automatic),56.51,417.48,Yes
C01442,Female,0,No,Yes,17,Yes,Yes,DSL,No,No,No,Yes,No,No,One year,Yes,Electronic check,46.95,702.27,No
C01443,Male,0,No,No,33,Yes,No,Fiber optic,No,No,No,No,No,No,Two year,Yes,Electronic check,61.34,2098.44,Yes
C01444,Male,0,No,Yes,10,Yes,No,Fiber optic,No,No,Yes,No,No,Yes,Month-to-month,No,Electronic check,76.69,727.75,Yes
C01445,Male,0,Yes,No,12,Yes,Yes,Fiber optic,No,Yes,Yes,No,No,No,Two year,Yes,Mailed check,80.46,998.68,Yes
C01446,Female,0,No,No,4,Yes,No,Fiber optic,No,No,No,No,Yes,No,Month-to-month,Yes,Credit card (automatic),47.34,87.99,Yes
C01447,Female,0,No,Yes,17,Yes,Yes,Fiber optic,No,No,Yes,No,Yes,No,One year,Yes,Mailed check,83.28,1377.47,No
C01448,Female,0,Yes,No,28,Yes,Yes,No,No internet service,No internet service,No internet service,No internet service,No internet service,No internet service,Two year,Yes,Credit card (automatic),18.0,40.1,No
C01449,Female,0,No,No,3,Yes,No,DSL,Yes,No,No,No,No,No,One year,No,Electronic check,48.16,420.65,No
C01450,Female,1,Yes,Yes,30,Yes,No,Fiber optic,Yes,No,Yes,Yes,Yes,No,Month-to-month,Yes,Mailed check,68.9,2000.23,No
C01451,Male,0,Yes,Yes,16,Yes,No,Fiber optic,No,Yes,Yes,No,No,No,Month-to-month,Yes,Credit card (automatic),57.35,1199.21,No
C01452,Female,0,Yes,Yes,36,Yes,Yes,Fiber optic,No,No,Yes,No,No,Yes,Two year,No,Credit card (automatic),66.19,2395.82,No
C01453,Male,0,No,Yes,12,Yes,No,Fiber optic,No,No,Yes,No,No,Yes,Month-to-month,No,Bank transfer (automatic),96.7,1187.7,Yes
C01454,Male,0,No,No,26,Yes,No,Fiber optic,No,Yes,Yes,No,No,No,Two year,Yes,Electronic check,91.28,2728.57,No
C01455,Male,0,Yes,No,30,Yes,Yes,Fiber optic,No,No,No,No,No,No,Month-to-month,Yes,Electronic check,99.66,3223.03,Yes
C01456,Female,0,No,Yes,37,Yes,No,Fiber optic,Yes,Yes,Yes,No,No,No,Two year,Yes,Mailed check,77.53,2491.76,No
C01457,Female,0,No,No,45,Yes,Yes,Fiber optic,Yes,Yes,Yes,Yes,Yes,Yes,Month-to-month,Yes,Credit card (automatic),66.53,3305.78,No
C01458,Female,0,No,No,4,Yes,Yes,Fiber optic,Yes,Yes,No,No,No,Yes,Two year,Yes,Bank transfer (automatic),83.56,103.39,No
C01459,Male,0,Yes,No,72,Yes,No,DSL,No,No,Yes,No,Yes,Yes,Month-to-month,Yes,Credit card (automatic),59.37,4348.36,No
C01460,Male,0,No,Yes,59,Yes,No,Fiber optic,No,No,No,Yes,No,No,Month-to-month,No,Mailed check,49.29,3115.52,No
C01461,Male,0,No,No,26,Yes,No,DSL,Yes,No,No,Yes,No,No,One year,Yes,Bank transfer (automatic),45.48,1227.42,No
C01462,Male,0,Yes,No,70,Yes,No,Fiber optic,No,No,No,Yes,No,Yes,One year,Yes,Electronic check,48.18,3172.21,No
C01463,Male,0,Yes,No,15,Yes,No,Fiber optic,No,No,Yes,Yes,Yes,Yes,Month-to-month,Yes,Mailed check,64.46,1115.98,Yes
C01464,Male,1,No,No,1,Yes,No,Fiber optic,No,Yes,No,Yes,Yes,Yes,One year,Yes,Bank transfer (automatic),83.28,69.24,Yes
C01465,Female,1,Yes,Yes,41,Yes,Yes,Fiber optic,No,Yes,No,No,Yes,No,Month-to-month,Yes,Mailed check,52.31,2452.22,No
C01466,Female,0,No,No,72,Yes,Yes,Fiber optic,No,No,Yes,No,No,No,Month-to-month,Yes,Electronic check,102.36,7482.44,Yes
C01467,Female,0,Yes,No,5,Yes,Yes,DSL,Yes,No,Yes,Yes,No,No,Month-to-month,Yes,Electronic check,44.03,332.66,Yes
C01468,Female,1,No,No,33,Yes,No,DSL,Yes,Yes,No,Yes,No,Yes,Month-to-month,Yes,Bank transfer (automatic),47.37,1683.02,Yes
C01469,Male,0,Yes,No,53,Yes,No,Fiber optic,No,Yes,No,No,No,Yes,Month-to-month,Yes,Bank transfer (automatic),76.12,4223.26,No
C01470,Male,0,Yes,No,72,Yes,Yes,No,No internet service,No internet service,No internet service,No internet service,No internet service,No internet service,Month-to-month,Yes,Mailed check,34.27,2454.56,No
C01471,Female,1,Yes,No,10,No,No phone service,Fiber optic,Yes,No,No,Yes,No,No,Month-to-month,Yes,Electronic check,80.72,1007.35,Yes
C01472,Male,0,No,No,4,Yes,No,Fiber optic,No,No,Yes,No,No,Yes,Two year,No,Mailed check,81.79,795.91,Yes
C01473,Female,0,No,Yes,9,Yes,Yes,Fiber optic,No,Yes,Yes,Yes,Yes,No,One year,No,Mailed check,58.95,824.37,Yes
C01474,Female,0,Yes,No,27,Yes,No,Fiber optic,Yes,No,No,Yes,No,No,Month-to-month,No,Electronic check,65.89,1889.67,No
C01475,Female,0,Yes,No,72,No,No phone service,DSL,No,No,No,No,Yes,No,Month-to-month,Yes,Electronic check,53.48,3858.56,No
C01476,Male,1,No,No,27,Yes,No,Fiber optic,Yes,Yes,Yes,Yes,Yes,No,Month-to-month,Yes,Mailed check,66.65,1753.01,Yes
C01477,Female,0,Yes,No,72,Yes,No,DSL,No,No,Yes,Yes,Yes,Yes,Month-to-month,No,Mailed check,52.8,3728.82,No
C01478,Female,0,No,No,47,Yes,No,Fiber optic,No,No,No,No,No,No,Two year,Yes,Bank transfer (automatic),67.27,3357.65,No
C01479,Female,0,Yes,No,29,Yes,No,Fiber optic,No,Yes,Yes,Yes,No,Yes,Month-to-month,Yes,Electronic check,71.81,2035.09,No
C01480,Male,0,No,No,1,Yes,No,DSL,No,Yes,No,No,No,Yes,Month-to-month,Yes,Mailed check,37.02,18.0,Yes
C01481,Male,0,No,Yes,12,Yes,Yes,Fiber optic,No,No,No,Yes,No,No,Two year,No,Credit card (automatic),86.58,664.39,No
C01482,Female,0,No,Yes,1,Yes,Yes,Fiber optic,Yes,Yes,No,No,Yes,No,Two year,Yes,Credit card (automatic),70.58,275.32,No
C01483,Male,1,No,Yes,12,Yes,Yes,Fiber optic,No,No,Yes,No,Yes,Yes,Two year,No,Credit card (automatic),84.84,1153.85,Yes
C01484,Male,0,Yes,No,2,Yes,No,DSL,No,Yes,No,No,No,Yes,Two year,Yes,Credit card (automatic),45.61,199.56,Yes
C01485,Male,0,Yes,Yes,5,Yes,Yes,Fiber optic,No,No,No,No,Yes,Yes,Month-to-month,No,Credit card (automatic),83.47,508.49,Yes
C01486,Male,0,No,No,16,Yes,No,No,No internet service,No internet service,No internet service,No internet service,No internet service,No internet service,Two year,Yes,Credit card (automatic),20.39,560.68,No
C01487,Male,0,No,Yes,23,Yes,No,Fiber optic,No,Yes,Yes,No,No,No,Two year,No,Electronic check,86.42,1757.18,Yes
C01488,Male,0,No,No,7,Yes,No,DSL,No,Yes,No,Yes,Yes,No,Two year,Yes,Mailed check,68.02,226.75,No
C01489,Male,0,No,No,42,Yes,No,Fiber optic,No,No,No,No,Yes,No,Month-to-month,No,Bank transfer (automatic),64.21,2679.09,No
C01490,Male,0,No,No,28,Yes,Yes,Fiber optic,Yes,Yes,Yes,No,Yes,No,One year,Yes,Mailed check,89.72,2514.39,Yes
C01491,Male,0,Yes,No,37,Yes,No,No,No internet service,No internet service,No internet service,No internet service,No internet service,No internet service,Two year,Yes,Credit card (automatic),18.0,806.51,No
C01492,Male,0,Yes,No,42,Yes,Yes,Fiber optic,Yes,No,No,No,Yes,No,One year,No,Credit card (automatic),50.15,2046.99,No
C01493,Female,0,Yes,No,41,Yes,Yes,DSL,No,No,No,Yes,Yes,No,Month-to-month,Yes,Mailed check,41.45,1503.21,No
C01494,Female,0,Yes,No,72,Yes,No,Fiber optic,Yes,No,No,Yes,No,No,Month-to-month,Yes,Electronic check,76.4,5586.45,No
C01495,Male,0,No,No,8,No,No phone service,No,No internet service,No internet service,No internet service,No internet service,No internet service,No internet service,Month-to-month,No,Mailed check,18.0,248.84,No
C01496,Female,0,Yes,No,10,No,No phone service,DSL,Yes,No,No,Yes,No,No,Month-to-month,Yes,Bank transfer (automatic),41.98,572.41,Yes
C01497,Female,0,Yes,No,3,Yes,Yes,Fiber optic,Yes,No,No,Yes,No,Yes,One year,No,Bank transfer (automatic),90.92,215.08,No
C01498,Male,1,Yes,No,28,Yes,No,DSL,No,Yes,No,No,No,Yes,Month-to-month,Yes,Mailed check,56.71,1639.98,Yes
C01499,Male,0,Yes,No,16,Yes,Yes,DSL,No,No,Yes,No,Yes,No,Month-to-month,No,Credit card (automatic),28.61,86.24,No
C01500,Male,0,Yes,Yes,21,Yes,Yes,DSL,No,Yes,No,No,Yes,Yes,Month-to-month,Yes,Electronic check,54.69,1164.97,No
C01501,Female,0,No,Yes,5,Yes,No,DSL,No,Yes,No,No,Yes,Yes,Month-to-month,No,Electronic check,53.79,629.69,Yes
C01502,Female,0,Yes,No,33,Yes,No,Fiber optic,No,Yes,No,No,No,Yes,One year,Yes,Credit card (automatic),98.83,3380.95,No
C01503,Male,0,No,No,30,Yes,No,No,No internet service,No internet service,No internet service,No internet service,No internet service,No internet service,One year,No,Credit card (automatic),25.67,597.8,No
C01504,Male,0,No,No,9,Yes,No,DSL,Yes,Yes,No,No,No,No,Two year,Yes,Electronic check,31.11,86.94,No
C01505,Male,0,No,No,20,Yes,Yes,DSL,No,No,No,No,No,No,One year,Yes,Credit card (automatic),38.92,921.03,No
C01506,Female,0,Yes,No,71,Yes,No,Fiber optic,Yes,No,Yes,No,No,No,Month-to-month,No,Electronic check,80.67,5954.69,No
C01507,Female,0,Yes,No,47,Yes,No,DSL,Yes,No,Yes,No,Yes,No,One year,No,Mailed check,27.22,1021.84,No
C01508,Female,0,Yes,No,8,Yes,No,DSL,No,Yes,Yes,Yes,No,Yes,Two year,Yes,Mailed check,48.84,100.47,No
C01509,Female,0,Yes,No,67,No,No phone service,No,No internet service,No internet service,No internet service,No internet service,No internet service,No internet service,Month-to-month,Yes,Bank transfer (automatic),22.5,1337.91,No
C01510,Male,0,No,No,2,Yes,No,Fiber optic,Yes,Yes,Yes,Yes,No,Yes,Two year,No,Mailed check,42.16,338.07,No
C01511,Male,0,No,Yes,17,Yes,Yes,No,No internet service,No internet service,No internet service,No internet service,No internet service,No internet service,Two year,Yes,Credit card (automatic),18.0,516.82,No
C01512,Male,0,No,Yes,2,No,No phone service,DSL,No,Yes,Yes,No,Yes,Yes,Month-to-month,No,Mailed check,38.35,18.0,Yes
C01513,Male,0,Yes,No,72,Yes,No,Fiber optic,Yes,Yes,No,No,No,Yes,Month-to-month,Yes,Electronic check,107.6,8019.61,Yes
C01514,Female,0,No,No,1,Yes,No,Fiber optic,No,Yes,Yes,No,No,No,Month-to-month,No,Electronic check,81.66,18.0,Yes
C01515,Female,1,Yes,No,5,Yes,Yes,No,No internet service,No internet service,No internet service,No internet service,No internet service,No internet service,Month-to-month,Yes,Credit card (automatic),29.77,427.07,No
C01516,Male,0,No,No,72,Yes,Yes,DSL,No,Yes,No,No,No,No,Month-to-month,Yes,Electronic check,24.41,1944.52,No
C01517,Male,0,No,No,27,Yes,Yes,No,No internet service,No internet service,No internet service,No internet service,No internet service,No internet service,Two year,Yes,Bank transfer (automatic),25.43,1072.31,No
C01518,Female,0,Yes,No,50,Yes,Yes,DSL,Yes,Yes,No,No,No,Yes,Month-to-month,Yes,Credit card (automatic),39.63,1727.83,No
C01519,Male,0,Yes,Yes,1,Yes,Yes,No,No internet service,No internet service,No internet service,No internet service,No internet service,No internet service,Two year,No,Electronic check,28.62,149.22,No
C01520,Female,0,No,No,17,No,No phone service,DSL,No,No,No,Yes,No,No,Month-to-month,No,Credit card (automatic),45.72,552.25,No
C01521,Male,0,Yes,No,72,Yes,No,Fiber optic,No,Yes,No,No,No,Yes,Month-to-month,Yes,Bank transfer (automatic),93.86,6447.21,No
C01522,Male,0,Yes,Yes,27,No,No phone service,DSL,No,Yes,No,No,No,No,Month-to-month,Yes,Electronic check,26.87,759.21,No
C01523,Male,0,Yes,No,60,Yes,No,Fiber optic,Yes,Yes,No,Yes,No,Yes,One year,No,Bank transfer (automatic),73.03,4251.05,No
C01524,Male,0,Yes,No,72,No,No phone service,DSL,No,Yes,No,Yes,No,Yes,Month-to-month,Yes,Credit card (automatic),63.08,4310.1,No
C01525,Male,0,No,No,36,Yes,No,Fiber optic,Yes,No,No,No,Yes,No,Two year,No,Mailed check,73.82,2791.42,Yes
C01526,Male,0,No,No,12,Yes,No,Fiber optic,No,No,Yes,No,No,No,Two year,Yes,Bank transfer (automatic),42.0,374.46,No
C01527,Male,0,No,No,11,Yes,No,Fiber optic,No,Yes,No,Yes,No,Yes,Month-to-month,Yes,Electronic check,60.01,549.74,Yes
C01528,Female,0,Yes,No,2,Yes,Yes,DSL,No,No,No,Yes,No,No,Two year,No,Mailed check,41.86,18.0,No
C01529,Female,0,No,No,17,Yes,Yes,No,No internet service,No internet service,No internet service,No internet service,No internet service,No internet service,Month-to-month,Yes,Bank transfer (automatic),18.0,257.69,No
C01530,Female,0,No,Yes,72,Yes,No,DSL,No,Yes,No,No,Yes,Yes,Month-to-month,No,Electronic check,39.31,2922.73,No
C01531,Female,0,Yes,No,20,Yes,No,No,No internet service,No internet service,No internet service,No internet service,No internet service,No internet service,Month-to-month,No,Bank transfer (automatic),18.0,771.03,No
C01532,Female,0,Yes,No,72,Yes,Yes,No,No internet service,No internet service,No internet service,No internet service,No internet service,No internet service,Month-to-month,Yes,Electronic check,18.0,1118.23,No
C01533,Male,0,No,No,54,Yes,Yes,Fiber optic,No,Yes,No,Yes,No,No,Two year,No,Credit card (automatic),69.84,3824.42,No
C01534,Male,1,Yes,No,72,Yes,Yes,DSL,No,No,No,No,No,Yes,Month-to-month,Yes,Mailed check,51.67,4037.17,No
C01535,Female,0,Yes,No,72,Yes,No,DSL,No,Yes,Yes,Yes,No,No,Month-to-month,Yes,Electronic check,55.76,3957.91,No
C01536,Male,0,Yes,Yes,39,Yes,No,Fiber optic,No,No,No,Yes,No,No,Month-to-month,Yes,Bank transfer (automatic),74.28,3094.87,No
C01537,Female,0,Yes,No,65,Yes,No,DSL,Yes,No,Yes,No,No,Yes,Month-to-month,Yes,Credit card (automatic),48.74,3189.27,No
C01538,Female,0,Yes,No,44,Yes,No,Fiber optic,No,Yes,No,No,No,No,Two year,No,Mailed check,85.4,3729.17,No
C01539,Male,1,Yes,No,38,Yes,No,No,No internet service,No internet service,No internet service,No internet service,No internet service,No internet service,Month-to-month,Yes,Credit card (automatic),20.38,700.95,No
C01540,Male,0,No,No,40,Yes,Yes,No,No internet service,No internet service,No internet service,No internet service,No internet service,No internet service,Month-to-month,No,Credit card (automatic),27.31,963.85,No
C01541,Male,0,Yes,No,40,Yes,Yes,Fiber optic,No,Yes,No,Yes,No,No,Two year,No,Mailed check,71.51,2814.33,No
C01542,Female,0,No,No,15,Yes,No,No,No internet service,No internet service,No internet service,No internet service,No internet service,No internet service,One year,No,Credit card (automatic),41.68,885.81,No
C01543,Male,0,Yes,No,17,Yes,Yes,DSL,No,Yes,No,No,No,No,One year,No,Bank transfer (automatic),39.51,651.23,No
C01544,Female,1,No,No,11,Yes,No,No,No internet service,No internet service,No internet service,No internet service,No internet service,No internet service,One year,Yes,Mailed check,18.0,18.0,No
C01545,Female,0,No,No,5,Yes,Yes,Fiber optic,No,Yes,No,Yes,Yes,No,Month-to-month,Yes,Electronic check,64.75,380.14,Yes
C01546,Female,1,No,No,19,Yes,Yes,Fiber optic,No,No,Yes,Yes,No,Yes,Month-to-month,Yes,Credit card (automatic),76.26,1259.52,Yes
C01547,Male,0,No,No,72,Yes,Yes,DSL,No,No,Yes,Yes,No,Yes,Two year,Yes,Electronic check,56.43,4347.34,No
C01548,Male,0,No,Yes,33,Yes,No,DSL,Yes,No,No,Yes,Yes,Yes,One year,No,Credit card (automatic),53.71,1609.23,No
C01549,Female,0,No,No,1,Yes,No,Fiber optic,No,Yes,No,Yes,No,No,One year,No,Mailed check,71.6,18.0,Yes
C01550,Male,0,Yes,Yes,53,Yes,No,No,No internet service,No internet service,No internet service,No internet service,No internet service,No internet service,Month-to-month,Yes,Electronic check,21.38,1072.36,No
C01551,Male,0,Yes,Yes,72,Yes,Yes,DSL,Yes,No,Yes,Yes,No,No,One year,Yes,Electronic check,36.85,2693.9,No
C01552,Male,0,No,No,56,Yes,No,Fiber optic,Yes,Yes,Yes,No,Yes,Yes,Month-to-month,Yes,Electronic check,60.41,3227.48,Yes
C01553,Female,0,Yes,Yes,41,Yes,Yes,DSL,Yes,No,No,Yes,No,No,Two year,Yes,Credit card (automatic),44.06,2026.69,No
C01554,Female,0,No,No,5,Yes,Yes,DSL,No,No,No,No,Yes,No,Two year,Yes,Electronic check,40.8,383.12,Yes
C01555,Male,0,No,Yes,13,Yes,Yes,DSL,Yes,No,Yes,No,No,Yes,Month-to-month,Yes,Electronic check,34.33,405.53,Yes
C01556,Female,0,Yes,No,26,Yes,No,No,No internet service,No internet service,No internet service,No internet service,No internet service,No internet service,Month-to-month,Yes,Mailed check,44.88,1235.24,No
C01557,Male,0,No,Yes,2,Yes,No,Fiber optic,No,Yes,Yes,No,No,No,One year,Yes,Electronic check,61.87,205.87,Yes
C01558,Male,0,Yes,Yes,3,Yes,Yes,Fiber optic,Yes,Yes,No,No,No,No,Month-to-month,No,Electronic check,72.91,26.48,Yes
C01559,Male,0,Yes,No,72,Yes,Yes,Fiber optic,No,No,Yes,No,No,No,Two year,Yes,Electronic check,93.39,7088.13,No
C01560,Male,0,No,No,38,Yes,Yes,Fiber optic,Yes,No,Yes,No,Yes,Yes,Two year,Yes,Electronic check,64.11,2413.13,No
C01561,Female,1,Yes,No,10,Yes,No,Fiber optic,No,No,No,No,No,Yes,Month-to-month,No,Bank transfer (automatic),55.59,850.86,Yes
C01562,Female,0,No,Yes,12,Yes,No,Fiber optic,No,Yes,Yes,Yes,No,Yes,Two year,Yes,Electronic check,65.26,957.68,Yes
C01563,Female,0,No,No,15,Yes,No,Fiber optic,Yes,No,No,Yes,No,Yes,One year,Yes,Mailed check,67.91,1149.1,No
C01564,Male,0,Yes,No,2,No,No phone service,Fiber optic,No,No,No,No,Yes,No,Month-to-month,No,Bank transfer (automatic),82.19,173.34,Yes
C01565,Male,0,No,Yes,43,Yes,No,DSL,No,Yes,Yes,No,Yes,No,Month-to-month,Yes,Electronic check,36.52,1809.98,No
C01566,Male,1,No,No,6,Yes,Yes,DSL,Yes,Yes,No,Yes,Yes,No,Month-to-month,Yes,Mailed check,29.91,382.51,Yes
C01567,Female,0,Yes,No,52,Yes,Yes,No,No internet service,No internet service,No internet service,No internet service,No internet service,No internet service,One year,Yes,Bank transfer (automatic),18.0,988.32,No
C01568,Male,0,Yes,No,59,Yes,No,DSL,No,No,No,No,No,Yes,One year,Yes,Bank transfer (automatic),58.63,3642.39,No
C01569,Female,0,No,No,32,No,No phone service,Fiber optic,Yes,Yes,No,Yes,Yes,Yes,Month-to-month,No,Bank transfer (automatic),77.68,2406.07,No
C01570,Female,0,No,No,47,Yes,No,Fiber optic,No,No,Yes,Yes,No,Yes,Month-to-month,Yes,Electronic check,88.73,3878.04,Yes
C01571,Female,0,Yes,No,6,Yes,No,No,No internet service,No internet service,No internet service,No internet service,No internet service,No internet service,Month-to-month,No,Mailed check,28.86,240.8,No
C01572,Female,0,Yes,No,27,No,No phone service,DSL,No,No,No,Yes,No,Yes,Two year,Yes,Credit card (automatic),37.82,1056.89,No
C01573,Female,0,No,No,36,Yes,No,Fiber optic,No,Yes,No,Yes,Yes,No,Two year,Yes,Mailed check,81.0,2609.32,No
C01574,Female,1,No,No,34,Yes,No,Fiber optic,Yes,Yes,No,No,No,Yes,Two year,No,Electronic check,84.01,2834.01,Yes
C01575,Male,0,Yes,No,3,No,No phone service,Fiber optic,No,Yes,No,No,No,No,Month-to-month,No,Electronic check,78.43,94.1,Yes
C01576,Male,0,No,No,13,Yes,Yes,Fiber optic,Yes,Yes,No,No,Yes,No,One year,Yes,Bank transfer (automatic),77.01,644.58,No
C01577,Female,0,Yes,No,12,Yes,No,Fiber optic,No,Yes,No,Yes,Yes,Yes,Two year,Yes,Electronic check,96.81,1057.91,No
C01578,Female,0,No,No,27,Yes,Yes,No,No internet service,No internet service,No internet service,No internet service,No internet service,No internet service,Month-to-month,Yes,Bank transfer (automatic),18.0,546.64,No
C01579,Male,1,Yes,Yes,46,Yes,Yes,Fiber optic,Yes,No,Yes,No,Yes,Yes,Two year,Yes,Electronic check,62.54,2621.95,No
C01580,Female,0,Yes,No,27,Yes,No,DSL,No,Yes,No,No,Yes,Yes,Month-to-month,No,Mailed check,36.68,835.33,Yes
C01581,Female,0,Yes,No,44,Yes,Yes,No,No internet service,No internet service,No internet service,No internet service,No internet service,No internet service,One year,No,Electronic check,18.0,916.08,No
C01582,Male,0,No,No,3,Yes,No,DSL,Yes,Yes,Yes,No,Yes,No,Month-to-month,Yes,Electronic check,72.34,254.09,Yes
C01583,Female,0,No,No,67,Yes,No,Fiber optic,No,Yes,Yes,No,No,Yes,Month-to-month,Yes,Credit card (automatic),57.88,4143.39,No
C01584,Female,1,No,No,24,Yes,No,Fiber optic,No,No,No,No,Yes,No,Month-to-month,No,Electronic check,75.77,1766.98,Yes
C01585,Female,0,No,No,1,Yes,No,DSL,No,No,No,No,Yes,No,Month-to-month,No,Electronic check,44.59,99.24,Yes
C01586,Male,0,Yes,No,32,Yes,Yes,DSL,Yes,Yes,No,Yes,No,No,One year,Yes,Electronic check,65.4,1742.12,No
C01587,Male,1,No,No,23,Yes,Yes,Fiber optic,No,No,No,Yes,No,No,Two year,Yes,Electronic check,86.26,1674.97,Yes
C01588,Male,1,Yes,No,7,Yes,No,DSL,Yes,No,No,Yes,No,No,Month-to-month,Yes,Credit card (automatic),18.0,184.57,No
C01589,Female,0,No,Yes,46,Yes,Yes,Fiber optic,No,No,Yes,No,Yes,No,Two year,Yes,Electronic check,50.98,2707.75,No
C01590,Female,0,Yes,No,72,Yes,No,Fiber optic,Yes,Yes,Yes,No,No,No,Month-to-month,No,Bank transfer (automatic),57.66,4495.0,No
C01591,Male,0,Yes,No,12,No,No phone service,Fiber optic,Yes,Yes,Yes,Yes,No,No,Two year,Yes,Bank transfer (automatic),63.1,390.66,No
C01592,Female,0,No,No,21,Yes,Yes,DSL,No,Yes,No,No,No,No,One year,No,Bank transfer (automatic),41.02,1154.57,No
C01593,Female,1,No,No,4,Yes,Yes,DSL,No,Yes,No,No,No,Yes,Month-to-month,No,Electronic check,30.22,18.0,Yes
C01594,Female,0,No,Yes,72,Yes,Yes,Fiber optic,No,Yes,No,No,No,Yes,Month-to-month,No,Electronic check,69.72,5261.41,Yes
C01595,Female,0,No,No,12,Yes,Yes,Fiber optic,No,No,Yes,No,No,Yes,Two year,No,Electronic check,101.78,1126.98,Yes
C01596,Female,0,Yes,No,6,Yes,Yes,Fiber optic,No,No,No,Yes,No,Yes,One year,Yes,Electronic check,97.72,563.99,Yes
C01597,Male,0,No,No,20,Yes,No,Fiber optic,No,No,No,No,Yes,No,Month-to-month,Yes,Electronic check,84.96,1865.09,Yes
C01598,Female,0,Yes,Yes,1,Yes,No,DSL,No,Yes,Yes,No,No,No,One year,No,Bank transfer (automatic),95.63,234.19,No
C01599,Male,0,No,No,9,Yes,Yes,Fiber optic,Yes,Yes,No,No,No,Yes,One year,No,Mailed check,68.95,756.72,No
C01600,Female,0,No,Yes,2,Yes,No,No,No internet service,No internet service,No internet service,No internet service,No internet service,No internet service,Two year,Yes,Electronic check,26.68,134.05,No
C01601,Male,0,Yes,No,4,Yes,Yes,DSL,No,No,No,Yes,Yes,No,Month-to-month,No,Electronic check,51.0,417.73,Yes
C01602,Female,0,Yes,No,3,Yes,Yes,Fiber optic,Yes,No,No,Yes,No,No,Month-to-month,Yes,Electronic check,108.94,279.37,Yes
C01603,Male,0,Yes,Yes,65,Yes,No,No,No internet service,No internet service,No internet service,No internet service,No internet service,No internet service,Month-to-month,Yes,Mailed check,30.87,2206.43,No
C01604,Female,0,Yes,No,72,Yes,No,Fiber optic,Yes,Yes,No,Yes,Yes,Yes,Month-to-month,No,Mailed check,63.54,4404.55,No
C01605,Male,0,Yes,No,20,Yes,No,Fiber optic,No,No,No,Yes,Yes,No,Month-to-month,Yes,Credit card (automatic),53.25,1037.38,Yes
C01606,Female,0,Yes,No,31,Yes,No,DSL,No,No,No,Yes,Yes,No,Month-to-month,Yes,Bank transfer (automatic),18.0,801.74,No
C01607,Male,0,Yes,No,38,Yes,No,No,No internet service,No internet service,No internet service,No internet service,No internet service,No internet service,Two year,Yes,Bank transfer (automatic),43.9,1717.33,No
C01608,Female,0,No,No,15,Yes,No,Fiber optic,No,Yes,No,No,Yes,Yes,Month-to-month,Yes,Electronic check,59.15,1068.22,Yes
C01609,Male,0,No,No,14,Yes,No,DSL,No,Yes,Yes,Yes,Yes,No,Month-to-month,Yes,Mailed check,55.27,847.14,Yes
C01610,Male,0,Yes,No,36,Yes,No,Fiber optic,No,No,No,Yes,Yes,Yes,Month-to-month,Yes,Credit card (automatic),65.58,2189.67,Yes
C01611,Female,1,Yes,No,15,Yes,Yes,DSL,Yes,Yes,No,Yes,No,No,Two year,Yes,Mailed check,38.47,289.78,No
C01612,Female,0,Yes,No,27,Yes,No,Fiber optic,No,No,Yes,No,Yes,No,One year,No,Electronic check,72.68,1978.28,No
C01613,Male,0,No,Yes,23,Yes,Yes,No,No internet service,No internet service,No internet service,No internet service,No internet service,No internet service,Month-to-month,Yes,Bank transfer (automatic),45.45,1224.04,No
C01614,Female,1,No,No,23,Yes,Yes,Fiber optic,No,Yes,No,No,No,No,Two year,Yes,Electronic check,74.92,1669.46,Yes
C01615,Male,0,No,No,56,Yes,Yes,No,No internet service,No internet service,No internet service,No internet service,No internet service,No internet service,One year,No,Credit card (automatic),18.0,894.51,No
C01616,Male,0,No,No,38,Yes,No,No,No internet service,No internet service,No internet service,No internet service,No internet service,No internet service,Two year,Yes,Mailed check,18.0,816.79,No
C01617,Male,0,No,Yes,72,Yes,Yes,Fiber optic,No,Yes,No,Yes,No,No,Month-to-month,No,Credit card (automatic),61.39,4054.42,No
C01618,Female,1,No,No,50,Yes,No,DSL,Yes,No,No,No,Yes,No,Two year,Yes,Electronic check,32.59,1421.66,No
C01619,Male,0,Yes,Yes,5,Yes,No,DSL,No,Yes,No,Yes,Yes,Yes,Two year,No,Electronic check,23.26,58.32,No
C01620,Male,0,No,No,42,Yes,No,Fiber optic,Yes,Yes,Yes,Yes,Yes,No,Two year,No,Mailed check,70.29,3322.31,No
C01621,Female,0,No,No,35,Yes,Yes,DSL,No,Yes,No,No,Yes,Yes,Month-to-month,Yes,Mailed check,58.92,2154.81,Yes
C01622,Female,0,No,No,33,Yes,No,Fiber optic,No,Yes,No,Yes,Yes,No,Month-to-month,Yes,Bank transfer (automatic),78.89,2580.88,Yes
C01623,Female,0,No,No,20,Yes,No,Fiber optic,No,Yes,No,Yes,Yes,Yes,Two year,Yes,Bank transfer (automatic),67.64,1568.4,No
C01624,Female,0,Yes,No,2,Yes,Yes,Fiber optic,No,Yes,No,No,No,No,Month-to-month,No,Mailed check,59.23,18.0,Yes
C01625,Male,0,No,No,72,Yes,No,Fiber optic,Yes,No,Yes,Yes,No,Yes,Month-to-month,Yes,Electronic check,66.58,4724.73,No
C01626,Male,0,Yes,Yes,61,Yes,Yes,Fiber optic,No,Yes,Yes,Yes,Yes,No,Month-to-month,No,Credit card (automatic),78.43,4752.7,No
C01627,Male,0,Yes,No,21,No,No phone service,No,No internet service,No internet service,No internet service,No internet service,No internet service,No internet service,Month-to-month,No,Electronic check,22.63,430.31,Yes
C01628,Male,0,Yes,No,5,Yes,No,Fiber optic,No,Yes,No,Yes,Yes,No,One year,No,Electronic check,76.96,618.15,Yes
C01629,Female,1,No,No,55,Yes,No,Fiber optic,No,Yes,Yes,Yes,Yes,No,Month-to-month,No,Electronic check,46.34,2516.28,Yes
C01630,Male,0,No,No,18,Yes,Yes,DSL,No,No,No,Yes,No,No,One year,Yes,Mailed check,45.2,1021.43,No
C01631,Male,0,No,No,15,Yes,No,Fiber optic,No,Yes,Yes,Yes,Yes,No,Month-to-month,No,Electronic check,67.19,1225.09,Yes
C01632,Female,0,No,No,35,Yes,Yes,Fiber optic,Yes,No,No,No,Yes,No,Month-to-month,No,Bank transfer (automatic),99.55,3669.49,Yes
C01633,Male,0,Yes,Yes,45,Yes,No,Fiber optic,Yes,No,Yes,No,No,No,Two year,Yes,Credit card (automatic),75.69,3397.74,No
C01634,Male,0,No,No,2,Yes,No,DSL,No,No,No,No,No,No,Month-to-month,Yes,Credit card (automatic),29.74,115.05,Yes
C01635,Male,0,No,Yes,46,Yes,Yes,Fiber optic,Yes,No,Yes,No,No,Yes,Month-to-month,Yes,Credit card (automatic),76.42,3398.05,Yes
C01636,Male,0,No,No,42,Yes,No,Fiber optic,Yes,No,Yes,Yes,No,No,Month-to-month,No,Electronic check,81.57,3606.93,Yes
C01637,Male,0,Yes,No,28,Yes,Yes,No,No internet service,No internet service,No internet service,No internet service,No internet service,No internet service,Two year,No,Mailed check,35.79,683.12,No
C01638,Male,0,No,No,13,No,No phone service,DSL,No,Yes,No,No,No,No,Month-to-month,Yes,Electronic check,67.14,912.27,Yes
C01639,Female,1,No,No,5,Yes,No,Fiber optic,Yes,No,Yes,No,No,No,One year,Yes,Electronic check,53.15,18.0,Yes
C01640,Female,1,No,No,3,Yes,No,DSL,No,Yes,No,No,No,Yes,Two year,No,Electronic check,65.87,387.87,Yes
C01641,Male,0,No,No,1,Yes,Yes,Fiber optic,No,Yes,No,No,Yes,No,One year,Yes,Electronic check,47.46,220.29,Yes
C01642,Male,0,No,No,7,Yes,Yes,Fiber optic,No,No,Yes,No,Yes,Yes,Month-to-month,Yes,Mailed check,89.08,887.83,Yes
C01643,Female,0,No,No,16,Yes,No,No,No internet service,No internet service,No internet service,No internet service,No internet service,No internet service,Month-to-month,No,Electronic check,34.47,545.66,Yes
C01644,Male,1,No,Yes,8,Yes,No,DSL,No,No,Yes,Yes,No,No,One year,Yes,Mailed check,18.0,286.76,No
C01645,Male,0,No,Yes,11,Yes,No,Fiber optic,No,Yes,No,No,No,No,One year,Yes,Electronic check,76.87,760.22,Yes
C01646,Male,1,Yes,No,15,Yes,No,Fiber optic,No,Yes,No,No,No,No,Month-to-month,No,Credit card (automatic),64.34,643.12,Yes
C01647,Female,0,No,No,11,Yes,No,Fiber optic,No,No,Yes,Yes,Yes,Yes,Two year,No,Mailed check,105.52,1184.55,No
C01648,Male,1,No,No,41,Yes,Yes,Fiber optic,Yes,Yes,Yes,No,No,No,Month-to-month,Yes,Bank transfer (automatic),69.75,2966.58,Yes
C01649,Female,0,No,No,21,Yes,Yes,Fiber optic,Yes,Yes,No,No,No,Yes,Two year,Yes,Mailed check,59.33,1346.66,No
C01650,Male,0,No,Yes,1,Yes,No,Fiber optic,No,Yes,Yes,No,No,No,One year,Yes,Mailed check,61.96,88.07,Yes
C01651,Female,0,Yes,No,8,Yes,Yes,DSL,No,No,Yes,Yes,Yes,Yes,One year,Yes,Mailed check,42.58,703.55,No
C01652,Female,0,Yes,No,39,Yes,No,Fiber optic,Yes,No,Yes,No,No,Yes,One year,Yes,Electronic check,72.56,2863.18,No
C01653,Male,0,No,No,11,Yes,No,Fiber optic,No,Yes,No,Yes,No,No,Month-to-month,Yes,Electronic check,55.93,749.42,Yes
C01654,Female,0,No,No,72,Yes,No,No,No internet service,No internet service,No internet service,No internet service,No internet service,No internet service,Two year,Yes,Credit card (automatic),18.49,1289.96,No
C01655,Male,0,Yes,No,39,Yes,No,Fiber optic,Yes,No,No,No,No,No,Two year,Yes,Bank transfer (automatic),90.11,3584.9,No
C01656,Female,0,Yes,No,10,No,No phone service,No,No internet service,No internet service,No internet service,No internet service,No internet service,No internet service,One year,Yes,Electronic check,29.34,429.48,No
C01657,Male,0,Yes,Yes,23,Yes,No,DSL,No,No,Yes,No,Yes,No,One year,No,Electronic check,48.7,1041.88,No
C01658,Male,0,Yes,No,35,Yes,No,DSL,No,No,Yes,No,Yes,Yes,Month-to-month,No,Mailed check,47.29,1460.9,No
C01659,Female,0,Yes,Yes,6,Yes,Yes,Fiber optic,Yes,No,No,Yes,Yes,No,One year,No,Electronic check,73.49,620.98,Yes
C01660,Male,0,Yes,Yes,9,Yes,No,DSL,Yes,Yes,No,Yes,No,Yes,Two year,Yes,Bank transfer (automatic),44.12,383.75,No
C01661,Male,1,Yes,Yes,22,Yes,Yes,No,No internet service,No internet service,No internet service,No internet service,No internet service,No internet service,Month-to-month,Yes,Electronic check,32.65,694.0,No
C01662,Female,0,Yes,Yes,72,Yes,No,Fiber optic,Yes,No,Yes,No,Yes,No,One year,Yes,Bank transfer (automatic),68.86,5250.18,No
C01663,Male,0,Yes,No,13,No,No phone service,DSL,No,Yes,Yes,No,Yes,Yes,Month-to-month,Yes,Mailed check,29.54,380.31,No
C01664,Male,0,No,Yes,16,Yes,No,Fiber optic,No,Yes,Yes,Yes,Yes,Yes,Month-to-month,No,Electronic check,82.01,1304.24,Yes
C01665,Female,0,Yes,Yes,6,Yes,Yes,No,No internet service,No internet service,No internet service,No internet service,No internet service,No internet service,Month-to-month,Yes,Credit card (automatic),18.0,18.0,No
C01666,Female,0,Yes,No,28,Yes,No,DSL,No,Yes,No,No,Yes,No,Month-to-month,No,Electronic check,36.9,1039.6,Yes
C01667,Male,0,Yes,No,43,Yes,No,Fiber optic,No,No,No,Yes,No,Yes,Month-to-month,Yes,Credit card (automatic),79.04,3320.48,Yes
C01668,Male,0,Yes,No,18,Yes,No,Fiber optic,No,No,No,No,No,No,Month-to-month,Yes,Bank transfer (automatic),72.53,1510.04,Yes
C01669,Female,0,Yes,No,44,No,No phone service,Fiber optic,No,No,Yes,Yes,No,No,Month-to-month,No,Mailed check,59.93,2822.45,No
C01670,Female,0,Yes,No,11,No,No phone service,DSL,Yes,Yes,No,Yes,Yes,Yes,Month-to-month,No,Credit card (automatic),58.7,820.48,No
C01671,Male,1,No,No,39,No,No phone service,Fiber optic,No,No,No,No,Yes,Yes,Month-to-month,No,Electronic check,97.21,3816.25,Yes
C01672,Female,1,No,Yes,9,Yes,Yes,Fiber optic,No,No,Yes,Yes,No,No,Month-to-month,Yes,Electronic check,64.71,620.56,Yes
C01673,Male,0,No,No,48,Yes,No,Fiber optic,No,No,Yes,No,Yes,No,Month-to-month,No,Bank transfer (automatic),72.29,3616.8,No
C01674,Male,0,No,Yes,56,Yes,Yes,No,No internet service,No internet service,No internet service,No internet service,No internet service,No internet service,One year,Yes,Mailed check,21.47,1144.99,No
C01675,Male,0,Yes,Yes,51,Yes,No,No,No internet service,No internet service,No internet service,No internet service,No internet service,No internet service,Month-to-month,Yes,Mailed check,49.9,2734.87,No
C01676,Male,0,No,No,7,Yes,No,DSL,Yes,No,Yes,No,Yes,No,One year,Yes,Credit card (automatic),37.71,18.0,No
C01677,Male,0,Yes,No,37,Yes,No,DSL,No,Yes,No,No,No,Yes,Month-to-month,No,Bank transfer (automatic),18.88,497.85,No
C01678,Female,0,No,No,24,Yes,Yes,Fiber optic,No,Yes,No,No,No,Yes,Two year,No,Mailed check,70.54,1723.67,No
C01679,Female,1,Yes,No,72,No,No phone service,DSL,Yes,No,No,Yes,Yes,No,Month-to-month,No,Bank transfer (automatic),23.81,1779.48,No
C01680,Female,1,No,No,14,Yes,No,Fiber optic,No,Yes,Yes,Yes,Yes,Yes,Month-to-month,Yes,Bank transfer (automatic),78.41,1380.52,Yes
C01681,Female,0,No,No,47,Yes,No,DSL,No,Yes,No,No,No,No,Month-to-month,No,Electronic check,43.91,2302.84,No
C01682,Male,0,Yes,Yes,14,Yes,Yes,Fiber optic,No,No,No,Yes,No,No,One year,Yes,Electronic check,66.34,1391.22,No
C01683,Male,0,No,No,16,Yes,No,DSL,No,Yes,No,Yes,No,Yes,Two year,Yes,Mailed check,50.77,658.63,No
C01684,Male,0,Yes,No,3,Yes,No,DSL,No,No,No,No,No,No,Month-to-month,Yes,Bank transfer (automatic),51.78,87.0,Yes
C01685,Male,0,No,Yes,8,Yes,No,No,No internet service,No internet service,No internet service,No internet service,No internet service,No internet service,One year,Yes,Credit card (automatic),18.84,330.26,No
C01686,Female,0,No,No,5,No,No phone service,DSL,No,No,Yes,No,Yes,Yes,Two year,No,Bank transfer (automatic),48.81,115.3,No
C01687,Male,1,Yes,No,5,Yes,No,DSL,Yes,No,No,Yes,No,No,One year,No,Bank transfer (automatic),44.2,263.22,No
C01688,Male,0,Yes,Yes,1,Yes,No,Fiber optic,Yes,No,No,Yes,No,No,Month-to-month,No,Mailed check,77.77,18.0,No
C01689,Female,0,Yes,No,50,Yes,Yes,DSL,No,Yes,Yes,Yes,Yes,Yes,Month-to-month,No,Credit card (automatic),24.21,980.68,No
C01690,Female,0,No,No,20,No,No phone service,Fiber optic,No,No,No,Yes,No,Yes,One year,Yes,Credit card (automatic),62.32,1011.79,No
C01691,Female,0,Yes,Yes,52,Yes,No,Fiber optic,No,No,No,No,Yes,No,Two year,Yes,Mailed check,75.36,3434.36,No
C01692,Female,0,No,No,30,Yes,Yes,Fiber optic,No,Yes,No,No,Yes,No,Month-to-month,No,Bank transfer (automatic),77.57,2432.51,Yes
C01693,Male,0,No,No,56,Yes,Yes,Fiber optic,No,No,Yes,Yes,No,No,Two year,No,Bank transfer (automatic),80.34,4501.46,No
C01694,Male,0,Yes,No,22,Yes,Yes,No,No internet service,No internet service,No internet service,No internet service,No internet service,No internet service,Month-to-month,Yes,Electronic check,29.65,654.42,No
C01695,Female,0,No,Yes,3,Yes,No,DSL,No,Yes,No,No,No,No,Month-to-month,Yes,Electronic check,38.15,18.0,Yes
C01696,Male,0,No,No,30,Yes,Yes,DSL,No,Yes,No,Yes,No,No,One year,No,Credit card (automatic),48.91,1526.55,No
C01697,Male,1,Yes,No,36,No,No phone service,DSL,No,No,No,No,No,No,Month-to-month,No,Credit card (automatic),45.34,1779.12,No
C01698,Male,0,Yes,No,31,Yes,No,DSL,Yes,Yes,Yes,Yes,Yes,No,One year,Yes,Bank transfer (automatic),53.85,1558.87,No
C01699,Female,0,No,No,51,Yes,Yes,Fiber optic,Yes,Yes,Yes,No,No,Yes,Month-to-month,No,Credit card (automatic),64.72,3486.24,No
C01700,Male,0,Yes,No,42,No,No phone service,DSL,No,No,No,Yes,Yes,Yes,Month-to-month,No,Bank transfer (automatic),28.99,1000.63,No
C01701,Female,0,Yes,Yes,18,Yes,Yes,DSL,No,No,No,No,No,No,Month-to-month,Yes,Credit card (automatic),82.48,1566.84,Yes
C01702,Male,0,Yes,Yes,54,Yes,No,Fiber optic,No,Yes,Yes,No,Yes,No,Two year,Yes,Electronic check,61.23,2879.45,No
C01703,Male,1,No,No,37,Yes,No,Fiber optic,No,No,No,Yes,No,No,Month-to-month,Yes,Mailed check,62.64,2269.68,No
C01704,Male,1,No,No,4,Yes,No,Fiber optic,Yes,Yes,No,No,Yes,No,Month-to-month,Yes,Mailed check,54.42,267.78,Yes
C01705,Female,0,No,No,24,Yes,No,DSL,No,Yes,No,No,Yes,No,One year,Yes,Electronic check,38.45,828.11,No
C01706,Male,0,Yes,No,41,Yes,Yes,Fiber optic,No,No,Yes,No,No,No,Two year,No,Bank transfer (automatic),56.23,2262.18,No
C01707,Female,0,No,No,25,Yes,No,DSL,No,No,No,Yes,No,Yes,Month-to-month,Yes,Mailed check,37.54,1216.47,No
C01708,Female,0,No,Yes,72,No,No phone service,No,No internet service,No internet service,No internet service,No internet service,No internet service,No internet service,Month-to-month,Yes,Credit card (automatic),18.0,1099.28,No
C01709,Female,0,Yes,No,3,Yes,No,DSL,No,Yes,Yes,Yes,No,No,Two year,Yes,Mailed check,39.35,18.0,No
C01710,Male,0,Yes,Yes,41,Yes,Yes,Fiber optic,No,Yes,No,No,No,No,One year,No,Mailed check,51.15,2238.47,No
C01711,Male,0,No,Yes,55,Yes,No,No,No internet service,No internet service,No internet service,No internet service,No internet service,No internet service,One year,Yes,Credit card (automatic),23.83,1011.86,No
C01712,Male,0,No,No,38,Yes,No,DSL,No,Yes,Yes,No,No,No,Month-to-month,No,Electronic check,49.58,1815.11,Yes
C01713,Male,0,No,No,15,Yes,No,No,No internet service,No internet service,No internet service,No internet service,No internet service,No internet service,One year,No,Mailed check,25.82,177.76,No
C01714,Female,1,No,Yes,15,Yes,No,DSL,No,No,No,No,Yes,No,Two year,No,Electronic check,48.11,806.47,Yes
C01715,Female,0,No,No,28,Yes,No,DSL,No,No,No,Yes,No,No,One year,No,Mailed check,45.12,1456.51,No
C01716,Female,0,Yes,Yes,16,Yes,Yes,DSL,Yes,Yes,Yes,Yes,Yes,Yes,Month-to-month,No,Bank transfer (automatic),44.36,512.01,Yes
C01717,Male,0,No,No,68,No,No phone service,No,No internet service,No internet service,No internet service,No internet service,No internet service,No internet service,One year,No,Bank transfer (automatic),33.51,2501.48,No
C01718,Female,0,No,Yes,3,Yes,No,DSL,Yes,Yes,No,No,No,Yes,Two year,No,Mailed check,71.27,45.59,No
C01719,Male,0,No,No,32,No,No phone service,DSL,No,No,No,No,No,Yes,Month-to-month,No,Electronic check,41.9,1422.93,Yes
C01720,Female,0,Yes,No,4,Yes,Yes,No,No internet service,No internet service,No internet service,No internet service,No internet service,No internet service,One year,No,Mailed check,34.14,18.0,No
C01721,Male,1,No,No,24,Yes,Yes,Fiber optic,No,No,Yes,Yes,No,Yes,One year,No,Bank transfer (automatic),70.15,1952.02,No
C01722,Male,0,No,Yes,40,Yes,No,Fiber optic,No,No,No,Yes,Yes,Yes,Month-to-month,No,Mailed check,79.77,2574.39,No
C01723,Female,0,Yes,Yes,5,Yes,Yes,Fiber optic,No,No,Yes,No,No,No,One year,Yes,Electronic check,81.13,67.39,Yes
C01724,Female,0,Yes,No,38,Yes,No,DSL,Yes,Yes,Yes,No,Yes,No,One year,Yes,Credit card (automatic),37.68,1385.27,No
C01725,Female,0,No,No,4,Yes,Yes,No,No internet service,No internet service,No internet service,No internet service,No internet service,No internet service,Month-to-month,Yes,Mailed check,18.0,18.0,No
C01726,Female,0,Yes,Yes,31,Yes,Yes,Fiber optic,Yes,No,Yes,Yes,No,Yes,Month-to-month,No,Mailed check,76.81,2595.69,Yes
C01727,Male,1,No,No,22,Yes,No,DSL,Yes,No,No,Yes,No,No,Month-to-month,Yes,Mailed check,42.66,591.6,Yes
C01728,Female,0,No,No,11,Yes,No,Fiber optic,No,Yes,No,No,Yes,No,Month-to-month,No,Bank transfer (automatic),49.07,455.07,No
C01729,Female,0,Yes,No,3,Yes,No,No,No internet service,No internet service,No internet service,No internet service,No internet service,No internet service,One year,Yes,Electronic check,18.0,821.76,No
C01730,Female,0,No,Yes,42,Yes,Yes,DSL,Yes,Yes,No,No,Yes,No,Month-to-month,Yes,Bank transfer (automatic),59.22,2653.44,No
C01731,Male,0,No,No,15,Yes,No,Fiber optic,No,No,Yes,No,No,No,Month-to-month,Yes,Electronic check,62.85,555.53,Yes
C01732,Male,1,No,No,2,Yes,No,Fiber optic,No,Yes,No,No,No,Yes,Two year,Yes,Bank transfer (automatic),79.88,707.62,Yes
C01733,Female,1,Yes,Yes,47,No,No phone service,No,No internet service,No internet service,No internet service,No internet service,No internet service,No internet service,Month-to-month,Yes,Electronic check,18.0,1214.1,No
C01734,Male,0,No,No,8,Yes,Yes,DSL,Yes,No,No,No,No,No,Month-to-month,No,Electronic check,28.96,66.55,Yes
C01735,Female,0,Yes,No,42,Yes,No,No,No internet service,No internet service,No internet service,No internet service,No internet service,No internet service,Two year,Yes,Mailed check,19.31,878.65,No
C01736,Male,0,Yes,No,26,Yes,No,DSL,Yes,No,Yes,No,Yes,Yes,One year,No,Electronic check,32.78,581.83,No
C01737,Male,0,Yes,No,6,Yes,No,DSL,No,Yes,No,No,Yes,Yes,One year,No,Electronic check,43.76,297.39,No
C01738,Male,1,Yes,Yes,2,Yes,No,Fiber optic,No,Yes,Yes,No,Yes,Yes,Two year,Yes,Electronic check,68.61,189.77,Yes
C01739,Male,0,Yes,No,28,Yes,No,DSL,No,Yes,No,No,Yes,No,Month-to-month,No,Credit card (automatic),75.05,2062.02,Yes
C01740,Female,0,No,Yes,1,Yes,No,Fiber optic,Yes,No,No,No,No,Yes,Two year,Yes,Bank transfer (automatic),74.18,147.21,Yes
C01741,Female,0,No,Yes,2,No,No phone service,Fiber optic,No,No,No,No,No,No,Month-to-month,Yes,Electronic check,55.75,334.19,Yes
C01742,Female,0,Yes,No,38,Yes,Yes,Fiber optic,Yes,No,Yes,No,No,No,Month-to-month,Yes,Credit card (automatic),73.96,2768.6,No
C01743,Male,0,Yes,No,24,Yes,Yes,Fiber optic,No,Yes,Yes,Yes,No,No,Two year,Yes,Credit card (automatic),68.12,1291.64,No
C01744,Female,0,No,No,12,Yes,No,No,No internet service,No internet service,No internet service,No internet service,No internet service,No internet service,Month-to-month,Yes,Electronic check,18.0,56.5,No
C01745,Female,0,Yes,Yes,24,Yes,Yes,No,No internet service,No internet service,No internet service,No internet service,No internet service,No internet service,Month-to-month,Yes,Bank transfer (automatic),45.77,1055.33,No
C01746,Female,0,No,No,28,No,No phone service,Fiber optic,Yes,Yes,No,Yes,Yes,No,Two year,No,Electronic check,76.37,2051.99,No
C01747,Male,0,No,Yes,26,Yes,No,Fiber optic,No,No,No,No,Yes,No,Month-to-month,Yes,Mailed check,58.46,1613.93,Yes
C01748,Male,0,No,Yes,32,Yes,Yes,Fiber optic,No,No,No,No,No,No,Month-to-month,Yes,Electronic check,94.79,3157.52,Yes
C01749,Male,0,Yes,No,72,Yes,Yes,Fiber optic,Yes,Yes,Yes,Yes,Yes,No,Two year,No,Electronic check,67.29,4661.03,No
C01750,Female,0,Yes,No,15,Yes,No,DSL,Yes,No,No,No,No,No,Month-to-month,Yes,Mailed check,63.61,778.32,Yes
C01751,Female,0,Yes,Yes,11,Yes,No,DSL,Yes,Yes,No,No,No,No,Two year,No,Credit card (automatic),67.63,1317.7,No
C01752,Female,1,Yes,Yes,1,Yes,No,Fiber optic,Yes,No,No,No,No,No,Two year,No,Credit card (automatic),57.84,34.5,Yes
C01753,Male,0,Yes,Yes,5,Yes,No,DSL,Yes,Yes,No,No,Yes,No,One year,No,Credit card (automatic),64.73,580.59,No
C01754,Male,0,No,No,3,Yes,Yes,DSL,No,No,No,No,No,Yes,One year,No,Electronic check,35.53,18.0,No
C01755,Female,0,No,No,13,Yes,No,Fiber optic,Yes,Yes,No,Yes,No,No,Month-to-month,No,Bank transfer (automatic),75.41,1452.28,Yes
C01756,Male,0,No,Yes,30,Yes,No,DSL,Yes,Yes,No,No,No,No,Month-to-month,Yes,Electronic check,36.57,1012.65,Yes
C01757,Male,0,No,No,1,Yes,Yes,DSL,No,Yes,No,Yes,No,Yes,Two year,Yes,Mailed check,60.0,18.0,No
C01758,Male,0,Yes,Yes,41,Yes,Yes,Fiber optic,No,No,Yes,Yes,Yes,No,Month-to-month,Yes,Electronic check,75.9,3140.33,Yes
C01759,Male,0,No,Yes,16,Yes,Yes,Fiber optic,Yes,Yes,Yes,No,Yes,Yes,Month-to-month,No,Bank transfer (automatic),57.44,1373.83,Yes
C01760,Female,0,Yes,No,72,Yes,Yes,DSL,No,Yes,Yes,No,No,No,Two year,Yes,Electronic check,52.61,4232.25,No
C01761,Male,0,Yes,No,26,Yes,No,Fiber optic,No,Yes,No,Yes,No,Yes,One year,Yes,Bank transfer (automatic),75.79,1959.14,No
C01762,Male,0,No,Yes,47,Yes,No,Fiber optic,No,Yes,Yes,No,No,No,Two year,Yes,Electronic check,66.36,3098.02,No
C01763,Male,0,No,Yes,63,Yes,Yes,DSL,No,No,No,No,No,No,Two year,Yes,Mailed check,40.3,2245.81,No
C01764,Male,0,No,Yes,70,Yes,No,DSL,No,No,Yes,No,No,No,One year,Yes,Electronic check,42.42,3333.17,No
C01765,Female,0,Yes,No,23,Yes,Yes,No,No internet service,No internet service,No internet service,No internet service,No internet service,No internet service,Month-to-month,Yes,Electronic check,23.72,811.96,No
C01766,Female,0,Yes,Yes,16,Yes,No,Fiber optic,Yes,No,No,No,No,No,Month-to-month,Yes,Mailed check,51.24,1143.59,Yes
C01767,Male,0,Yes,No,26,Yes,No,DSL,No,No,No,No,Yes,No,Month-to-month,Yes,Credit card (automatic),50.49,1165.19,Yes
C01768,Male,1,Yes,No,16,Yes,No,Fiber optic,No,No,Yes,No,No,No,Month-to-month,Yes,Electronic check,64.21,1249.76,Yes
C01769,Male,0,Yes,Yes,8,Yes,Yes,DSL,Yes,No,Yes,Yes,Yes,No,Month-to-month,No,Mailed check,36.87,177.77,Yes
C01770,Male,0,No,No,12,Yes,Yes,DSL,Yes,Yes,No,Yes,No,Yes,Two year,No,Electronic check,34.91,825.19,No
C01771,Male,0,No,Yes,8,No,No phone service,No,No internet service,No internet service,No internet service,No internet service,No internet service,No internet service,One year,Yes,Electronic check,18.0,18.0,No
C01772,Male,0,Yes,No,10,No,No phone service,Fiber optic,No,No,Yes,No,No,No,Two year,Yes,Electronic check,52.97,439.95,Yes
C01773,Female,0,No,No,3,Yes,No,Fiber optic,No,No,No,No,No,No,One year,Yes,Mailed check,52.0,313.55,No
C01774,Male,0,Yes,No,17,Yes,Yes,DSL,No,Yes,No,Yes,No,No,Two year,Yes,Bank transfer (automatic),53.66,627.95,No
C01775,Female,0,No,Yes,8,Yes,No,DSL,Yes,No,Yes,Yes,No,Yes,Month-to-month,No,Electronic check,52.33,385.31,No
C01776,Female,1,Yes,No,19,Yes,No,No,No internet service,No internet service,No internet service,No internet service,No internet service,No internet service,Month-to-month,Yes,Bank transfer (automatic),25.85,254.17,No
C01777,Male,0,No,Yes,50,Yes,Yes,No,No internet service,No internet service,No internet service,No internet service,No internet service,No internet service,Month-to-month,Yes,Electronic check,18.0,823.21,No
C01778,Female,0,No,No,19,Yes,Yes,No,No internet service,No internet service,No internet service,No internet service,No internet service,No internet service,Month-to-month,No,Electronic check,19.78,179.52,No
C01779,Female,0,No,No,72,Yes,No,DSL,No,No,No,Yes,No,No,Two year,Yes,Electronic check,18.74,1429.31,No
C01780,Female,0,Yes,No,5,Yes,Yes,Fiber optic,No,No,Yes,No,No,No,Month-to-month,Yes,Mailed check,67.14,491.72,Yes
C01781,Female,0,No,No,60,Yes,Yes,Fiber optic,Yes,No,Yes,No,Yes,No,Month-to-month,Yes,Mailed check,58.37,3468.0,No
C01782,Female,0,Yes,No,9,Yes,No,No,No internet service,No internet service,No internet service,No internet service,No internet service,No internet service,Month-to-month,No,Bank transfer (automatic),18.0,502.99,No
C01783,Female,0,Yes,No,72,Yes,No,DSL,No,No,Yes,Yes,Yes,Yes,Two year,No,Credit card (automatic),31.23,2177.19,No
C01784,Male,1,Yes,No,8,Yes,No,No,No internet service,No internet service,No internet service,No internet service,No internet service,No internet service,Month-to-month,Yes,Credit card (automatic),44.95,210.69,Yes
C01785,Female,0,No,No,43,Yes,No,Fiber optic,No,No,Yes,Yes,Yes,No,Month-to-month,No,Credit card (automatic),96.88,4106.94,No
C01786,Female,0,No,No,2,Yes,No,Fiber optic,Yes,Yes,Yes,No,No,No,Two year,Yes,Credit card (automatic),62.29,18.0,No
C01787,Female,1,Yes,No,31,Yes,Yes,DSL,No,No,No,Yes,Yes,No,Month-to-month,Yes,Mailed check,46.06,1032.46,No
C01788,Male,0,No,Yes,7,Yes,No,Fiber optic,No,No,No,No,Yes,No,Two year,No,Credit card (automatic),54.88,660.89,No
C01789,Female,0,No,Yes,35,Yes,No,No,No internet service,No internet service,No internet service,No internet service,No internet service,No internet service,Month-to-month,Yes,Bank transfer (automatic),18.0,389.67,No
C01790,Male,1,No,No,32,Yes,No,Fiber optic,No,No,No,Yes,No,No,Month-to-month,No,Bank transfer (automatic),91.74,2890.94,Yes
C01791,Female,0,Yes,No,72,Yes,No,DSL,Yes,No,No,Yes,No,Yes,One year,Yes,Electronic check,44.41,3357.9,No
C01792,Male,1,No,No,31,Yes,No,Fiber optic,No,No,No,Yes,Yes,Yes,Two year,No,Mailed check,41.63,1269.67,No
C01793,Male,0,No,Yes,16,Yes,No,Fiber optic,Yes,No,Yes,No,Yes,Yes,One year,No,Credit card (automatic),73.68,1214.82,No
C01794,Female,0,Yes,No,6,No,No phone service,Fiber optic,No,Yes,No,No,No,No,Two year,Yes,Credit card (automatic),68.37,323.92,Yes
C01795,Female,1,No,Yes,34,Yes,No,No,No internet service,No internet service,No internet service,No internet service,No internet service,No internet service,Two year,Yes,Mailed check,18.0,844.98,No
C01796,Male,0,Yes,No,3,Yes,Yes,Fiber optic,No,Yes,Yes,Yes,No,No,Two year,Yes,Bank transfer (automatic),94.87,387.05,Yes
C01797,Female,0,Yes,No,56,Yes,No,Fiber optic,No,Yes,No,Yes,Yes,No,Month-to-month,No,Credit card (automatic),50.03,2487.74,No
C01798,Male,0,Yes,Yes,9,Yes,No,Fiber optic,Yes,No,No,No,No,Yes,One year,No,Electronic check,91.27,1136.19,No
C01799,Male,1,Yes,No,23,Yes,No,Fiber optic,No,Yes,No,No,Yes,Yes,Two year,Yes,Electronic check,68.24,1455.05,No
C01800,Male,0,No,No,28,Yes,No,DSL,No,Yes,Yes,No,No,No,Month-to-month,No,Electronic check,59.03,1890.21,Yes
C01801,Male,0,Yes,No,14,Yes,Yes,No,No internet service,No internet service,No internet service,No internet service,No internet service,No internet service,Month-to-month,No,Electronic check,18.0,306.5,No
C01802,Male,0,No,Yes,34,No,No phone service,Fiber optic,No,No,No,Yes,Yes,Yes,One year,Yes,Credit card (automatic),69.11,2021.91,No
C01803,Female,0,Yes,Yes,9,Yes,Yes,DSL,Yes,No,No,Yes,No,No,Month-to-month,Yes,Bank transfer (automatic),53.77,498.42,No
C01804,Male,0,No,Yes,1,Yes,Yes,No,No internet service,No internet service,No internet service,No internet service,No internet service,No internet service,Month-to-month,No,Mailed check,34.68,165.66,No
C01805,Male,0,No,Yes,72,Yes,Yes,No,No internet service,No internet service,No internet service,No internet service,No internet service,No internet service,Two year,Yes,Electronic check,18.0,1381.37,No
C01806,Female,0,No,Yes,12,No,No phone service,DSL,Yes,No,No,Yes,No,Yes,Month-to-month,Yes,Mailed check,56.73,822.75,No
C01807,Male,0,No,Yes,39,Yes,Yes,Fiber optic,No,No,No,Yes,No,Yes,One year,No,Credit card (automatic),56.67,2161.02,No
C01808,Female,0,No,No,22,Yes,Yes,No,No internet service,No internet service,No internet service,No internet service,No internet service,No internet service,One year,Yes,Mailed check,18.0,18.0,No
C01809,Female,0,Yes,No,35,No,No phone service,No,No internet service,No internet service,No internet service,No internet service,No internet service,No internet service,Month-to-month,No,Electronic check,47.67,1466.48,Yes
C01810,Female,0,No,No,3,Yes,No,No,No internet service,No internet service,No internet service,No internet service,No internet service,No internet service,Month-to-month,No,Mailed check,18.0,265.32,No
C01811,Male,1,No,No,23,Yes,No,Fiber optic,Yes,No,No,No,No,Yes,Two year,Yes,Electronic check,70.9,1622.96,No
C01812,Male,0,No,No,15,Yes,Yes,DSL,No,No,No,Yes,No,No,Two year,Yes,Bank transfer (automatic),48.49,961.63,No
C01813,Male,0,No,No,19,Yes,Yes,DSL,No,No,No,No,Yes,Yes,Month-to-month,Yes,Mailed check,31.85,595.94,No
C01814,Female,0,No,Yes,72,Yes,Yes,Fiber optic,Yes,Yes,No,No,No,No,Two year,Yes,Electronic check,81.77,6293.13,No
C01815,Male,0,Yes,Yes,4,Yes,No,No,No internet service,No internet service,No internet service,No internet service,No internet service,No internet service,Two year,Yes,Credit card (automatic),18.0,58.8,No
C01816,Female,0,No,No,44,Yes,No,Fiber optic,No,No,Yes,No,No,No,Month-to-month,Yes,Bank transfer (automatic),46.02,2123.85,No
C01817,Male,0,Yes,No,12,No,No phone service,DSL,No,No,No,Yes,Yes,No,Month-to-month,Yes,Mailed check,47.2,940.01,No
C01818,Female,0,Yes,No,10,Yes,Yes,Fiber optic,No,Yes,No,No,Yes,No,Two year,Yes,Credit card (automatic),55.88,337.23,No
C01819,Male,1,No,No,10,Yes,Yes,Fiber optic,No,Yes,No,Yes,No,Yes,One year,No,Bank transfer (automatic),67.36,745.67,Yes
C01820,Male,0,Yes,Yes,13,Yes,Yes,Fiber optic,No,No,Yes,Yes,No,No,Two year,No,Electronic check,65.61,723.74,Yes
C01821,Male,0,Yes,No,14,Yes,No,Fiber optic,No,No,No,No,No,Yes,One year,Yes,Electronic check,67.93,583.0,Yes
C01822,Female,0,No,No,10,Yes,Yes,DSL,No,Yes,Yes,No,Yes,No,Month-to-month,Yes,Bank transfer (automatic),58.43,644.73,Yes
C01823,Female,1,No,No,35,No,No phone service,DSL,No,Yes,Yes,No,No,No,Month-to-month,No,Electronic check,51.41,1974.69,Yes
C01824,Male,0,No,No,1,Yes,No,Fiber optic,No,No,No,No,No,No,One year,No,Electronic check,45.23,18.0,Yes
C01825,Male,0,No,No,12,Yes,No,DSL,No,No,Yes,Yes,No,Yes,Month-to-month,No,Bank transfer (automatic),49.72,996.81,Yes
C01826,Female,0,No,Yes,10,No,No phone service,DSL,Yes,No,No,No,No,No,Month-to-month,Yes,Credit card (automatic),46.61,479.79,No
C01827,Female,0,Yes,Yes,44,Yes,Yes,Fiber optic,No,Yes,No,No,No,Yes,Month-to-month,Yes,Bank transfer (automatic),56.26,2456.93,No
C01828,Female,0,No,No,5,Yes,Yes,No,No internet service,No internet service,No internet service,No internet service,No internet service,No internet service,One year,Yes,Mailed check,18.0,59.2,No
C01829,Male,0,Yes,No,72,No,No phone service,DSL,Yes,No,No,Yes,Yes,No,Month-to-month,Yes,Electronic check,75.4,5416.16,No
C01830,Female,1,Yes,Yes,5,Yes,Yes,DSL,No,No,No,Yes,Yes,No,Month-to-month,No,Electronic check,58.69,891.08,Yes
C01831,Male,1,No,Yes,14,Yes,Yes,Fiber optic,Yes,No,No,No,No,Yes,Month-to-month,Yes,Bank transfer (automatic),63.42,1011.19,Yes
C01832,Female,0,No,No,7,Yes,No,DSL,No,Yes,No,No,Yes,No,Month-to-month,No,Credit card (automatic),30.11,453.98,Yes
C01833,Male,1,Yes,No,10,Yes,Yes,Fiber optic,Yes,Yes,No,No,No,Yes,Two year,No,Electronic check,75.98,569.54,Yes
C01834,Female,0,Yes,No,45,Yes,No,Fiber optic,No,Yes,Yes,No,Yes,Yes,Month-to-month,No,Bank transfer (automatic),70.01,3315.32,No
C01835,Female,0,No,No,20,Yes,Yes,No,No internet service,No internet service,No internet service,No internet service,No internet service,No internet service,Two year,No,Bank transfer (automatic),27.35,717.08,No
C01836,Female,0,No,No,5,Yes,Yes,DSL,Yes,Yes,No,Yes,No,No,One year,Yes,Mailed check,19.99,104.44,No
C01837,Female,0,No,Yes,1,Yes,No,Fiber optic,No,No,No,No,Yes,No,One year,No,Electronic check,43.18,18.0,Yes
C01838,Female,1,Yes,Yes,8,No,No phone service,Fiber optic,No,No,No,No,No,Yes,Two year,Yes,Bank transfer (automatic),42.46,328.92,No
C01839,Male,0,No,No,72,Yes,No,DSL,No,No,Yes,No,No,No,Month-to-month,No,Mailed check,60.62,4144.28,No
C01840,Female,0,Yes,No,59,Yes,No,DSL,No,No,Yes,No,No,No,Month-to-month,Yes,Mailed check,82.38,4916.25,No
C01841,Female,0,Yes,No,18,Yes,No,Fiber optic,No,Yes,No,No,Yes,Yes,Month-to-month,No,Electronic check,73.3,1215.01,Yes
C01842,Female,0,No,No,21,Yes,No,Fiber optic,Yes,Yes,No,Yes,No,Yes,Month-to-month,Yes,Bank transfer (automatic),58.97,1633.42,Yes
C01843,Male,0,No,No,72,Yes,Yes,Fiber optic,No,Yes,No,No,Yes,Yes,Month-to-month,No,Electronic check,64.08,4388.05,No
C01844,Female,0,Yes,No,28,Yes,Yes,DSL,No,No,Yes,No,Yes,No,One year,Yes,Electronic check,69.1,1782.68,No
C01845,Male,0,Yes,Yes,68,Yes,No,Fiber optic,Yes,No,Yes,No,Yes,No,Month-to-month,Yes,Electronic check,80.02,5188.99,Yes
C01846,Female,1,No,No,21,Yes,No,Fiber optic,No,No,No,No,Yes,No,Month-to-month,Yes,Credit card (automatic),64.28,1691.23,Yes
C01847,Female,0,Yes,No,7,Yes,No,Fiber optic,No,No,No,No,No,No,Month-to-month,Yes,Electronic check,96.92,520.29,Yes
C01848,Male,0,Yes,No,41,Yes,No,Fiber optic,No,Yes,No,No,No,Yes,Two year,Yes,Mailed check,47.24,1887.94,No
C01849,Female,1,Yes,No,23,Yes,No,Fiber optic,Yes,No,No,Yes,Yes,No,One year,No,Bank transfer (automatic),81.15,1776.55,No
C01850,Male,0,Yes,No,35,Yes,Yes,Fiber optic,Yes,Yes,No,No,No,No,Month-to-month,No,Mailed check,56.39,2156.02,No
C01851,Male,0,Yes,Yes,5,Yes,Yes,Fiber optic,No,No,No,Yes,No,No,Month-to-month,No,Bank transfer (automatic),76.85,743.18,Yes
C01852,Female,0,No,No,33,Yes,No,DSL,No,No,Yes,Yes,Yes,Yes,One year,No,Electronic check,41.15,1630.19,No
C01853,Male,0,No,No,15,Yes,No,DSL,No,No,Yes,No,No,No,Two year,No,Credit card (automatic),32.87,427.12,No
C01854,Female,0,No,No,12,Yes,Yes,Fiber optic,No,Yes,No,No,No,Yes,One year,No,Mailed check,59.42,355.68,Yes
C01855,Female,0,No,No,35,Yes,No,Fiber optic,Yes,Yes,Yes,Yes,No,Yes,Two year,Yes,Mailed check,82.65,2587.62,No
C01856,Male,0,No,No,28,Yes,No,Fiber optic,No,No,No,No,No,No,One year,No,Mailed check,49.93,1447.35,No
C01857,Male,0,No,No,33,Yes,No,Fiber optic,No,No,No,Yes,Yes,No,Month-to-month,No,Bank transfer (automatic),74.56,2234.39,Yes
C01858,Male,0,No,No,72,Yes,Yes,No,No internet service,No internet service,No internet service,No internet service,No internet service,No internet service,One year,Yes,Electronic check,18.0,1279.32,No
C01859,Male,0,Yes,No,38,Yes,No,Fiber optic,No,No,Yes,No,No,Yes,One year,No,Mailed check,67.91,2336.95,No
C01860,Female,0,No,Yes,32,Yes,Yes,No,No internet service,No internet service,No internet service,No internet service,No internet service,No internet service,Month-to-month,Yes,Bank transfer (automatic),23.51,1009.27,No
C01861,Female,0,Yes,No,30,Yes,No,DSL,Yes,Yes,No,Yes,Yes,Yes,Two year,Yes,Mailed check,40.64,911.89,No
C01862,Male,0,No,No,16,Yes,Yes,DSL,Yes,No,Yes,Yes,Yes,Yes,Month-to-month,No,Electronic check,54.36,744.57,Yes
C01863,Female,0,No,No,58,Yes,No,Fiber optic,Yes,Yes,No,No,Yes,Yes,Month-to-month,Yes,Bank transfer (automatic),44.11,2201.63,No
C01864,Female,0,No,No,15,Yes,No,No,No internet service,No internet service,No internet service,No internet service,No internet service,No internet service,Month-to-month,Yes,Mailed check,18.0,42.85,No
C01865,Female,1,No,Yes,38,Yes,No,No,No internet service,No internet service,No internet service,No internet service,No internet service,No internet service,Month-to-month,Yes,Electronic check,21.32,1014.71,No
C01866,Female,0,Yes,No,11,Yes,No,DSL,No,Yes,Yes,No,Yes,Yes,Two year,No,Credit card (automatic),22.87,338.71,No
C01867,Male,0,Yes,No,5,Yes,No,Fiber optic,Yes,Yes,No,Yes,No,No,Month-to-month,No,Electronic check,71.87,402.16,Yes
C01868,Male,0,Yes,No,4,Yes,No,Fiber optic,No,No,No,No,Yes,No,Two year,Yes,Electronic check,80.38,135.58,Yes
C01869,Female,1,Yes,No,32,Yes,No,DSL,No,No,No,No,No,Yes,Month-to-month,Yes,Bank transfer (automatic),36.71,934.33,No
C01870,Male,0,Yes,No,12,Yes,No,DSL,No,No,Yes,No,No,No,One year,No,Bank transfer (automatic),59.85,450.28,No
C01871,Male,0,Yes,No,10,Yes,Yes,Fiber optic,Yes,No,Yes,No,No,No,Month-to-month,No,Mailed check,59.29,717.56,Yes
C01872,Male,1,Yes,Yes,28,Yes,No,No,No internet service,No internet service,No internet service,No internet service,No internet service,No internet service,Month-to-month,No,Mailed check,21.02,611.86,No
C01873,Female,0,No,No,1,Yes,Yes,DSL,Yes,No,No,No,No,Yes,Month-to-month,Yes,Credit card (automatic),34.2,47.77,No
C01874,Female,0,Yes,No,9,Yes,Yes,Fiber optic,No,Yes,No,No,No,No,Month-to-month,Yes,Electronic check,87.69,1275.84,Yes
C01875,Female,0,Yes,No,13,Yes,No,Fiber optic,No,Yes,No,Yes,No,No,Month-to-month,No,Mailed check,79.0,802.44,Yes
C01876,Male,0,Yes,Yes,39,Yes,No,No,No internet service,No internet service,No internet service,No internet service,No internet service,No internet service,Month-to-month,No,Credit card (automatic),18.0,833.43,No
C01877,Female,0,No,Yes,25,Yes,Yes,DSL,Yes,No,Yes,Yes,Yes,No,Month-to-month,Yes,Electronic check,57.88,1179.27,No
C01878,Female,0,Yes,Yes,62,No,No phone service,DSL,No,No,No,No,No,No,Month-to-month,No,Electronic check,28.76,1874.04,No
C01879,Male,0,No,No,13,No,No phone service,Fiber optic,No,No,No,Yes,No,No,One year,Yes,Mailed check,77.4,1491.28,No
C01880,Female,0,Yes,Yes,11,Yes,No,Fiber optic,Yes,No,Yes,No,No,No,Month-to-month,No,Bank transfer (automatic),64.01,708.51,Yes
C01881,Female,0,No,No,1,Yes,Yes,Fiber optic,No,Yes,No,No,No,Yes,Two year,Yes,Electronic check,63.32,433.43,Yes
C01882,Male,0,No,No,72,Yes,No,Fiber optic,No,Yes,No,Yes,Yes,Yes,Two year,No,Electronic check,62.84,4290.99,No
C01883,Male,0,Yes,No,22,No,No phone service,Fiber optic,No,No,No,No,Yes,No,Month-to-month,Yes,Electronic check,63.96,1446.73,Yes
C01884,Male,0,Yes,No,22,Yes,Yes,DSL,Yes,No,Yes,No,Yes,Yes,Two year,No,Mailed check,63.38,1620.42,No
C01885,Female,0,Yes,No,72,Yes,No,Fiber optic,Yes,No,No,Yes,Yes,No,Month-to-month,Yes,Credit card (automatic),55.41,4171.12,No
C01886,Female,1,No,No,10,Yes,No,No,No internet service,No internet service,No internet service,No internet service,No internet service,No internet service,Month-to-month,No,Electronic check,18.0,311.03,Yes
C01887,Female,0,Yes,Yes,12,Yes,No,DSL,Yes,No,Yes,Yes,No,No,Month-to-month,No,Electronic check,62.39,259.19,Yes
C01888,Male,0,No,No,34,Yes,No,DSL,Yes,Yes,No,No,Yes,No,Month-to-month,No,Credit card (automatic),58.53,2224.54,No
C01889,Male,0,No,No,49,No,No phone service,DSL,No,Yes,No,No,No,Yes,Two year,No,Credit card (automatic),56.35,3029.48,No
C01890,Female,0,No,Yes,38,Yes,No,No,No internet service,No internet service,No internet service,No internet service,No internet service,No internet service,Month-to-month,No,Electronic check,47.19,1850.46,No
C01891,Female,0,Yes,No,49,Yes,No,DSL,No,No,Yes,No,No,No,Month-to-month,No,Mailed check,52.11,2889.58,No
C01892,Male,0,Yes,No,27,Yes,Yes,Fiber optic,No,No,No,No,No,Yes,Month-to-month,Yes,Electronic check,72.19,1779.66,Yes
C01893,Male,0,No,No,63,Yes,No,DSL,Yes,No,Yes,No,No,No,Two year,Yes,Electronic check,31.37,2284.32,No
C01894,Male,0,No,No,25,Yes,Yes,DSL,No,No,No,No,No,Yes,Month-to-month,No,Mailed check,48.52,1118.67,No
C01895,Male,0,No,No,8,Yes,No,No,No internet service,No internet service,No internet service,No internet service,No internet service,No internet service,One year,Yes,Bank transfer (automatic),45.83,359.64,No
C01896,Female,0,No,No,24,Yes,Yes,Fiber optic,Yes,No,Yes,No,No,Yes,One year,Yes,Electronic check,74.09,1627.98,No
C01897,Male,1,No,No,39,Yes,No,Fiber optic,No,No,Yes,No,Yes,No,Month-to-month,Yes,Electronic check,75.86,2660.07,Yes
C01898,Female,0,No,No,33,Yes,Yes,DSL,Yes,No,No,Yes,No,Yes,Month-to-month,No,Mailed check,41.93,1301.08,No
C01899,Female,0,No,No,8,No,No phone service,DSL,Yes,No,No,No,Yes,No,Month-to-month,Yes,Credit card (automatic),31.54,165.22,No
C01900,Female,0,Yes,No,1,No,No phone service,DSL,No,No,Yes,No,No,No,Month-to-month,No,Credit card (automatic),37.39,73.11,Yes
C01901,Male,0,No,No,9,Yes,No,Fiber optic,No,Yes,No,No,No,No,Two year,Yes,Bank transfer (automatic),78.64,563.66,Yes
C01902,Male,0,Yes,Yes,72,Yes,No,Fiber optic,Yes,No,No,Yes,No,No,Month-to-month,Yes,Bank transfer (automatic),92.27,6683.48,No
C01903,Male,0,Yes,No,6,Yes,Yes,DSL,Yes,Yes,Yes,No,Yes,Yes,Month-to-month,No,Electronic check,70.92,459.14,Yes
C01904,Male,0,No,No,19,No,No phone service,DSL,Yes,No,No,No,Yes,Yes,Month-to-month,No,Bank transfer (automatic),47.82,1094.24,No
C01905,Female,0,Yes,Yes,32,Yes,Yes,Fiber optic,No,Yes,No,Yes,No,No,Two year,Yes,Electronic check,90.83,3201.96,No
C01906,Male,0,Yes,Yes,67,Yes,No,No,No internet service,No internet service,No internet service,No internet service,No internet service,No internet service,Two year,No,Bank transfer (automatic),20.46,1436.58,No
C01907,Male,0,Yes,Yes,45,Yes,No,Fiber optic,No,No,No,Yes,Yes,Yes,Month-to-month,Yes,Electronic check,77.02,3502.26,Yes
C01908,Female,1,No,No,72,Yes,No,Fiber optic,Yes,Yes,Yes,Yes,Yes,Yes,Month-to-month,No,Bank transfer (automatic),79.7,5924.48,No
C01909,Male,0,No,No,29,Yes,No,Fiber optic,Yes,No,Yes,No,Yes,Yes,One year,Yes,Mailed check,74.14,2252.39,No
C01910,Female,0,No,Yes,64,Yes,No,Fiber optic,Yes,No,Yes,Yes,No,No,Two year,Yes,Mailed check,84.56,5561.65,No
C01911,Female,0,Yes,No,9,Yes,No,No,No internet service,No internet service,No internet service,No internet service,No internet service,No internet service,Two year,Yes,Electronic check,33.98,205.49,No
C01912,Female,0,Yes,No,18,Yes,No,No,No internet service,No internet service,No internet service,No internet service,No internet service,No internet service,Month-to-month,Yes,Bank transfer (automatic),27.02,272.59,No
C01913,Female,1,Yes,Yes,59,Yes,No,Fiber optic,No,Yes,Yes,No,Yes,Yes,Two year,No,Bank transfer (automatic),44.81,2964.12,No
C01914,Female,0,Yes,Yes,12,Yes,No,Fiber optic,No,Yes,Yes,Yes,Yes,Yes,Month-to-month,No,Electronic check,71.38,750.75,Yes
C01915,Female,0,No,No,65,Yes,No,No,No internet service,No internet service,No internet service,No internet service,No internet service,No internet service,Month-to-month,No,Mailed check,18.0,1388.6,No
C01916,Female,0,Yes,Yes,14,Yes,Yes,Fiber optic,No,No,No,No,No,Yes,Month-to-month,Yes,Bank transfer (automatic),68.54,873.84,Yes
C01917,Female,0,Yes,Yes,14,Yes,Yes,Fiber optic,No,Yes,No,Yes,Yes,No,Two year,Yes,Electronic check,53.11,310.92,No
C01918,Male,0,Yes,No,11,Yes,No,No,No internet service,No internet service,No internet service,No internet service,No internet service,No internet service,One year,Yes,Electronic check,23.7,217.02,No
C01919,Male,0,Yes,No,25,Yes,Yes,Fiber optic,No,No,No,No,No,No,Two year,Yes,Credit card (automatic),76.04,1827.76,No
C01920,Male,1,Yes,No,4,Yes,No,DSL,No,No,Yes,Yes,Yes,Yes,One year,No,Bank transfer (automatic),37.28,213.61,No
C01921,Male,0,No,No,1,No,No phone service,DSL,No,Yes,Yes,No,Yes,Yes,Month-to-month,No,Electronic check,67.99,18.0,Yes
C01922,Female,0,No,No,72,Yes,No,Fiber optic,No,No,No,No,Yes,Yes,Month-to-month,Yes,Bank transfer (automatic),87.57,6319.62,No
C01923,Male,0,No,Yes,72,Yes,No,Fiber optic,Yes,Yes,No,Yes,Yes,No,Month-to-month,Yes,Electronic check,82.97,6103.47,No
C01924,Female,0,No,Yes,2,Yes,Yes,No,No internet service,No internet service,No internet service,No internet service,No internet service,No internet service,Month-to-month,Yes,Credit card (automatic),18.0,323.62,No
C01925,Male,0,Yes,No,25,Yes,No,DSL,No,No,No,Yes,No,Yes,Month-to-month,Yes,Mailed check,60.25,1393.17,Yes
C01926,Male,0,No,No,24,Yes,No,Fiber optic,No,No,No,No,No,Yes,Month-to-month,No,Electronic check,83.96,2171.08,Yes
C01927,Male,1,No,No,14,No,No phone service,DSL,Yes,Yes,No,No,Yes,Yes,Month-to-month,No,Electronic check,20.8,151.24,Yes
C01928,Female,0,Yes,Yes,26,Yes,No,No,No internet service,No internet service,No internet service,No internet service,No internet service,No internet service,Month-to-month,No,Mailed check,18.0,664.24,No
C01929,Male,0,No,Yes,19,Yes,Yes,Fiber optic,No,Yes,Yes,No,Yes,No,Two year,Yes,Bank transfer (automatic),88.44,1783.59,No
C01930,Female,0,No,Yes,21,Yes,Yes,Fiber optic,No,Yes,No,Yes,No,Yes,Month-to-month,Yes,Credit card (automatic),86.31,1779.17,Yes
C01931,Female,0,Yes,No,45,No,No phone service,Fiber optic,No,No,Yes,Yes,Yes,No,Month-to-month,Yes,Electronic check,76.6,3736.09,No
C01932,Male,0,No,Yes,23,Yes,Yes,DSL,No,Yes,Yes,No,No,No,Month-to-month,Yes,Credit card (automatic),34.43,251.45,Yes
C01933,Male,0,No,No,12,Yes,No,No,No internet service,No internet service,No internet service,No internet service,No internet service,No internet service,One year,No,Credit card (automatic),33.42,296.87,No
C01934,Male,0,No,No,27,Yes,No,DSL,Yes,Yes,No,No,No,No,Month-to-month,Yes,Credit card (automatic),58.96,1180.29,No
C01935,Female,0,No,Yes,32,Yes,No,Fiber optic,No,Yes,No,Yes,Yes,No,Two year,No,Electronic check,90.91,2524.96,No
C01936,Male,1,Yes,Yes,34,Yes,Yes,Fiber optic,Yes,Yes,Yes,No,No,No,One year,Yes,Electronic check,59.57,2087.23,No
C01937,Female,1,Yes,No,30,Yes,No,DSL,No,No,No,Yes,Yes,Yes,Month-to-month,No,Credit card (automatic),71.32,1911.35,No
C01938,Female,0,No,Yes,34,Yes,No,Fiber optic,No,No,No,No,Yes,No,Two year,No,Electronic check,82.82,2986.12,No
C01939,Male,0,No,Yes,11,Yes,No,Fiber optic,Yes,Yes,Yes,No,Yes,No,Month-to-month,Yes,Mailed check,81.1,1106.62,Yes
C01940,Male,0,No,Yes,18,Yes,Yes,DSL,No,No,No,No,Yes,Yes,Month-to-month,Yes,Mailed check,39.74,883.67,Yes
C01941,Female,0,Yes,No,35,Yes,No,Fiber optic,No,No,No,Yes,Yes,No,Two year,Yes,Electronic check,77.23,2372.1,No
C01942,Female,0,Yes,No,44,No,No phone service,Fiber optic,Yes,No,No,Yes,No,Yes,Month-to-month,No,Electronic check,53.06,2352.6,No
C01943,Female,0,Yes,Yes,18,Yes,Yes,DSL,Yes,No,Yes,No,No,No,One year,No,Bank transfer (automatic),53.58,945.94,No
C01944,Male,0,Yes,No,14,Yes,No,DSL,Yes,No,Yes,Yes,Yes,Yes,Two year,Yes,Electronic check,52.95,786.62,No
C01945,Female,0,Yes,No,40,Yes,Yes,Fiber optic,No,No,Yes,No,No,Yes,Month-to-month,No,Electronic check,56.95,2511.3,No
C01946,Male,0,Yes,No,8,Yes,Yes,DSL,Yes,No,No,Yes,Yes,No,Month-to-month,No,Electronic check,38.76,389.51,Yes
C01947,Female,0,Yes,Yes,1,Yes,Yes,No,No internet service,No internet service,No internet service,No internet service,No internet service,No internet service,Two year,Yes,Mailed check,21.42,18.0,No
C01948,Female,0,Yes,No,20,Yes,Yes,Fiber optic,No,Yes,No,No,No,No,Month-to-month,No,Electronic check,90.8,1803.6,Yes
C01949,Male,0,Yes,No,6,Yes,Yes,DSL,Yes,Yes,No,No,No,Yes,One year,No,Credit card (automatic),47.5,358.14,No
C01950,Female,0,No,No,15,Yes,Yes,Fiber optic,No,No,No,No,Yes,Yes,Month-to-month,Yes,Bank transfer (automatic),71.73,1133.9,Yes
C01951,Male,0,No,No,11,Yes,Yes,Fiber optic,No,No,Yes,Yes,No,No,One year,Yes,Electronic check,65.36,671.43,No
C01952,Male,1,Yes,No,48,Yes,Yes,Fiber optic,No,Yes,No,Yes,Yes,No,One year,No,Electronic check,72.84,3696.54,Yes
C01953,Female,0,No,No,12,Yes,Yes,No,No internet service,No internet service,No internet service,No internet service,No internet service,No internet service,Month-to-month,Yes,Credit card (automatic),18.0,308.27,Yes
C01954,Male,0,No,No,32,Yes,Yes,No,No internet service,No internet service,No internet service,No internet service,No internet service,No internet service,Two year,Yes,Bank transfer (automatic),18.0,467.7,No
C01955,Male,0,No,No,35,Yes,No,Fiber optic,Yes,Yes,No,Yes,No,No,Month-to-month,Yes,Bank transfer (automatic),85.61,2556.1,No
C01956,Female,1,Yes,No,19,Yes,No,Fiber optic,Yes,No,Yes,No,Yes,No,Month-to-month,Yes,Electronic check,87.1,1676.46,Yes
C01957,Male,0,Yes,Yes,2,Yes,No,DSL,No,Yes,Yes,No,Yes,Yes,Month-to-month,Yes,Credit card (automatic),38.53,114.13,Yes
C01958,Male,0,No,Yes,38,Yes,Yes,Fiber optic,No,No,No,No,Yes,No,Month-to-month,No,Electronic check,57.55,2391.13,Yes
C01959,Male,1,Yes,No,2,Yes,Yes,Fiber optic,Yes,Yes,No,Yes,No,Yes,Month-to-month,Yes,Bank transfer (automatic),101.79,18.0,Yes
C01960,Female,0,No,No,3,Yes,Yes,DSL,No,Yes,No,No,No,Yes,Month-to-month,No,Electronic check,23.26,18.0,Yes
C01961,Male,1,No,No,6,Yes,Yes,DSL,No,No,No,No,No,No,Month-to-month,Yes,Credit card (automatic),59.11,562.48,Yes
C01962,Female,1,No,No,10,Yes,No,No,No internet service,No internet service,No internet service,No internet service,No internet service,No internet service,Two year,No,Electronic check,31.03,380.52,No
C01963,Female,1,Yes,Yes,59,Yes,No,Fiber optic,No,Yes,No,No,No,Yes,Month-to-month,No,Credit card (automatic),62.45,3692.94,No
C01964,Male,0,Yes,No,35,Yes,Yes,Fiber optic,No,No,Yes,No,No,No,Month-to-month,Yes,Electronic check,60.7,1939.79,Yes
C01965,Male,0,Yes,Yes,15,Yes,Yes,DSL,No,Yes,Yes,No,No,Yes,One year,Yes,Bank transfer (automatic),34.44,576.9,No
C01966,Male,0,No,No,72,Yes,No,Fiber optic,Yes,No,Yes,Yes,Yes,Yes,One year,Yes,Credit card (automatic),98.11,7371.28,No
C01967,Female,0,Yes,No,8,Yes,No,DSL,No,No,No,No,Yes,No,Two year,Yes,Mailed check,54.85,235.18,No
C01968,Male,0,No,Yes,30,Yes,Yes,DSL,No,Yes,No,No,Yes,No,Two year,No,Mailed check,36.15,856.2,No
C01969,Male,0,Yes,Yes,60,Yes,Yes,DSL,No,No,Yes,No,No,No,Two year,Yes,Credit card (automatic),46.34,2230.19,No
C01970,Male,0,Yes,Yes,51,Yes,No,Fiber optic,Yes,Yes,Yes,No,No,No,Month-to-month,Yes,Electronic check,51.38,2697.91,Yes
C01971,Male,0,Yes,Yes,3,Yes,Yes,Fiber optic,No,No,Yes,Yes,No,No,Month-to-month,Yes,Mailed check,72.16,169.91,Yes
C01972,Male,0,No,No,38,Yes,No,DSL,Yes,Yes,Yes,Yes,Yes,No,Month-to-month,Yes,Mailed check,47.84,1678.34,No
C01973,Female,0,No,Yes,9,Yes,Yes,DSL,Yes,No,Yes,No,No,No,Two year,No,Mailed check,28.35,481.25,No
C01974,Female,0,Yes,Yes,14,Yes,Yes,Fiber optic,No,No,Yes,No,Yes,Yes,Two year,Yes,Electronic check,54.43,808.0,Yes
C01975,Male,0,No,Yes,21,Yes,Yes,Fiber optic,No,No,No,Yes,Yes,Yes,One year,No,Electronic check,85.01,1568.35,Yes
C01976,Male,0,No,No,50,No,No phone service,Fiber optic,No,No,Yes,No,Yes,Yes,Month-to-month,Yes,Electronic check,67.57,3231.61,Yes
C01977,Male,0,No,No,5,Yes,No,Fiber optic,No,Yes,Yes,Yes,Yes,Yes,Two year,No,Electronic check,82.59,265.14,Yes
C01978,Male,0,No,Yes,3,Yes,Yes,Fiber optic,No,No,No,No,Yes,No,Two year,Yes,Electronic check,86.05,18.0,Yes
C01979,Female,0,Yes,No,5,Yes,Yes,Fiber optic,No,No,Yes,No,No,Yes,Two year,No,Electronic check,41.71,432.11,No
C01980,Male,0,Yes,No,7,Yes,No,Fiber optic,Yes,Yes,No,No,Yes,No,Month-to-month,Yes,Electronic check,69.97,548.27,Yes
C01981,Female,0,No,No,1,Yes,Yes,Fiber optic,Yes,Yes,No,Yes,Yes,No,Month-to-month,No,Mailed check,88.05,182.36,Yes
C01982,Female,0,Yes,No,72,Yes,Yes,No,No internet service,No internet service,No internet service,No internet service,No internet service,No internet service,One year,No,Credit card (automatic),39.16,2671.83,No
C01983,Male,1,Yes,Yes,12,Yes,Yes,No,No internet service,No internet service,No internet service,No internet service,No internet service,No internet service,One year,Yes,Mailed check,21.23,391.24,No
C01984,Female,0,Yes,No,6,Yes,Yes,DSL,No,No,Yes,No,No,No,Two year,Yes,Credit card (automatic),18.0,334.57,No
C01985,Female,0,No,No,32,Yes,No,No,No internet service,No internet service,No internet service,No internet service,No internet service,No internet service,One year,Yes,Electronic check,49.98,1635.65,No
C01986,Female,0,Yes,No,49,Yes,Yes,No,No internet service,No internet service,No internet service,No internet service,No internet service,No internet service,Two year,Yes,Electronic check,24.53,1332.83,No
C01987,Female,0,No,Yes,44,Yes,No,No,No internet service,No internet service,No internet service,No internet service,No internet service,No internet service,Month-to-month,Yes,Mailed check,22.74,801.93,No
C01988,Male,0,Yes,No,40,Yes,No,Fiber optic,Yes,Yes,Yes,No,Yes,No,Month-to-month,Yes,Electronic check,80.16,3630.49,No
C01989,Male,0,No,No,1,Yes,No,No,No internet service,No internet service,No internet service,No internet service,No internet service,No internet service,Month-to-month,No,Credit card (automatic),29.71,162.47,No
C01990,Female,0,Yes,Yes,48,Yes,No,Fiber optic,Yes,No,Yes,Yes,No,No,Month-to-month,No,Electronic check,71.23,3755.16,No
C01991,Male,0,No,Yes,22,Yes,Yes,DSL,No,No,No,No,No,No,Two year,No,Bank transfer (automatic),29.87,775.23,No
C01992,Male,0,No,No,33,No,No phone service,Fiber optic,Yes,Yes,Yes,No,Yes,Yes,Two year,Yes,Mailed check,70.92,2279.34,Yes
C01993,Male,0,No,No,72,Yes,No,Fiber optic,Yes,No,No,No,Yes,Yes,Two year,No,Mailed check,58.33,4132.1,No
C01994,Male,0,Yes,No,53,Yes,No,DSL,Yes,No,No,Yes,Yes,Yes,Month-to-month,No,Credit card (automatic),42.68,2189.72,No
C01995,Male,1,No,No,55,Yes,No,No,No internet service,No internet service,No internet service,No internet service,No internet service,No internet service,Two year,No,Electronic check,18.0,983.72,No
C01996,Female,0,Yes,No,6,Yes,Yes,No,No internet service,No internet service,No internet service,No internet service,No internet service,No internet service,Month-to-month,No,Electronic check,18.0,161.47,No
C01997,Male,0,Yes,Yes,20,Yes,Yes,No,No internet service,No internet service,No internet service,No internet service,No internet service,No internet service,One year,No,Mailed check,36.65,851.62,No
C01998,Male,0,No,No,72,Yes,Yes,No,No internet service,No internet service,No internet service,No internet service,No internet service,No internet service,Month-to-month,Yes,Electronic check,40.74,2949.42,No
C01999,Male,0,No,No,27,Yes,No,Fiber optic,No,Yes,Yes,No,No,No,Month-to-month,No,Mailed check,62.0,1356.79,Yes
C02000,Male,0,No,No,3,Yes,No,Fiber optic,No,No,Yes,No,Yes,No,One year,No,Mailed check,73.39,18.0,Yes
C02001,Female,0,No,Yes,42,Yes,No,No,No internet service,No internet service,No internet service,No internet service,No internet service,No internet service,One year,Yes,Credit card (automatic),18.0,776.2,No
C02002,Female,0,Yes,Yes,1,Yes,No,DSL,No,No,No,Yes,No,No,Two year,No,Credit card (automatic),24.69,18.0,No
C02003,Female,0,No,Yes,43,No,No phone service,No,No internet service,No internet service,No internet service,No internet service,No internet service,No internet service,Two year,Yes,Credit card (automatic),18.0,1160.79,No
C02004,Female,0,Yes,No,67,Yes,Yes,Fiber optic,No,Yes,No,No,Yes,No,Two year,No,Bank transfer (automatic),59.66,4176.58,No
C02005,Male,0,No,No,17,Yes,No,No,No internet service,No internet service,No internet service,No internet service,No internet service,No internet service,One year,Yes,Bank transfer (automatic),18.0,353.33,No
C02006,Female,1,No,Yes,17,Yes,No,Fiber optic,Yes,No,No,No,No,No,Month-to-month,Yes,Mailed check,72.65,1021.52,Yes
C02007,Male,0,No,No,11,Yes,No,DSL,No,No,No,Yes,No,Yes,Month-to-month,Yes,Bank transfer (automatic),45.56,495.42,No
C02008,Male,0,Yes,No,67,Yes,Yes,No,No internet service,No internet service,No internet service,No internet service,No internet service,No internet service,Two year,Yes,Credit card (automatic),18.0,1134.91,No
C02009,Male,0,No,No,25,Yes,No,Fiber optic,No,No,No,Yes,No,No,Month-to-month,Yes,Electronic check,71.2,1492.81,Yes
C02010,Male,0,Yes,No,27,No,No phone service,DSL,No,Yes,No,No,No,Yes,One year,Yes,Electronic check,22.75,884.45,No
C02011,Male,1,Yes,Yes,34,Yes,Yes,DSL,Yes,No,Yes,Yes,Yes,No,One year,No,Electronic check,52.18,1694.11,No
C02012,Female,0,Yes,Yes,11,Yes,Yes,Fiber optic,No,Yes,No,Yes,No,Yes,Month-to-month,Yes,Mailed check,77.99,929.57,Yes
C02013,Female,0,No,No,18,Yes,No,DSL,Yes,Yes,No,No,No,Yes,Month-to-month,Yes,Credit card (automatic),18.0,151.92,No
C02014,Female,0,Yes,No,43,No,No phone service,No,No internet service,No internet service,No internet service,No internet service,No internet service,No internet service,Two year,Yes,Mailed check,25.38,1233.53,No
C02015,Female,0,Yes,Yes,72,Yes,Yes,DSL,Yes,Yes,Yes,No,Yes,Yes,Month-to-month,Yes,Credit card (automatic),68.08,4851.22,No
C02016,Male,0,Yes,No,1,Yes,No,Fiber optic,Yes,Yes,No,Yes,No,No,One year,No,Credit card (automatic),62.35,18.0,No
C02017,Female,0,Yes,No,1,No,No phone service,Fiber optic,No,No,No,No,No,Yes,Month-to-month,Yes,Electronic check,70.91,18.0,Yes
C02018,Male,0,No,No,17,Yes,Yes,Fiber optic,Yes,Yes,No,No,No,No,Month-to-month,Yes,Electronic check,67.03,1099.6,Yes
C02019,Female,1,No,Yes,34,Yes,Yes,DSL,No,No,No,No,No,Yes,Two year,Yes,Mailed check,62.8,1978.18,No
C02020,Male,0,Yes,No,15,Yes,No,Fiber optic,No,Yes,Yes,Yes,No,No,Month-to-month,No,Mailed check,67.5,1037.9,No
C02021,Male,0,No,No,72,Yes,No,Fiber optic,Yes,Yes,Yes,Yes,No,No,Two year,No,Bank transfer (automatic),70.47,5180.58,No
C02022,Female,0,No,No,6,Yes,No,Fiber optic,Yes,Yes,Yes,No,Yes,Yes,One year,Yes,Bank transfer (automatic),45.82,338.92,No
C02023,Male,0,No,No,1,Yes,No,No,No internet service,No internet service,No internet service,No internet service,No internet service,No internet service,Month-to-month,Yes,Electronic check,18.0,18.0,Yes
C02024,Male,0,No,No,6,Yes,Yes,Fiber optic,No,Yes,No,No,Yes,No,Month-to-month,No,Mailed check,72.02,263.18,Yes
C02025,Female,0,Yes,No,69,Yes,No,Fiber optic,No,Yes,Yes,Yes,No,Yes,One year,No,Mailed check,50.84,3604.23,No
C02026,Male,0,No,No,5,Yes,No,DSL,No,No,No,No,No,No,Month-to-month,Yes,Credit card (automatic),65.37,474.3,Yes
C02027,Female,0,Yes,No,20,Yes,No,Fiber optic,Yes,Yes,No,No,Yes,Yes,One year,Yes,Bank transfer (automatic),58.78,1077.76,No
C02028,Female,1,Yes,No,17,Yes,No,DSL,Yes,No,No,Yes,No,No,One year,Yes,Electronic check,50.2,808.89,No
C02029,Female,0,No,Yes,35,Yes,Yes,DSL,No,No,No,Yes,Yes,Yes,Month-to-month,Yes,Bank transfer (automatic),21.29,684.53,No
C02030,Male,0,No,No,1,Yes,Yes,Fiber optic,No,Yes,Yes,No,Yes,No,One year,Yes,Mailed check,31.0,119.71,Yes
C02031,Male,0,Yes,No,34,No,No phone service,DSL,No,Yes,No,Yes,Yes,No,One year,Yes,Credit card (automatic),47.09,1446.43,No
C02032,Male,1,Yes,No,14,Yes,Yes,No,No internet service,No internet service,No internet service,No internet service,No internet service,No internet service,Two year,Yes,Electronic check,24.46,438.1,No
C02033,Female,0,No,No,72,Yes,No,Fiber optic,Yes,No,No,Yes,No,Yes,Two year,No,Credit card (automatic),85.33,6190.19,No
C02034,Male,0,No,Yes,60,Yes,No,No,No internet service,No internet service,No internet service,No internet service,No internet service,No internet service,Month-to-month,Yes,Electronic check,29.93,1750.53,No
C02035,Female,0,No,No,16,Yes,No,No,No internet service,No internet service,No internet service,No internet service,No internet service,No internet service,Two year,No,Bank transfer (automatic),28.7,506.05,No
C02036,Female,1,Yes,No,72,Yes,Yes,No,No internet service,No internet service,No internet service,No internet service,No internet service,No internet service,Month-to-month,Yes,Electronic check,18.62,1355.58,No
C02037,Male,1,No,No,1,Yes,No,Fiber optic,Yes,No,Yes,Yes,Yes,Yes,Month-to-month,Yes,Mailed check,57.33,18.0,Yes
C02038,Female,0,Yes,No,49,Yes,Yes,Fiber optic,Yes,No,Yes,No,No,No,Two year,Yes,Electronic check,77.95,3690.49,No
C02039,Male,0,Yes,No,18,Yes,Yes,Fiber optic,No,No,Yes,No,No,No,One year,Yes,Mailed check,67.99,1278.77,No
C02040,Male,0,Yes,No,18,Yes,No,No,No internet service,No internet service,No internet service,No internet service,No internet service,No internet service,Month-to-month,Yes,Electronic check,18.0,313.5,No
C02041,Male,0,No,No,5,Yes,Yes,Fiber optic,Yes,No,No,No,No,Yes,Two year,Yes,Electronic check,66.58,376.6,Yes
C02042,Male,0,No,No,23,Yes,No,DSL,No,Yes,Yes,No,No,Yes,Month-to-month,No,Bank transfer (automatic),37.94,772.04,Yes
C02043,Male,0,No,No,2,Yes,Yes,DSL,Yes,No,Yes,No,No,No,One year,Yes,Credit card (automatic),30.31,107.72,No
C02044,Female,1,No,No,30,Yes,No,Fiber optic,Yes,Yes,No,No,No,No,Two year,Yes,Mailed check,76.82,2341.69,No
C02045,Female,0,Yes,No,8,Yes,No,Fiber optic,No,No,No,Yes,No,Yes,Month-to-month,No,Mailed check,82.57,940.57,Yes
C02046,Female,0,Yes,No,41,Yes,Yes,Fiber optic,Yes,No,Yes,No,No,No,One year,Yes,Electronic check,58.94,2191.51,No
C02047,Male,0,Yes,No,29,Yes,No,Fiber optic,No,No,Yes,No,No,Yes,Month-to-month,No,Mailed check,86.09,2536.14,Yes
C02048,Male,0,No,Yes,43,No,No phone service,Fiber optic,Yes,No,No,No,No,No,Two year,Yes,Bank transfer (automatic),84.3,3692.88,No
C02049,Male,0,No,Yes,44,Yes,Yes,Fiber optic,Yes,No,Yes,No,No,No,Month-to-month,No,Electronic check,70.09,3351.51,Yes
C02050,Female,0,No,No,7,Yes,No,DSL,No,No,No,No,Yes,No,Month-to-month,No,Bank transfer (automatic),62.87,588.07,Yes
C02051,Male,0,No,No,1,Yes,No,Fiber optic,No,Yes,No,No,Yes,No,Month-to-month,Yes,Mailed check,85.52,333.36,Yes
C02052,Female,1,No,No,14,Yes,No,DSL,No,No,No,No,Yes,Yes,Month-to-month,Yes,Bank transfer (automatic),50.73,530.19,Yes
C02053,Female,0,No,No,72,No,No phone service,Fiber optic,No,Yes,No,No,Yes,No,Two year,No,Electronic check,55.63,4131.55,No
C02054,Male,0,No,No,27,Yes,No,No,No internet service,No internet service,No internet service,No internet service,No internet service,No internet service,Month-to-month,Yes,Electronic check,39.41,1321.37,No
C02055,Male,0,No,No,41,Yes,No,Fiber optic,No,Yes,Yes,No,Yes,No,Month-to-month,Yes,Mailed check,79.62,3113.49,Yes
C02056,Female,0,No,No,67,Yes,No,DSL,Yes,No,Yes,No,No,No,One year,No,Mailed check,63.55,4228.35,No
C02057,Male,0,No,No,72,Yes,No,No,No internet service,No internet service,No internet service,No internet service,No internet service,No internet service,Month-to-month,Yes,Credit card (automatic),35.12,2717.09,No
C02058,Female,0,No,No,24,Yes,No,DSL,No,No,Yes,No,No,Yes,Month-to-month,Yes,Credit card (automatic),54.13,1211.02,No
C02059,Male,0,Yes,Yes,24,Yes,No,Fiber optic,Yes,No,No,No,No,Yes,Month-to-month,Yes,Mailed check,80.96,2041.43,Yes
C02060,Male,0,Yes,No,60,Yes,No,Fiber optic,No,Yes,Yes,No,No,No,Two year,Yes,Electronic check,58.42,3481.27,No
C02061,Female,0,Yes,Yes,52,No,No phone service,Fiber optic,No,Yes,No,No,Yes,No,One year,Yes,Bank transfer (automatic),96.07,5201.82,No
C02062,Male,0,Yes,No,38,Yes,Yes,DSL,No,No,No,Yes,No,Yes,One year,No,Electronic check,39.51,1513.04,No
C02063,Female,0,No,Yes,29,Yes,Yes,No,No internet service,No internet service,No internet service,No internet service,No internet service,No internet service,Month-to-month,Yes,Electronic check,18.0,432.31,No
C02064,Male,1,Yes,No,30,Yes,No,DSL,No,Yes,No,No,No,No,Month-to-month,No,Mailed check,37.97,1260.8,Yes
C02065,Female,0,Yes,Yes,14,Yes,Yes,DSL,No,Yes,No,Yes,No,No,One year,No,Credit card (automatic),39.06,352.41,No
C02066,Female,0,Yes,Yes,58,Yes,Yes,Fiber optic,Yes,Yes,Yes,Yes,Yes,Yes,Two year,Yes,Electronic check,91.15,5159.9,No
C02067,Male,1,No,No,30,Yes,No,Fiber optic,Yes,No,Yes,No,Yes,No,One year,No,Bank transfer (automatic),69.08,1982.27,No
C02068,Female,0,Yes,Yes,8,Yes,No,DSL,No,No,Yes,Yes,No,No,Two year,No,Credit card (automatic),47.67,270.73,No
C02069,Male,0,Yes,Yes,8,No,No phone service,DSL,No,No,No,No,Yes,No,One year,Yes,Bank transfer (automatic),25.59,29.59,No
C02070,Male,1,Yes,No,63,Yes,No,Fiber optic,No,No,Yes,No,No,No,Month-to-month,No,Mailed check,43.85,2927.57,Yes
C02071,Male,0,Yes,Yes,31,Yes,Yes,No,No internet service,No internet service,No internet service,No internet service,No internet service,No internet service,Month-to-month,Yes,Credit card (automatic),34.89,966.13,No
C02072,Female,1,No,Yes,16,Yes,No,DSL,No,No,No,Yes,No,No,Month-to-month,No,Bank transfer (automatic),18.0,288.22,Yes
C02073,Female,1,Yes,Yes,6,Yes,No,DSL,No,No,No,Yes,No,No,Two year,No,Bank transfer (automatic),52.11,155.52,No
C02074,Male,0,No,No,30,Yes,No,No,No internet service,No internet service,No internet service,No internet service,No internet service,No internet service,Month-to-month,No,Electronic check,18.0,633.22,No
C02075,Male,0,No,No,6,Yes,Yes,Fiber optic,No,Yes,No,Yes,No,No,Two year,Yes,Bank transfer (automatic),49.32,278.19,No
C02076,Female,0,No,No,20,Yes,Yes,Fiber optic,No,Yes,Yes,No,Yes,Yes,Month-to-month,Yes,Electronic check,99.12,1995.67,Yes
C02077,Male,0,Yes,No,36,Yes,Yes,Fiber optic,No,No,No,Yes,No,No,One year,Yes,Credit card (automatic),61.69,2103.61,No
C02078,Male,0,Yes,Yes,26,Yes,Yes,Fiber optic,No,Yes,Yes,Yes,No,No,Month-to-month,Yes,Bank transfer (automatic),83.94,2237.86,No
C02079,Female,0,Yes,No,72,Yes,No,No,No internet service,No internet service,No internet service,No internet service,No internet service,No internet service,Month-to-month,No,Credit card (automatic),18.0,1440.25,No
C02080,Male,0,Yes,No,1,Yes,No,DSL,No,No,Yes,No,No,No,Month-to-month,Yes,Electronic check,32.89,18.0,Yes
C02081,Female,0,No,No,10,Yes,Yes,Fiber optic,No,Yes,No,Yes,Yes,Yes,Month-to-month,No,Bank transfer (automatic),76.96,998.97,Yes
C02082,Male,0,Yes,No,1,Yes,Yes,DSL,Yes,No,No,No,No,Yes,Month-to-month,Yes,Electronic check,38.17,18.0,Yes
C02083,Female,0,Yes,No,6,Yes,Yes,DSL,No,No,Yes,Yes,Yes,No,Month-to-month,No,Electronic check,62.63,58.79,Yes
C02084,Male,0,No,Yes,4,No,No phone service,DSL,Yes,No,No,Yes,Yes,Yes,One year,No,Mailed check,39.12,295.84,No
C02085,Male,0,No,No,42,No,No phone service,Fiber optic,No,Yes,No,Yes,No,Yes,Two year,No,Electronic check,66.46,2685.89,No
C02086,Female,1,Yes,No,14,Yes,Yes,Fiber optic,Yes,No,No,No,No,No,One year,No,Credit card (automatic),68.33,610.8,No
C02087,Male,1,Yes,No,72,Yes,Yes,Fiber optic,Yes,No,No,No,No,No,Two year,Yes,Mailed check,69.14,4957.07,No
C02088,Female,0,Yes,No,1,Yes,No,No,No internet service,No internet service,No internet service,No internet service,No internet service,No internet service,Month-to-month,No,Credit card (automatic),18.0,18.0,No
C02089,Male,1,No,Yes,33,Yes,Yes,No,No internet service,No internet service,No internet service,No internet service,No internet service,No internet service,Two year,No,Credit card (automatic),18.0,402.76,No
C02090,Female,0,No,No,72,Yes,No,Fiber optic,No,Yes,Yes,No,No,Yes,Month-to-month,No,Credit card (automatic),42.61,3083.64,No
C02091,Female,0,No,Yes,6,No,No phone service,Fiber optic,No,Yes,No,No,Yes,No,Two year,No,Electronic check,57.66,493.12,Yes
C02092,Female,0,No,Yes,18,Yes,Yes,DSL,No,No,No,No,No,No,Month-to-month,Yes,Bank transfer (automatic),72.2,1255.33,Yes
C02093,Female,0,No,No,38,Yes,Yes,DSL,No,No,No,No,Yes,No,One year,Yes,Bank transfer (automatic),65.49,2971.99,No
C02094,Male,1,Yes,No,32,No,No phone service,DSL,No,No,Yes,No,No,Yes,Month-to-month,No,Mailed check,46.2,1354.76,No
C02095,Male,0,Yes,No,26,Yes,No,No,No internet service,No internet service,No internet service,No internet service,No internet service,No internet service,Month-to-month,Yes,Electronic check,18.0,561.02,No
C02096,Female,0,No,No,12,Yes,Yes,No,No internet service,No internet service,No internet service,No internet service,No internet service,No internet service,Month-to-month,Yes,Electronic check,35.31,342.76,Yes
C02097,Female,0,No,No,41,Yes,Yes,Fiber optic,No,Yes,No,Yes,Yes,No,Two year,Yes,Credit card (automatic),45.76,1965.72,No
C02098,Female,0,Yes,Yes,33,Yes,Yes,Fiber optic,Yes,Yes,No,Yes,No,Yes,Month-to-month,Yes,Electronic check,60.07,2002.77,No
C02099,Male,0,No,No,5,Yes,No,Fiber optic,Yes,Yes,No,No,No,No,One year,No,Credit card (automatic),72.91,487.58,No
C02100,Male,0,No,No,72,Yes,No,Fiber optic,No,No,No,Yes,No,No,Month-to-month,Yes,Electronic check,62.39,4193.92,No
C02101,Male,0,Yes,No,25,Yes,No,Fiber optic,Yes,Yes,Yes,No,Yes,Yes,Month-to-month,Yes,Credit card (automatic),68.78,1906.66,No
C02102,Male,0,No,No,23,Yes,Yes,Fiber optic,Yes,No,No,Yes,No,Yes,One year,No,Electronic check,73.16,1725.03,No
C02103,Female,0,Yes,No,60,Yes,No,DSL,No,Yes,No,No,No,Yes,Month-to-month,Yes,Bank transfer (automatic),52.64,3016.44,No
C02104,Female,0,No,No,32,Yes,No,No,No internet service,No internet service,No internet service,No internet service,No internet service,No internet service,One year,Yes,Electronic check,24.21,876.89,No
C02105,Female,0,Yes,No,2,Yes,Yes,Fiber optic,No,Yes,No,No,No,No,One year,Yes,Bank transfer (automatic),58.98,18.0,No
C02106,Male,0,No,No,22,No,No phone service,Fiber optic,No,No,No,Yes,No,No,Two year,No,Bank transfer (automatic),43.24,1571.31,No
C02107,Male,0,No,No,48,Yes,No,Fiber optic,Yes,No,No,Yes,No,Yes,One year,Yes,Mailed check,82.13,3817.88,No
C02108,Male,0,Yes,No,38,Yes,Yes,Fiber optic,No,Yes,Yes,No,No,Yes,Month-to-month,No,Electronic check,69.28,2648.49,Yes
C02109,Female,0,No,No,72,Yes,Yes,DSL,Yes,No,No,No,Yes,Yes,Month-to-month,Yes,Mailed check,59.57,4145.21,No
C02110,Female,0,No,No,1,Yes,Yes,Fiber optic,No,No,Yes,Yes,No,Yes,Two year,Yes,Mailed check,71.46,121.26,Yes
C02111,Male,1,No,No,9,Yes,No,No,No internet service,No internet service,No internet service,No internet service,No internet service,No internet service,Two year,Yes,Electronic check,18.0,250.88,No
C02112,Female,0,Yes,No,25,Yes,No,DSL,Yes,No,No,No,No,No,Month-to-month,Yes,Electronic check,42.82,1105.27,No
C02113,Male,0,No,No,30,Yes,No,DSL,No,Yes,Yes,No,No,Yes,Two year,Yes,Credit card (automatic),34.99,992.46,No
C02114,Male,1,Yes,No,10,Yes,Yes,No,No internet service,No internet service,No internet service,No internet service,No internet service,No internet service,Two year,No,Credit card (automatic),25.28,653.05,No
C02115,Female,0,Yes,No,56,Yes,No,DSL,Yes,No,No,No,No,No,Month-to-month,Yes,Credit card (automatic),40.24,2482.37,No
C02116,Male,0,Yes,No,5,No,No phone service,Fiber optic,No,Yes,Yes,Yes,Yes,No,Month-to-month,No,Electronic check,62.32,560.71,Yes
C02117,Female,0,Yes,No,1,Yes,Yes,Fiber optic,Yes,No,No,Yes,No,No,Two year,No,Mailed check,97.11,384.89,No
C02118,Male,0,No,No,72,Yes,Yes,DSL,Yes,No,No,No,Yes,Yes,Month-to-month,Yes,Electronic check,38.45,2793.18,No
C02119,Female,0,Yes,Yes,15,Yes,Yes,Fiber optic,No,Yes,Yes,No,Yes,Yes,Month-to-month,Yes,Electronic check,75.76,1096.73,Yes
C02120,Female,1,Yes,Yes,72,Yes,No,Fiber optic,No,No,Yes,Yes,No,No,One year,Yes,Credit card (automatic),89.45,6589.78,No
C02121,Female,0,No,No,10,Yes,Yes,DSL,No,Yes,No,Yes,No,Yes,Month-to-month,Yes,Mailed check,41.13,451.86,No
C02122,Male,0,No,No,2,Yes,Yes,Fiber optic,No,No,Yes,No,Yes,Yes,Month-to-month,No,Credit card (automatic),66.98,167.44,Yes
C02123,Male,1,No,No,47,No,No phone service,No,No internet service,No internet service,No internet service,No internet service,No internet service,No internet service,Month-to-month,Yes,Mailed check,18.0,871.36,No
C02124,Female,1,Yes,Yes,57,Yes,No,Fiber optic,No,Yes,Yes,No,Yes,No,Two year,No,Electronic check,91.73,5324.22,No
C02125,Female,0,No,Yes,21,No,No phone service,No,No internet service,No internet service,No internet service,No internet service,No internet service,No internet service,Month-to-month,Yes,Electronic check,32.07,645.39,Yes
C02126,Male,0,Yes,No,2,Yes,Yes,DSL,Yes,Yes,No,Yes,No,No,One year,Yes,Electronic check,71.75,18.0,Yes
C02127,Male,0,No,Yes,33,Yes,Yes,Fiber optic,No,No,No,Yes,Yes,No,Two year,Yes,Electronic check,72.68,2505.73,Yes
C02128,Male,0,No,No,6,Yes,No,DSL,No,No,Yes,No,No,No,Month-to-month,No,Mailed check,55.08,199.86,Yes
C02129,Female,0,No,No,60,Yes,No,DSL,No,No,Yes,No,Yes,Yes,Month-to-month,No,Electronic check,52.65,3204.89,No
C02130,Male,1,Yes,No,10,Yes,No,Fiber optic,Yes,Yes,No,Yes,Yes,Yes,Two year,No,Bank transfer (automatic),74.07,382.62,No
C02131,Male,0,Yes,Yes,60,Yes,Yes,DSL,No,No,No,No,Yes,Yes,Month-to-month,Yes,Electronic check,53.18,3208.76,No
C02132,Female,0,Yes,Yes,17,Yes,No,DSL,No,No,Yes,No,Yes,Yes,Month-to-month,No,Mailed check,41.11,878.49,No
C02133,Male,0,Yes,No,29,Yes,No,No,No internet service,No internet service,No internet service,No internet service,No internet service,No internet service,Month-to-month,No,Electronic check,18.0,486.15,No
C02134,Male,0,Yes,Yes,49,Yes,Yes,No,No internet service,No internet service,No internet service,No internet service,No internet service,No internet service,Month-to-month,No,Bank transfer (automatic),18.0,858.37,No
C02135,Male,0,No,No,1,Yes,No,DSL,No,Yes,No,No,No,No,Month-to-month,Yes,Bank transfer (automatic),30.28,18.0,No
C02136,Female,0,Yes,No,55,Yes,No,Fiber optic,Yes,No,Yes,Yes,Yes,Yes,One year,Yes,Credit card (automatic),51.02,2997.5,No
C02137,Female,0,No,Yes,4,Yes,No,DSL,Yes,No,Yes,No,Yes,Yes,Two year,Yes,Credit card (automatic),54.5,635.81,No
C02138,Female,0,Yes,Yes,14,Yes,No,No,No internet service,No internet service,No internet service,No internet service,No internet service,No internet service,Month-to-month,No,Mailed check,18.0,28.78,No
C02139,Female,0,Yes,Yes,20,Yes,No,Fiber optic,Yes,No,Yes,No,No,No,Month-to-month,Yes,Mailed check,67.05,1254.61,No
C02140,Female,0,No,No,72,Yes,No,Fiber optic,No,Yes,No,Yes,Yes,No,Two year,No,Electronic check,71.78,5040.91,No
C02141,Female,0,No,Yes,1,Yes,No,Fiber optic,Yes,No,Yes,No,Yes,No,Two year,Yes,Bank transfer (automatic),86.62,127.08,Yes
C02142,Female,0,Yes,No,26,Yes,No,DSL,No,Yes,No,No,Yes,Yes,Month-to-month,No,Mailed check,40.06,1014.34,Yes
C02143,Male,0,Yes,No,32,Yes,Yes,DSL,No,No,No,No,Yes,Yes,Month-to-month,Yes,Electronic check,63.49,2366.72,Yes
C02144,Male,0,No,No,12,Yes,No,Fiber optic,No,Yes,No,No,Yes,Yes,Two year,No,Electronic check,79.98,1075.57,Yes
C02145,Female,0,Yes,Yes,10,Yes,Yes,No,No internet service,No internet service,No internet service,No internet service,No internet service,No internet service,Month-to-month,No,Electronic check,23.94,321.86,No
C02146,Male,0,Yes,No,21,Yes,Yes,No,No internet service,No internet service,No internet service,No internet service,No internet service,No internet service,Month-to-month,Yes,Bank transfer (automatic),22.95,526.81,No
C02147,Male,0,No,No,6,Yes,No,No,No internet service,No internet service,No internet service,No internet service,No internet service,No internet service,Month-to-month,Yes,Credit card (automatic),18.0,18.0,No
C02148,Female,0,Yes,No,20,Yes,No,DSL,No,Yes,No,No,Yes,Yes,Month-to-month,No,Electronic check,65.32,921.98,Yes
C02149,Male,1,Yes,No,46,Yes,No,No,No internet service,No internet service,No internet service,No internet service,No internet service,No internet service,Month-to-month,Yes,Credit card (automatic),42.89,1831.62,No
C02150,Male,0,No,No,59,Yes,No,Fiber optic,No,No,Yes,No,No,Yes,Two year,No,Mailed check,91.19,5164.13,No
C02151,Male,0,No,No,15,Yes,No,DSL,Yes,Yes,Yes,Yes,No,No,Month-to-month,Yes,Mailed check,48.7,778.58,No
C02152,Male,0,Yes,No,30,Yes,No,No,No internet service,No internet service,No internet service,No internet service,No internet service,No internet service,Month-to-month,No,Mailed check,22.57,481.18,No
C02153,Male,0,No,No,1,Yes,No,Fiber optic,Yes,Yes,No,Yes,Yes,Yes,Month-to-month,Yes,Credit card (automatic),63.05,18.0,Yes
C02154,Female,1,Yes,No,25,Yes,Yes,Fiber optic,No,Yes,Yes,No,No,No,One year,No,Mailed check,75.65,1701.35,No
C02155,Female,0,No,Yes,72,Yes,No,Fiber optic,No,Yes,No,No,Yes,No,Two year,Yes,Electronic check,52.1,4171.59,No
C02156,Female,0,No,No,11,Yes,No,No,No internet service,No internet service,No internet service,No internet service,No internet service,No internet service,Month-to-month,No,Mailed check,34.62,650.34,No
C02157,Male,0,Yes,No,28,Yes,No,No,No internet service,No internet service,No internet service,No internet service,No internet service,No internet service,One year,No,Credit card (automatic),18.0,395.58,No
C02158,Female,0,Yes,Yes,45,Yes,No,DSL,Yes,No,Yes,No,No,No,Month-to-month,Yes,Electronic check,53.15,2700.65,No
C02159,Male,0,Yes,No,30,Yes,No,No,No internet service,No internet service,No internet service,No internet service,No internet service,No internet service,Month-to-month,No,Mailed check,49.28,1367.54,No
C02160,Male,0,No,Yes,17,Yes,Yes,No,No internet service,No internet service,No internet service,No internet service,No internet service,No internet service,Month-to-month,No,Bank transfer (automatic),35.92,513.74,No
C02161,Male,0,No,Yes,5,Yes,Yes,Fiber optic,No,No,No,Yes,Yes,No,Two year,Yes,Mailed check,84.98,483.85,Yes
C02162,Male,0,Yes,No,19,Yes,No,DSL,No,No,Yes,Yes,Yes,Yes,Month-to-month,No,Bank transfer (automatic),52.62,670.94,No
C02163,Female,1,Yes,No,11,Yes,No,Fiber optic,No,No,No,Yes,No,Yes,Month-to-month,No,Electronic check,79.27,1355.26,Yes
C02164,Female,1,Yes,No,38,Yes,Yes,Fiber optic,No,No,No,Yes,No,No,Month-to-month,Yes,Electronic check,42.46,1666.61,Yes
C02165,Male,0,Yes,No,18,Yes,No,Fiber optic,Yes,Yes,Yes,No,No,Yes,One year,Yes,Electronic check,72.45,1239.83,No
C02166,Female,0,Yes,Yes,60,Yes,No,DSL,Yes,Yes,No,Yes,No,Yes,Month-to-month,Yes,Credit card (automatic),52.74,3221.27,No
C02167,Male,0,No,No,6,Yes,Yes,Fiber optic,No,No,Yes,No,No,No,Month-to-month,No,Bank transfer (automatic),33.7,356.22,Yes
C02168,Female,0,No,Yes,17,Yes,No,No,No internet service,No internet service,No internet service,No internet service,No internet service,No internet service,One year,No,Credit card (automatic),22.06,382.18,No
C02169,Female,1,No,No,26,Yes,Yes,No,No internet service,No internet service,No internet service,No internet service,No internet service,No internet service,Month-to-month,Yes,Electronic check,20.18,606.44,No
C02170,Male,0,No,No,4,Yes,No,DSL,No,No,No,Yes,Yes,No,Two year,Yes,Mailed check,63.31,149.17,No
C02171,Female,0,No,No,28,Yes,Yes,Fiber optic,Yes,No,No,No,No,Yes,Two year,Yes,Mailed check,62.43,1654.72,No
C02172,Male,0,No,No,11,Yes,No,No,No internet service,No internet service,No internet service,No internet service,No internet service,No internet service,Month-to-month,Yes,Mailed check,18.0,167.77,No
C02173,Female,0,No,No,8,Yes,No,DSL,Yes,Yes,Yes,Yes,No,Yes,Two year,Yes,Electronic check,40.6,275.85,No
C02174,Male,1,Yes,No,4,No,No phone service,DSL,Yes,No,No,Yes,Yes,Yes,Two year,Yes,Electronic check,51.68,330.76,No
C02175,Male,1,Yes,Yes,13,Yes,No,Fiber optic,Yes,Yes,Yes,Yes,No,No,Month-to-month,Yes,Mailed check,84.51,990.32,Yes
C02176,Female,0,Yes,No,72,Yes,Yes,Fiber optic,No,Yes,No,No,Yes,No,Two year,Yes,Credit card (automatic),67.21,4785.06,No
C02177,Female,0,No,Yes,1,Yes,No,DSL,No,Yes,No,Yes,No,Yes,Month-to-month,No,Credit card (automatic),28.99,200.62,Yes
C02178,Male,1,No,No,61,Yes,No,No,No internet service,No internet service,No internet service,No internet service,No internet service,No internet service,Two year,No,Electronic check,30.36,1678.84,No
C02179,Female,1,Yes,No,16,Yes,Yes,Fiber optic,Yes,No,No,Yes,Yes,Yes,Month-to-month,Yes,Bank transfer (automatic),52.94,558.1,No
C02180,Female,0,No,No,26,Yes,No,Fiber optic,No,Yes,Yes,No,Yes,No,Two year,Yes,Bank transfer (automatic),42.07,979.52,No
C02181,Male,0,No,No,23,Yes,Yes,Fiber optic,No,No,No,No,No,Yes,Month-to-month,Yes,Bank transfer (automatic),65.09,1179.82,No
C02182,Male,0,Yes,No,72,No,No phone service,Fiber optic,No,No,No,No,Yes,Yes,Two year,No,Bank transfer (automatic),83.3,5737.8,No
C02183,Female,0,Yes,Yes,47,Yes,Yes,Fiber optic,No,No,No,No,Yes,No,One year,Yes,Electronic check,71.85,3298.22,No
C02184,Male,1,Yes,Yes,72,Yes,Yes,Fiber optic,No,Yes,Yes,No,No,No,Month-to-month,No,Mailed check,76.87,5479.41,Yes
C02185,Male,0,Yes,No,50,Yes,No,Fiber optic,No,Yes,Yes,No,Yes,Yes,One year,Yes,Electronic check,68.75,3548.07,No
C02186,Male,1,No,No,11,Yes,Yes,Fiber optic,No,Yes,No,Yes,No,No,Month-to-month,No,Credit card (automatic),81.36,1103.98,Yes
C02187,Female,0,No,No,72,Yes,No,No,No internet service,No internet service,No internet service,No internet service,No internet service,No internet service,Two year,Yes,Electronic check,43.44,3079.21,No
C02188,Female,0,No,No,72,Yes,No,No,No internet service,No internet service,No internet service,No internet service,No internet service,No internet service,Month-to-month,Yes,Bank transfer (automatic),18.0,1270.43,No
C02189,Male,0,No,Yes,4,No,No phone service,No,No internet service,No internet service,No internet service,No internet service,No internet service,No internet service,Month-to-month,Yes,Electronic check,25.57,18.0,No
C02190,Female,0,No,No,72,No,No phone service,DSL,No,No,No,Yes,Yes,Yes,One year,No,Bank transfer (automatic),39.83,3003.39,No
C02191,Male,0,No,Yes,34,Yes,Yes,DSL,No,No,No,Yes,Yes,No,Month-to-month,No,Mailed check,25.02,672.87,No
C02192,Female,0,No,Yes,72,Yes,No,No,No internet service,No internet service,No internet service,No internet service,No internet service,No internet service,Month-to-month,Yes,Mailed check,18.0,1677.13,No
C02193,Male,0,No,Yes,72,Yes,Yes,DSL,No,No,No,Yes,No,No,Month-to-month,Yes,Bank transfer (automatic),42.62,2859.2,No
C02194,Male,0,No,No,71,Yes,No,DSL,Yes,No,No,Yes,Yes,Yes,Month-to-month,No,Credit card (automatic),51.44,3501.27,No
C02195,Female,0,Yes,No,69,Yes,Yes,Fiber optic,No,No,Yes,No,No,Yes,Two year,No,Bank transfer (automatic),88.88,6067.83,No
C02196,Male,0,No,Yes,4,Yes,Yes,No,No internet service,No internet service,No internet service,No internet service,No internet service,No internet service,Month-to-month,No,Credit card (automatic),36.78,103.01,Yes
C02197,Female,0,Yes,No,4,Yes,Yes,No,No internet service,No internet service,No internet service,No internet service,No internet service,No internet service,Two year,Yes,Credit card (automatic),21.62,52.68,No
C02198,Female,0,No,No,4,Yes,Yes,Fiber optic,No,Yes,Yes,No,Yes,Yes,Month-to-month,Yes,Credit card (automatic),53.23,295.9,Yes
C02199,Male,0,Yes,No,3,Yes,Yes,No,No internet service,No internet service,No internet service,No internet service,No internet service,No internet service,One year,No,Credit card (automatic),33.57,87.11,No
C02200,Male,0,Yes,No,13,Yes,Yes,Fiber optic,No,No,No,Yes,Yes,No,Month-to-month,Yes,Bank transfer (automatic),64.5,881.16,Yes
C02201,Female,0,No,Yes,36,Yes,No,Fiber optic,No,No,Yes,Yes,No,No,Month-to-month,No,Electronic check,74.02,2664.0,Yes
C02202,Male,0,Yes,No,14,Yes,Yes,DSL,No,Yes,Yes,Yes,Yes,Yes,Month-to-month,No,Bank transfer (automatic),36.75,563.02,No
C02203,Male,0,Yes,Yes,40,Yes,No,Fiber optic,No,Yes,No,Yes,No,No,Month-to-month,Yes,Electronic check,61.03,2411.62,Yes
C02204,Male,0,Yes,No,54,No,No phone service,No,No internet service,No internet service,No internet service,No internet service,No internet service,No internet service,One year,No,Electronic check,42.65,2210.06,No
C02205,Male,1,No,No,35,Yes,Yes,DSL,No,No,No,No,Yes,Yes,Month-to-month,No,Electronic check,61.59,2081.75,Yes
C02206,Male,0,No,Yes,20,Yes,No,Fiber optic,Yes,Yes,No,No,Yes,No,Month-to-month,Yes,Credit card (automatic),23.73,553.91,No
C02207,Female,0,No,No,11,No,No phone service,No,No internet service,No internet service,No internet service,No internet service,No internet service,No internet service,One year,Yes,Electronic check,30.9,575.14,No
C02208,Female,0,No,Yes,4,Yes,No,DSL,No,No,No,No,Yes,Yes,Month-to-month,No,Mailed check,35.63,147.31,Yes
C02209,Male,0,Yes,No,21,Yes,Yes,DSL,No,No,Yes,Yes,No,No,Two year,Yes,Electronic check,59.43,1175.62,No
C02210,Male,0,Yes,Yes,40,Yes,Yes,No,No internet service,No internet service,No internet service,No internet service,No internet service,No internet service,One year,No,Bank transfer (automatic),18.0,856.17,No
C02211,Male,0,Yes,No,25,Yes,No,DSL,No,No,No,Yes,Yes,Yes,Month-to-month,Yes,Credit card (automatic),38.78,968.7,No
C02212,Female,0,No,No,40,Yes,Yes,Fiber optic,No,No,No,No,Yes,No,Month-to-month,No,Mailed check,69.17,2733.33,Yes
C02213,Male,0,No,Yes,13,Yes,No,DSL,Yes,No,Yes,Yes,No,No,Two year,No,Electronic check,35.16,328.37,No
C02214,Female,0,Yes,No,2,Yes,No,Fiber optic,No,Yes,Yes,No,No,No,Month-to-month,Yes,Bank transfer (automatic),88.68,311.26,Yes
C02215,Female,0,Yes,No,47,Yes,Yes,DSL,No,Yes,Yes,No,Yes,Yes,Month-to-month,Yes,Credit card (automatic),26.67,1188.22,No
C02216,Female,0,Yes,No,7,Yes,No,DSL,No,No,Yes,No,Yes,No,Month-to-month,Yes,Electronic check,65.26,235.8,Yes
C02217,Male,0,No,No,30,Yes,Yes,DSL,No,No,No,No,Yes,No,One year,No,Bank transfer (automatic),60.14,1602.46,No
C02218,Female,0,Yes,No,52,Yes,Yes,DSL,Yes,No,Yes,Yes,No,No,Month-to-month,Yes,Electronic check,29.99,1394.38,No
C02219,Male,0,Yes,No,4,Yes,No,Fiber optic,No,No,No,No,Yes,No,Two year,Yes,Mailed check,69.97,270.69,No
C02220,Female,0,Yes,Yes,29,Yes,Yes,DSL,Yes,No,No,Yes,No,No,Month-to-month,No,Electronic check,60.77,1771.24,No
C02221,Male,0,No,No,37,Yes,No,Fiber optic,No,Yes,No,No,No,Yes,Month-to-month,Yes,Credit card (automatic),70.14,2745.68,Yes
C02222,Female,0,No,Yes,43,Yes,No,DSL,No,No,No,No,No,Yes,Month-to-month,Yes,Electronic check,56.26,2417.19,Yes
C02223,Male,0,Yes,No,5,No,No phone service,Fiber optic,No,No,No,No,No,No,Two year,Yes,Credit card (automatic),65.01,292.1,Yes
C02224,Female,0,No,No,55,Yes,No,No,No internet service,No internet service,No internet service,No internet service,No internet service,No internet service,One year,Yes,Electronic check,23.42,1482.63,No
C02225,Male,0,No,No,3,No,No phone service,Fiber optic,No,Yes,No,Yes,Yes,No,One year,Yes,Credit card (automatic),71.55,191.17,Yes
C02226,Male,0,No,No,23,Yes,No,Fiber optic,Yes,No,No,No,No,No,Month-to-month,No,Bank transfer (automatic),42.97,1116.16,Yes
C02227,Male,0,Yes,Yes,18,Yes,No,Fiber optic,Yes,No,Yes,No,No,No,One year,Yes,Electronic check,68.55,1356.13,No
C02228,Male,0,No,Yes,8,Yes,Yes,No,No internet service,No internet service,No internet service,No internet service,No internet service,No internet service,Month-to-month,No,Electronic check,22.11,67.14,No
C02229,Female,1,No,Yes,11,Yes,Yes,No,No internet service,No internet service,No internet service,No internet service,No internet service,No internet service,Two year,No,Electronic check,33.26,818.73,No
C02230,Female,0,Yes,No,5,Yes,No,Fiber optic,No,Yes,Yes,Yes,Yes,No,One year,No,Credit card (automatic),65.56,742.91,No
C02231,Male,0,No,No,17,Yes,Yes,DSL,Yes,No,No,Yes,No,Yes,One year,No,Mailed check,33.28,507.59,No
C02232,Female,1,Yes,No,1,Yes,No,Fiber optic,No,No,Yes,No,No,Yes,Two year,Yes,Bank transfer (automatic),81.37,92.68,No
C02233,Male,0,Yes,No,70,Yes,No,Fiber optic,No,No,Yes,Yes,Yes,No,Month-to-month,No,Credit card (automatic),72.3,4556.31,No
C02234,Male,0,Yes,No,5,Yes,Yes,DSL,No,No,No,No,Yes,No,Month-to-month,Yes,Bank transfer (automatic),37.14,118.26,No
C02235,Female,0,Yes,No,69,No,No phone service,DSL,Yes,No,Yes,Yes,No,No,Month-to-month,No,Electronic check,68.36,4540.64,No
C02236,Male,0,Yes,Yes,63,Yes,Yes,Fiber optic,Yes,No,Yes,No,No,No,Month-to-month,Yes,Bank transfer (automatic),71.71,4713.39,No
C02237,Male,0,Yes,Yes,19,Yes,Yes,No,No internet service,No internet service,No internet service,No internet service,No internet service,No internet service,Two year,Yes,Bank transfer (automatic),18.0,162.25,No
C02238,Female,0,No,No,22,Yes,No,Fiber optic,No,Yes,Yes,No,No,No,Month-to-month,No,Electronic check,60.8,1406.89,Yes
C02239,Male,0,No,No,11,Yes,Yes,Fiber optic,No,Yes,No,No,Yes,Yes,Month-to-month,Yes,Credit card (automatic),67.1,1098.85,Yes
C02240,Male,0,Yes,No,72,Yes,No,No,No internet service,No internet service,No internet service,No internet service,No internet service,No internet service,Month-to-month,No,Electronic check,18.0,1261.02,No
C02241,Male,1,No,No,35,Yes,No,Fiber optic,Yes,No,No,No,No,Yes,Month-to-month,No,Bank transfer (automatic),71.04,2583.56,Yes
C02242,Male,1,No,No,72,Yes,No,Fiber optic,Yes,No,No,Yes,Yes,No,One year,No,Credit card (automatic),58.99,4353.57,No
C02243,Female,0,Yes,No,17,No,No phone service,No,No internet service,No internet service,No internet service,No internet service,No internet service,No internet service,Month-to-month,No,Electronic check,18.0,241.61,Yes
C02244,Female,0,Yes,Yes,68,Yes,No,DSL,Yes,Yes,Yes,No,No,No,Two year,No,Credit card (automatic),47.85,3062.98,No
C02245,Female,0,No,Yes,19,Yes,No,DSL,Yes,No,Yes,No,Yes,No,Month-to-month,No,Bank transfer (automatic),65.92,1347.26,Yes
C02246,Male,1,No,Yes,64,No,No phone service,No,No internet service,No internet service,No internet service,No internet service,No internet service,No internet service,Month-to-month,No,Electronic check,42.43,2307.32,No
C02247,Male,0,Yes,Yes,4,Yes,Yes,No,No internet service,No internet service,No internet service,No internet service,No internet service,No internet service,One year,No,Bank transfer (automatic),18.0,18.0,No
C02248,Female,0,Yes,No,32,Yes,No,No,No internet service,No internet service,No internet service,No internet service,No internet service,No internet service,Month-to-month,Yes,Mailed check,26.9,451.23,No
C02249,Male,0,No,No,36,Yes,No,DSL,No,Yes,Yes,No,No,No,Month-to-month,Yes,Electronic check,53.22,1695.88,Yes
C02250,Male,0,No,No,34,Yes,No,Fiber optic,Yes,Yes,No,No,Yes,No,Month-to-month,No,Credit card (automatic),73.47,2318.89,No
C02251,Male,0,Yes,No,18,Yes,Yes,Fiber optic,No,No,No,No,No,No,Month-to-month,Yes,Mailed check,73.03,1228.27,Yes
C02252,Male,0,No,Yes,36,Yes,Yes,DSL,Yes,Yes,Yes,No,No,No,Month-to-month,Yes,Credit card (automatic),76.2,2534.14,No
C02253,Female,0,Yes,No,8,Yes,Yes,Fiber optic,Yes,No,No,No,No,No,Month-to-month,Yes,Credit card (automatic),63.79,342.21,Yes
C02254,Female,0,Yes,No,28,Yes,Yes,Fiber optic,Yes,No,No,No,Yes,Yes,Month-to-month,No,Bank transfer (automatic),54.95,1327.69,No
C02255,Female,0,Yes,No,25,Yes,Yes,DSL,No,No,No,No,Yes,No,Month-to-month,Yes,Mailed check,48.66,1077.67,No
C02256,Male,0,No,No,12,Yes,No,No,No internet service,No internet service,No internet service,No internet service,No internet service,No internet service,Month-to-month,No,Credit card (automatic),18.0,160.77,No
C02257,Female,1,Yes,No,48,Yes,No,Fiber optic,No,Yes,Yes,Yes,Yes,Yes,Month-to-month,Yes,Bank transfer (automatic),62.17,2913.5,No
C02258,Female,1,Yes,No,2,Yes,Yes,Fiber optic,No,No,No,No,No,No,Month-to-month,Yes,Electronic check,83.64,82.71,Yes
C02259,Male,1,No,Yes,6,No,No phone service,Fiber optic,No,No,No,Yes,Yes,Yes,Month-to-month,Yes,Bank transfer (automatic),75.6,80.95,Yes
C02260,Male,1,No,Yes,20,Yes,Yes,No,No internet service,No internet service,No internet service,No internet service,No internet service,No internet service,Month-to-month,No,Electronic check,18.0,700.13,Yes
C02261,Female,0,Yes,No,71,Yes,No,Fiber optic,No,Yes,Yes,Yes,No,Yes,Two year,No,Credit card (automatic),90.25,6257.57,No
C02262,Female,0,Yes,No,27,Yes,Yes,Fiber optic,No,No,Yes,No,Yes,Yes,One year,Yes,Mailed check,55.07,1056.09,No
C02263,Female,0,No,No,59,Yes,Yes,DSL,No,No,No,No,No,No,Two year,Yes,Electronic check,71.21,4092.03,No
C02264,Female,1,No,No,23,Yes,Yes,Fiber optic,Yes,Yes,Yes,No,No,No,Month-to-month,Yes,Electronic check,78.13,1529.43,Yes
C02265,Male,0,Yes,No,49,Yes,No,Fiber optic,No,Yes,No,Yes,Yes,Yes,One year,No,Bank transfer (automatic),65.34,2863.42,No
C02266,Female,0,No,Yes,12,Yes,Yes,Fiber optic,No,Yes,Yes,Yes,No,Yes,One year,Yes,Electronic check,78.17,635.73,Yes
C02267,Female,0,Yes,Yes,54,Yes,No,DSL,No,No,Yes,No,No,No,Month-to-month,No,Mailed check,27.04,1272.95,No
C02268,Male,0,No,Yes,16,Yes,No,Fiber optic,No,No,No,No,No,No,Month-to-month,Yes,Electronic check,79.85,1042.23,Yes
C02269,Female,0,Yes,No,26,Yes,No,Fiber optic,No,No,No,Yes,Yes,No,Month-to-month,No,Bank transfer (automatic),90.82,2823.68,No
C02270,Male,0,No,No,6,Yes,No,Fiber optic,No,No,No,Yes,No,Yes,Month-to-month,No,Electronic check,64.65,639.43,Yes
C02271,Male,0,Yes,No,72,Yes,No,DSL,No,No,Yes,Yes,No,No,Month-to-month,No,Credit card (automatic),36.18,2357.38,No
C02272,Male,0,No,No,38,Yes,Yes,Fiber optic,No,No,Yes,Yes,Yes,Yes,Month-to-month,No,Bank transfer (automatic),75.04,2885.39,Yes
C02273,Female,0,No,Yes,62,Yes,Yes,No,No internet service,No internet service,No internet service,No internet service,No internet service,No internet service,Two year,No,Electronic check,18.0,835.21,No
C02274,Female,0,Yes,Yes,7,Yes,No,DSL,No,No,Yes,No,No,No,Two year,No,Bank transfer (automatic),38.8,168.05,No
C02275,Male,1,No,No,2,Yes,No,DSL,Yes,Yes,No,No,No,Yes,Month-to-month,Yes,Mailed check,28.83,30.91,Yes
C02276,Female,0,Yes,No,13,Yes,Yes,DSL,Yes,Yes,Yes,Yes,No,Yes,Month-to-month,Yes,Electronic check,46.57,560.96,No
C02277,Female,0,No,Yes,23,Yes,No,DSL,No,No,Yes,No,No,Yes,Month-to-month,Yes,Mailed check,27.83,350.21,Yes
C02278,Male,0,No,No,51,Yes,Yes,No,No internet service,No internet service,No internet service,No internet service,No internet service,No internet service,One year,Yes,Electronic check,18.0,1222.09,No
C02279,Male,0,No,No,16,Yes,No,Fiber optic,Yes,No,Yes,Yes,Yes,Yes,One year,No,Electronic check,77.29,1284.36,Yes
C02280,Female,0,No,Yes,10,Yes,Yes,DSL,Yes,No,No,No,No,No,Month-to-month,Yes,Electronic check,30.76,465.98,Yes
C02281,Male,0,No,No,14,Yes,Yes,No,No internet service,No internet service,No internet service,No internet service,No internet service,No internet service,Two year,Yes,Mailed check,18.0,336.73,No
C02282,Female,0,Yes,Yes,38,No,No phone service,DSL,Yes,No,No,Yes,No,No,Month-to-month,No,Credit card (automatic),54.65,2052.42,No
C02283,Female,0,Yes,No,13,Yes,No,Fiber optic,Yes,No,Yes,Yes,Yes,No,Two year,No,Bank transfer (automatic),79.69,998.7,No
C02284,Female,0,No,Yes,72,Yes,No,Fiber optic,No,Yes,No,Yes,Yes,No,Month-to-month,Yes,Credit card (automatic),56.86,4300.81,No
C02285,Female,0,No,No,6,Yes,No,DSL,No,No,Yes,Yes,No,Yes,Month-to-month,No,Bank transfer (automatic),31.54,319.82,Yes
C02286,Male,0,No,No,44,Yes,No,Fiber optic,No,No,No,No,Yes,Yes,Month-to-month,Yes,Credit card (automatic),92.91,4307.17,Yes
C02287,Male,0,No,No,28,Yes,No,DSL,Yes,No,No,Yes,Yes,No,Month-to-month,No,Bank transfer (automatic),68.05,2399.25,No
C02288,Male,0,Yes,Yes,8,Yes,Yes,No,No internet service,No internet service,No internet service,No internet service,No internet service,No internet service,One year,No,Credit card (automatic),18.0,39.66,No
C02289,Male,1,Yes,Yes,44,No,No phone service,DSL,No,No,No,No,Yes,No,Two year,Yes,Credit card (automatic),48.98,1855.92,No
C02290,Female,0,Yes,No,18,Yes,No,DSL,Yes,Yes,No,No,No,No,Month-to-month,No,Bank transfer (automatic),62.79,1203.51,No
C02291,Female,0,No,Yes,36,Yes,No,Fiber optic,No,Yes,Yes,No,No,Yes,Two year,No,Electronic check,82.99,3100.27,No
C02292,Male,0,Yes,No,34,Yes,No,No,No internet service,No internet service,No internet service,No internet service,No internet service,No internet service,Month-to-month,No,Credit card (automatic),18.0,384.18,No
C02293,Female,0,Yes,No,3,Yes,Yes,Fiber optic,No,Yes,Yes,No,No,No,Month-to-month,Yes,Mailed check,56.84,83.3,Yes
C02294,Female,0,No,Yes,58,Yes,No,DSL,No,Yes,No,No,Yes,No,Month-to-month,Yes,Credit card (automatic),33.28,1902.91,No
C02295,Female,0,No,No,36,Yes,No,DSL,No,No,No,No,Yes,No,Month-to-month,Yes,Credit card (automatic),50.03,1639.19,No
C02296,Male,0,No,No,48,Yes,Yes,DSL,No,No,Yes,No,No,Yes,Two year,No,Mailed check,47.14,2452.8,No
C02297,Male,0,No,No,19,Yes,No,Fiber optic,No,No,No,Yes,No,No,Month-to-month,No,Credit card (automatic),117.25,1956.83,Yes
C02298,Male,0,No,No,6,No,No phone service,Fiber optic,Yes,Yes,Yes,No,Yes,No,One year,Yes,Electronic check,84.94,547.19,Yes
C02299,Female,0,Yes,No,12,Yes,No,Fiber optic,No,Yes,No,No,Yes,No,Month-to-month,Yes,Mailed check,94.29,747.79,Yes
C02300,Male,0,No,Yes,72,Yes,Yes,Fiber optic,Yes,No,Yes,No,No,Yes,Two year,Yes,Electronic check,89.97,6254.19,No
C02301,Male,0,Yes,Yes,72,Yes,Yes,DSL,No,Yes,Yes,Yes,Yes,No,Month-to-month,Yes,Electronic check,58.46,4681.6,No
C02302,Male,1,No,No,21,Yes,Yes,Fiber optic,No,No,No,Yes,No,No,Two year,Yes,Electronic check,61.87,1121.7,Yes
C02303,Male,0,No,No,11,Yes,No,Fiber optic,Yes,No,No,Yes,No,Yes,One year,No,Bank transfer (automatic),88.32,1387.02,No
C02304,Male,0,No,Yes,41,Yes,Yes,DSL,Yes,Yes,Yes,No,No,No,One year,Yes,Bank transfer (automatic),59.86,2349.0,No
C02305,Male,0,Yes,Yes,46,No,No phone service,Fiber optic,Yes,No,No,Yes,No,No,One year,Yes,Mailed check,51.27,2311.73,No
C02306,Female,0,Yes,Yes,54,Yes,No,DSL,Yes,Yes,Yes,Yes,Yes,No,Month-to-month,Yes,Bank transfer (automatic),18.0,677.36,No
C02307,Female,0,No,Yes,1,Yes,No,DSL,No,No,No,No,No,No,Month-to-month,No,Electronic check,49.27,57.89,Yes
C02308,Male,0,Yes,Yes,1,Yes,Yes,No,No internet service,No internet service,No internet service,No internet service,No internet service,No internet service,Two year,No,Bank transfer (automatic),18.05,18.0,No
C02309,Male,0,No,No,14,Yes,Yes,No,No internet service,No internet service,No internet service,No internet service,No internet service,No internet service,Month-to-month,Yes,Credit card (automatic),45.2,999.65,No
C02310,Female,0,No,No,5,Yes,Yes,Fiber optic,No,No,Yes,No,Yes,No,Month-to-month,No,Credit card (automatic),38.23,18.0,Yes
C02311,Female,1,No,Yes,52,Yes,No,DSL,Yes,No,No,No,Yes,No,Month-to-month,Yes,Credit card (automatic),35.56,1731.42,No
C02312,Male,0,No,Yes,24,Yes,No,Fiber optic,Yes,Yes,Yes,No,No,Yes,Two year,Yes,Bank transfer (automatic),58.33,1241.34,No
C02313,Male,0,No,No,55,No,No phone service,DSL,No,No,Yes,No,No,No,Month-to-month,Yes,Mailed check,18.0,774.29,No
C02314,Male,1,Yes,No,6,Yes,No,DSL,No,No,No,No,Yes,No,Month-to-month,Yes,Electronic check,49.08,563.13,Yes
C02315,Male,0,Yes,Yes,31,Yes,Yes,DSL,No,No,Yes,Yes,No,Yes,One year,No,Electronic check,31.3,816.92,No
C02316,Female,0,No,No,27,Yes,Yes,Fiber optic,No,No,No,Yes,No,Yes,Month-to-month,Yes,Electronic check,45.34,1311.71,No
C02317,Male,0,No,No,13,Yes,Yes,No,No internet service,No internet service,No internet service,No internet service,No internet service,No internet service,One year,Yes,Electronic check,31.91,237.71,No
C02318,Male,1,No,No,23,Yes,No,No,No internet service,No internet service,No internet service,No internet service,No internet service,No internet service,Two year,Yes,Bank transfer (automatic),39.44,837.9,No
C02319,Male,0,No,No,28,Yes,No,No,No internet service,No internet service,No internet service,No internet service,No internet service,No internet service,Two year,No,Bank transfer (automatic),18.0,893.63,No
C02320,Male,0,Yes,No,70,Yes,No,DSL,Yes,Yes,Yes,Yes,No,No,Two year,Yes,Mailed check,20.42,1377.88,No
C02321,Female,0,Yes,No,1,No,No phone service,Fiber optic,Yes,Yes,No,No,Yes,Yes,One year,No,Bank transfer (automatic),73.38,263.98,No
C02322,Female,0,Yes,No,55,Yes,No,No,No internet service,No internet service,No internet service,No internet service,No internet service,No internet service,Month-to-month,Yes,Mailed check,35.47,1677.02,No
C02323,Female,0,No,Yes,72,Yes,No,No,No internet service,No internet service,No internet service,No internet service,No internet service,No internet service,Month-to-month,Yes,Mailed check,22.63,1385.16,No
C02324,Male,0,Yes,No,42,Yes,Yes,DSL,Yes,No,No,Yes,Yes,Yes,Month-to-month,Yes,Electronic check,18.0,558.22,No
C02325,Male,0,Yes,Yes,42,Yes,No,No,No internet service,No internet service,No internet service,No internet service,No internet service,No internet service,One year,No,Mailed check,18.0,695.66,No
C02326,Female,0,No,Yes,7,Yes,No,Fiber optic,Yes,No,No,No,Yes,Yes,Month-to-month,No,Mailed check,44.7,18.0,Yes
C02327,Male,0,Yes,No,23,Yes,Yes,DSL,No,Yes,No,No,No,Yes,One year,No,Electronic check,39.46,884.98,No
C02328,Male,1,No,No,39,Yes,No,DSL,Yes,No,No,No,No,No,Month-to-month,Yes,Electronic check,32.22,1415.33,No
C02329,Female,1,No,No,29,Yes,No,DSL,Yes,Yes,Yes,No,Yes,No,Month-to-month,No,Bank transfer (automatic),49.88,1335.15,Yes
C02330,Female,0,Yes,Yes,15,No,No phone service,Fiber optic,No,Yes,No,Yes,No,Yes,Month-to-month,Yes,Bank transfer (automatic),78.05,1483.42,Yes
C02331,Female,0,Yes,No,72,Yes,Yes,DSL,No,No,Yes,Yes,No,No,Month-to-month,Yes,Electronic check,37.59,2461.83,No
C02332,Female,0,No,No,23,Yes,No,Fiber optic,No,No,No,No,No,No,Month-to-month,Yes,Bank transfer (automatic),59.5,1529.98,Yes
C02333,Male,0,Yes,Yes,72,Yes,No,No,No internet service,No internet service,No internet service,No internet service,No internet service,No internet service,One year,Yes,Credit card (automatic),27.74,1842.76,No
C02334,Male,0,Yes,No,26,Yes,No,No,No internet service,No internet service,No internet service,No internet service,No internet service,No internet service,Month-to-month,No,Mailed check,18.0,528.67,No
C02335,Female,0,Yes,No,50,Yes,Yes,Fiber optic,No,Yes,Yes,Yes,No,No,One year,No,Mailed check,42.62,2201.7,No
C02336,Male,1,Yes,Yes,43,Yes,Yes,Fiber optic,No,No,Yes,No,Yes,Yes,Month-to-month,No,Mailed check,75.59,3062.04,Yes
C02337,Female,0,No,Yes,34,Yes,No,Fiber optic,No,Yes,No,No,Yes,No,Month-to-month,No,Electronic check,40.49,1608.12,Yes
C02338,Female,0,Yes,No,1,Yes,No,No,No internet service,No internet service,No internet service,No internet service,No internet service,No internet service,Month-to-month,Yes,Credit card (automatic),19.76,65.81,Yes
C02339,Male,0,No,No,2,Yes,No,No,No internet service,No internet service,No internet service,No internet service,No internet service,No internet service,Month-to-month,Yes,Credit card (automatic),18.0,176.9,Yes
C02340,Female,0,Yes,Yes,27,Yes,No,Fiber optic,No,No,No,No,No,Yes,Month-to-month,Yes,Mailed check,76.25,1781.0,Yes
C02341,Male,0,No,No,72,Yes,No,DSL,Yes,No,No,Yes,No,Yes,One year,Yes,Electronic check,43.2,3065.18,No
C02342,Male,0,No,Yes,29,Yes,Yes,Fiber optic,No,Yes,No,No,No,Yes,Two year,Yes,Credit card (automatic),73.19,1721.16,Yes
C02343,Male,0,No,No,8,Yes,Yes,No,No internet service,No internet service,No internet service,No internet service,No internet service,No internet service,One year,Yes,Bank transfer (automatic),18.0,122.15,No
C02344,Male,1,No,No,12,No,No phone service,No,No internet service,No internet service,No internet service,No internet service,No internet service,No internet service,One year,No,Credit card (automatic),32.41,444.95,No
C02345,Female,0,Yes,Yes,31,Yes,Yes,Fiber optic,No,Yes,No,Yes,No,Yes,One year,Yes,Credit card (automatic),64.68,2499.68,No
C02346,Male,1,No,No,29,Yes,No,Fiber optic,Yes,Yes,No,No,Yes,Yes,Two year,No,Electronic check,72.22,2359.54,Yes
C02347,Female,0,Yes,No,72,Yes,No,DSL,Yes,Yes,Yes,No,No,Yes,Two year,Yes,Electronic check,57.81,4013.41,No
C02348,Female,0,Yes,No,24,Yes,Yes,Fiber optic,Yes,No,No,No,Yes,Yes,Month-to-month,No,Mailed check,65.09,1592.73,Yes
C02349,Female,0,No,No,14,Yes,Yes,Fiber optic,No,No,Yes,No,Yes,Yes,Month-to-month,Yes,Mailed check,74.79,1066.26,Yes
C02350,Female,0,Yes,No,23,Yes,Yes,No,No internet service,No internet service,No internet service,No internet service,No internet service,No internet service,Two year,Yes,Electronic check,26.44,626.44,No
C02351,Male,0,No,No,49,No,No phone service,No,No internet service,No internet service,No internet service,No internet service,No internet service,No internet service,Month-to-month,Yes,Bank transfer (automatic),30.75,1640.01,No
C02352,Male,0,Yes,Yes,24,Yes,No,DSL,No,No,No,No,No,Yes,Two year,Yes,Bank transfer (automatic),63.35,1695.39,No
C02353,Female,0,No,No,12,Yes,Yes,Fiber optic,Yes,Yes,No,Yes,No,Yes,Two year,Yes,Mailed check,63.26,835.06,No
C02354,Female,0,No,Yes,13,Yes,No,DSL,No,Yes,Yes,No,No,No,Month-to-month,Yes,Mailed check,35.15,325.72,Yes
C02355,Male,0,No,Yes,45,Yes,No,DSL,No,Yes,No,No,Yes,Yes,Month-to-month,No,Mailed check,48.75,2272.42,No
C02356,Female,0,No,Yes,2,Yes,No,DSL,No,No,No,No,Yes,No,Month-to-month,No,Credit card (automatic),61.16,18.0,Yes
C02357,Male,0,No,No,10,No,No phone service,No,No internet service,No internet service,No internet service,No internet service,No internet service,No internet service,Month-to-month,No,Mailed check,22.07,302.93,No
C02358,Female,0,No,No,5,Yes,No,No,No internet service,No internet service,No internet service,No internet service,No internet service,No internet service,Month-to-month,No,Bank transfer (automatic),18.0,18.0,Yes
C02359,Male,0,Yes,Yes,72,Yes,No,Fiber optic,No,Yes,No,Yes,No,Yes,Month-to-month,No,Credit card (automatic),58.59,4260.09,No
C02360,Female,1,No,Yes,3,Yes,Yes,Fiber optic,No,No,Yes,No,No,No,Month-to-month,Yes,Bank transfer (automatic),39.85,180.59,Yes
C02361,Female,0,Yes,No,45,Yes,Yes,No,No internet service,No internet service,No internet service,No internet service,No internet service,No internet service,Two year,Yes,Mailed check,31.26,1613.17,No
C02362,Male,0,Yes,No,31,Yes,No,Fiber optic,Yes,No,Yes,Yes,No,No,Month-to-month,No,Mailed check,53.58,1468.93,No
C02363,Female,0,Yes,No,32,Yes,Yes,Fiber optic,No,No,No,No,No,No,One year,No,Electronic check,87.68,2840.38,Yes
C02364,Female,0,Yes,No,46,No,No phone service,No,No internet service,No internet service,No internet service,No internet service,No internet service,No internet service,Month-to-month,No,Bank transfer (automatic),18.0,619.09,No
C02365,Male,0,No,No,16,Yes,Yes,Fiber optic,No,No,No,Yes,Yes,Yes,Month-to-month,Yes,Bank transfer (automatic),82.26,1057.72,Yes
C02366,Female,1,No,Yes,16,No,No phone service,No,No internet service,No internet service,No internet service,No internet service,No internet service,No internet service,Month-to-month,Yes,Credit card (automatic),18.0,215.24,Yes
C02367,Male,1,No,No,10,Yes,Yes,Fiber optic,No,No,Yes,Yes,No,No,Month-to-month,No,Mailed check,64.95,748.79,Yes
C02368,Male,0,No,No,29,No,No phone service,Fiber optic,No,Yes,No,Yes,Yes,No,Month-to-month,Yes,Bank transfer (automatic),97.27,2717.24,Yes
C02369,Female,0,Yes,No,72,Yes,No,DSL,Yes,Yes,Yes,Yes,No,Yes,One year,No,Credit card (automatic),27.62,1905.31,No
C02370,Female,0,Yes,Yes,72,Yes,No,No,No internet service,No internet service,No internet service,No internet service,No internet service,No internet service,Two year,Yes,Bank transfer (automatic),18.0,1056.94,No
C02371,Female,0,Yes,Yes,38,Yes,Yes,DSL,No,Yes,No,Yes,Yes,No,One year,Yes,Credit card (automatic),56.66,2529.34,No
C02372,Female,0,No,Yes,72,No,No phone service,No,No internet service,No internet service,No internet service,No internet service,No internet service,No internet service,Month-to-month,No,Mailed check,18.0,1269.42,No
C02373,Female,0,Yes,No,72,Yes,Yes,No,No internet service,No internet service,No internet service,No internet service,No internet service,No internet service,Two year,Yes,Electronic check,30.06,2026.23,No
C02374,Female,0,No,No,50,Yes,No,No,No internet service,No internet service,No internet service,No internet service,No internet service,No internet service,One year,No,Credit card (automatic),37.61,1794.91,No
C02375,Female,0,No,Yes,16,Yes,Yes,Fiber optic,No,Yes,No,Yes,No,Yes,One year,No,Mailed check,72.39,1319.88,No
C02376,Male,0,No,No,21,Yes,No,Fiber optic,No,No,No,No,No,Yes,Two year,No,Bank transfer (automatic),71.9,1939.48,Yes
C02377,Female,0,No,No,72,Yes,Yes,No,No internet service,No internet service,No internet service,No internet service,No internet service,No internet service,Month-to-month,Yes,Mailed check,18.0,1148.29,No
C02378,Male,1,No,No,35,Yes,No,No,No internet service,No internet service,No internet service,No internet service,No internet service,No internet service,Month-to-month,Yes,Mailed check,19.35,680.52,No
C02379,Female,0,Yes,No,54,Yes,No,No,No internet service,No internet service,No internet service,No internet service,No internet service,No internet service,Month-to-month,No,Electronic check,18.0,678.39,No
C02380,Female,1,Yes,No,3,Yes,Yes,DSL,No,No,No,No,Yes,Yes,Two year,Yes,Bank transfer (automatic),44.29,190.74,No
C02381,Male,0,No,No,6,Yes,No,Fiber optic,No,Yes,Yes,Yes,No,No,One year,Yes,Electronic check,61.41,18.0,No
C02382,Female,0,No,No,13,Yes,No,No,No internet service,No internet service,No internet service,No internet service,No internet service,No internet service,Two year,Yes,Mailed check,29.87,183.31,No
C02383,Female,1,No,No,6,Yes,No,Fiber optic,No,No,No,No,Yes,No,One year,No,Mailed check,75.57,63.72,Yes
C02384,Male,0,Yes,Yes,72,Yes,No,DSL,No,Yes,Yes,No,Yes,Yes,Month-to-month,Yes,Bank transfer (automatic),63.47,4758.46,No
C02385,Female,0,No,No,7,Yes,Yes,Fiber optic,No,No,Yes,Yes,No,No,Month-to-month,Yes,Bank transfer (automatic),83.54,801.85,Yes
C02386,Female,0,Yes,Yes,26,Yes,No,DSL,No,No,Yes,Yes,No,Yes,Two year,Yes,Credit card (automatic),34.4,902.09,No
C02387,Female,0,Yes,Yes,2,No,No phone service,No,No internet service,No internet service,No internet service,No internet service,No internet service,No internet service,Two year,No,Bank transfer (automatic),18.0,96.51,No
C02388,Male,0,Yes,Yes,5,Yes,Yes,Fiber optic,Yes,Yes,No,No,No,Yes,Month-to-month,No,Credit card (automatic),78.2,435.38,Yes
C02389,Female,1,Yes,No,9,Yes,Yes,Fiber optic,Yes,No,No,Yes,No,Yes,Month-to-month,Yes,Electronic check,78.04,611.93,Yes
C02390,Female,1,Yes,No,72,Yes,Yes,Fiber optic,Yes,No,Yes,No,Yes,Yes,Month-to-month,Yes,Mailed check,88.43,6644.15,No
C02391,Female,1,Yes,Yes,51,Yes,Yes,No,No internet service,No internet service,No internet service,No internet service,No internet service,No internet service,Month-to-month,Yes,Credit card (automatic),18.0,1259.24,No
C02392,Female,0,No,No,35,Yes,No,DSL,No,Yes,No,No,Yes,Yes,Month-to-month,Yes,Electronic check,25.46,1116.04,Yes
C02393,Male,0,No,No,72,Yes,No,DSL,No,No,Yes,Yes,Yes,No,Month-to-month,No,Bank transfer (automatic),23.71,2034.09,No
C02394,Male,0,No,No,72,Yes,No,Fiber optic,No,No,No,No,No,Yes,One year,No,Electronic check,62.84,4774.92,No
C02395,Female,1,Yes,Yes,19,Yes,No,Fiber optic,Yes,Yes,No,No,Yes,No,Month-to-month,Yes,Mailed check,89.19,1981.08,Yes
C02396,Female,0,No,Yes,12,Yes,No,No,No internet service,No internet service,No internet service,No internet service,No internet service,No internet service,Two year,No,Mailed check,18.0,429.11,No
C02397,Male,0,Yes,No,12,Yes,Yes,DSL,No,No,No,No,No,No,Two year,Yes,Credit card (automatic),78.49,1101.2,No
C02398,Male,0,Yes,No,1,Yes,Yes,Fiber optic,No,Yes,No,No,No,No,Month-to-month,Yes,Bank transfer (automatic),42.77,381.96,Yes
C02399,Female,0,No,No,10,Yes,No,Fiber optic,No,No,No,Yes,No,No,Month-to-month,Yes,Electronic check,92.26,942.84,Yes
C02400,Male,0,Yes,No,14,Yes,No,Fiber optic,Yes,No,No,Yes,No,No,One year,No,Electronic check,82.23,811.26,Yes
C02401,Female,1,No,No,1,Yes,Yes,No,No internet service,No internet service,No internet service,No internet service,No internet service,No internet service,Two year,Yes,Mailed check,35.7,407.14,No
C02402,Male,1,No,Yes,68,Yes,Yes,DSL,No,No,No,No,Yes,No,Month-to-month,No,Mailed check,52.15,3503.64,No
C02403,Male,0,No,No,60,Yes,Yes,Fiber optic,No,Yes,No,No,Yes,No,One year,No,Credit card (automatic),80.01,4771.11,No
C02404,Male,0,No,No,9,Yes,No,No,No internet service,No internet service,No internet service,No internet service,No internet service,No internet service,Two year,Yes,Credit card (automatic),18.0,18.0,No
C02405,Male,1,No,Yes,51,Yes,No,DSL,Yes,Yes,Yes,Yes,No,Yes,One year,No,Mailed check,45.74,2383.87,No
C02406,Female,0,Yes,Yes,50,Yes,Yes,Fiber optic,No,Yes,Yes,No,No,Yes,One year,Yes,Bank transfer (automatic),51.42,2768.8,No
C02407,Male,0,No,No,13,Yes,No,DSL,No,No,No,Yes,No,No,Two year,No,Mailed check,44.55,785.36,No
C02408,Male,0,Yes,No,38,Yes,No,Fiber optic,No,No,Yes,Yes,Yes,Yes,One year,No,Electronic check,79.13,3180.72,No
C02409,Female,0,No,Yes,10,No,No phone service,DSL,Yes,Yes,Yes,Yes,No,No,Month-to-month,Yes,Mailed check,39.52,363.37,No
C02410,Male,0,No,Yes,2,Yes,No,Fiber optic,No,No,Yes,Yes,No,No,Two year,No,Credit card (automatic),72.19,18.0,No
C02411,Male,0,Yes,Yes,22,Yes,No,Fiber optic,No,Yes,Yes,No,No,Yes,Month-to-month,Yes,Mailed check,70.48,1618.02,Yes
C02412,Female,0,No,No,18,Yes,Yes,Fiber optic,Yes,No,No,No,Yes,Yes,Two year,Yes,Mailed check,68.81,1238.61,No
C02413,Male,0,Yes,No,4,Yes,No,Fiber optic,No,No,No,Yes,No,Yes,One year,No,Electronic check,79.28,285.87,Yes
C02414,Female,1,Yes,No,21,Yes,Yes,Fiber optic,No,No,Yes,Yes,No,Yes,One year,Yes,Bank transfer (automatic),76.4,1975.83,No
C02415,Female,0,No,No,72,Yes,No,No,No internet service,No internet service,No internet service,No internet service,No internet service,No internet service,One year,Yes,Mailed check,22.25,1607.34,No
C02416,Female,1,Yes,No,42,Yes,Yes,DSL,No,Yes,No,Yes,Yes,Yes,One year,No,Bank transfer (automatic),54.48,2310.22,No
C02417,Female,0,Yes,Yes,42,Yes,Yes,Fiber optic,Yes,Yes,No,Yes,No,No,Month-to-month,No,Credit card (automatic),87.31,3704.73,Yes
C02418,Male,0,Yes,No,45,Yes,No,Fiber optic,Yes,No,No,No,Yes,No,Two year,Yes,Electronic check,85.79,3864.05,No
C02419,Female,0,No,Yes,43,Yes,No,DSL,No,No,No,No,No,No,One year,No,Credit card (automatic),79.4,3138.66,No
C02420,Male,1,Yes,Yes,1,Yes,Yes,Fiber optic,Yes,No,No,No,No,No,One year,No,Electronic check,76.43,123.23,Yes
C02421,Male,0,Yes,Yes,72,No,No phone service,DSL,Yes,Yes,Yes,Yes,No,Yes,One year,Yes,Credit card (automatic),22.32,1779.18,No
C02422,Male,0,No,No,56,Yes,No,Fiber optic,No,No,Yes,Yes,Yes,No,Month-to-month,Yes,Bank transfer (automatic),67.51,3278.35,No
C02423,Male,0,Yes,No,10,Yes,Yes,DSL,No,No,No,No,Yes,No,Two year,Yes,Mailed check,55.1,543.98,No
C02424,Male,0,Yes,No,25,Yes,Yes,No,No internet service,No internet service,No internet service,No internet service,No internet service,No internet service,Month-to-month,Yes,Mailed check,18.0,699.89,No
C02425,Male,0,No,No,30,Yes,No,Fiber optic,Yes,No,No,No,No,No,Month-to-month,Yes,Electronic check,73.39,2313.04,Yes
C02426,Male,1,No,Yes,4,Yes,Yes,DSL,Yes,Yes,No,Yes,Yes,No,Month-to-month,Yes,Bank transfer (automatic),44.43,213.55,No
C02427,Male,1,No,No,9,Yes,No,Fiber optic,Yes,Yes,No,No,Yes,Yes,Month-to-month,No,Credit card (automatic),84.09,772.29,Yes
C02428,Male,0,Yes,No,1,No,No phone service,No,No internet service,No internet service,No internet service,No internet service,No internet service,No internet service,Two year,No,Bank transfer (automatic),32.62,340.49,No
C02429,Male,1,No,Yes,63,Yes,Yes,Fiber optic,No,No,No,Yes,Yes,Yes,Two year,Yes,Electronic check,70.23,4756.41,No
C02430,Female,0,No,No,1,Yes,Yes,No,No internet service,No internet service,No internet service,No internet service,No internet service,No internet service,Two year,Yes,Bank transfer (automatic),33.44,18.0,No
C02431,Female,0,Yes,No,12,Yes,Yes,DSL,No,Yes,Yes,No,No,Yes,Month-to-month,No,Electronic check,42.96,400.64,No
C02432,Female,0,Yes,Yes,2,Yes,No,Fiber optic,No,No,No,No,Yes,No,One year,No,Electronic check,52.61,18.0,Yes
C02433,Male,0,No,Yes,48,Yes,No,DSL,No,Yes,No,Yes,No,Yes,Month-to-month,Yes,Bank transfer (automatic),59.5,2795.46,No
C02434,Female,0,No,No,72,Yes,Yes,DSL,Yes,No,No,Yes,No,No,One year,Yes,Electronic check,46.08,3440.64,No
C02435,Female,1,No,Yes,26,Yes,Yes,Fiber optic,No,No,No,No,No,No,Month-to-month,No,Mailed check,83.48,2205.86,Yes
C02436,Female,0,No,No,4,No,No phone service,Fiber optic,No,No,No,No,No,No,One year,No,Mailed check,72.96,211.63,Yes
C02437,Male,0,No,No,26,Yes,Yes,Fiber optic,Yes,Yes,No,No,No,Yes,One year,Yes,Electronic check,71.29,2235.2,No
C02438,Male,0,No,No,47,Yes,No,Fiber optic,No,Yes,Yes,Yes,No,No,Two year,Yes,Credit card (automatic),77.7,3681.79,No
C02439,Male,1,Yes,Yes,40,No,No phone service,No,No internet service,No internet service,No internet service,No internet service,No internet service,No internet service,Two year,No,Credit card (automatic),18.0,803.65,No
C02440,Male,0,Yes,No,43,Yes,Yes,DSL,Yes,Yes,No,No,Yes,No,One year,No,Mailed check,36.87,1319.4,No
C02441,Female,0,No,No,10,Yes,Yes,DSL,No,No,No,No,Yes,Yes,Month-to-month,Yes,Mailed check,33.97,558.7,Yes
C02442,Female,0,No,No,2,Yes,Yes,Fiber optic,Yes,No,Yes,No,No,No,Month-to-month,No,Electronic check,47.41,53.57,Yes
C02443,Female,0,No,No,5,Yes,No,Fiber optic,No,No,No,Yes,Yes,Yes,Two year,No,Mailed check,73.34,18.0,No
C02444,Female,0,No,No,72,Yes,Yes,Fiber optic,Yes,Yes,No,Yes,No,No,Month-to-month,Yes,Mailed check,64.75,4681.89,No
C02445,Male,0,No,No,30,Yes,Yes,Fiber optic,No,No,Yes,Yes,No,No,Month-to-month,No,Credit card (automatic),69.68,1767.24,Yes
C02446,Male,0,Yes,No,41,Yes,No,Fiber optic,No,No,No,No,Yes,No,Month-to-month,Yes,Bank transfer (automatic),88.36,3649.19,Yes
C02447,Male,0,No,No,72,Yes,No,DSL,No,No,No,Yes,No,No,Month-to-month,Yes,Electronic check,55.36,4115.43,No
C02448,Female,0,Yes,No,61,Yes,No,No,No internet service,No internet service,No internet service,No internet service,No internet service,No internet service,Month-to-month,Yes,Electronic check,22.77,908.06,No
C02449,Male,0,Yes,No,7,Yes,Yes,DSL,Yes,Yes,No,No,Yes,No,Two year,Yes,Electronic check,35.9,81.8,No
C02450,Male,0,Yes,No,1,Yes,Yes,Fiber optic,Yes,No,No,No,No,No,Two year,No,Electronic check,71.1,183.04,No
C02451,Female,1,No,No,72,Yes,No,DSL,Yes,No,Yes,Yes,Yes,No,Month-to-month,Yes,Electronic check,62.27,4436.41,No
C02452,Female,0,No,Yes,72,Yes,No,DSL,No,Yes,No,No,No,No,Two year,Yes,Mailed check,36.0,2622.32,No
C02453,Male,1,Yes,No,26,Yes,No,DSL,Yes,No,No,No,Yes,Yes,Two year,Yes,Bank transfer (automatic),58.57,2122.64,No
C02454,Male,0,Yes,Yes,70,Yes,Yes,Fiber optic,Yes,Yes,No,No,No,Yes,Month-to-month,Yes,Credit card (automatic),58.23,3890.76,No
C02455,Male,0,No,No,8,Yes,Yes,Fiber optic,No,Yes,No,No,No,No,Month-to-month,Yes,Mailed check,56.39,18.0,Yes
C02456,Male,0,No,Yes,3,Yes,No,No,No internet service,No internet service,No internet service,No internet service,No internet service,No internet service,Month-to-month,No,Credit card (automatic),46.16,53.44,No
C02457,Male,1,No,No,22,Yes,No,Fiber optic,No,No,No,Yes,Yes,Yes,Month-to-month,Yes,Electronic check,59.2,954.4,Yes
C02458,Male,0,No,No,53,Yes,Yes,DSL,No,Yes,Yes,No,Yes,Yes,Month-to-month,Yes,Electronic check,40.75,2142.48,No
C02459,Female,0,No,No,34,Yes,No,Fiber optic,No,No,Yes,No,No,Yes,Month-to-month,No,Mailed check,64.8,2087.51,Yes
C02460,Female,1,Yes,No,32,Yes,Yes,DSL,Yes,No,Yes,Yes,Yes,No,Month-to-month,No,Mailed check,44.36,1218.79,No
C02461,Female,0,Yes,Yes,1,Yes,No,DSL,No,No,Yes,Yes,No,No,Month-to-month,No,Electronic check,29.79,347.81,Yes
C02462,Male,0,Yes,No,12,Yes,No,No,No internet service,No internet service,No internet service,No internet service,No internet service,No internet service,Month-to-month,No,Electronic check,18.0,40.52,No
C02463,Female,0,No,No,72,Yes,No,Fiber optic,No,Yes,Yes,No,Yes,No,Month-to-month,Yes,Electronic check,96.17,6544.25,No
C02464,Male,0,Yes,No,4,Yes,No,Fiber optic,Yes,No,No,No,No,No,Two year,No,Electronic check,76.62,399.33,No
C02465,Male,0,No,Yes,41,Yes,Yes,No,No internet service,No internet service,No internet service,No internet service,No internet service,No internet service,Month-to-month,Yes,Electronic check,43.83,1769.22,No
C02466,Female,0,Yes,Yes,45,Yes,Yes,DSL,Yes,No,No,No,Yes,Yes,One year,No,Mailed check,52.03,2193.86,No
C02467,Male,0,Yes,No,42,Yes,No,No,No internet service,No internet service,No internet service,No internet service,No internet service,No internet service,Month-to-month,Yes,Electronic check,18.0,832.28,No
C02468,Male,0,Yes,Yes,72,Yes,Yes,No,No internet service,No internet service,No internet service,No internet service,No internet service,No internet service,Month-to-month,No,Mailed check,18.0,1398.4,No
C02469,Female,1,Yes,Yes,16,Yes,No,No,No internet service,No internet service,No internet service,No internet service,No internet service,No internet service,Two year,No,Electronic check,25.71,91.68,No
C02470,Female,1,Yes,Yes,36,Yes,No,DSL,No,No,Yes,Yes,No,No,Two year,Yes,Mailed check,73.07,3078.55,No
C02471,Female,0,No,No,6,Yes,Yes,No,No internet service,No internet service,No internet service,No internet service,No internet service,No internet service,Month-to-month,Yes,Bank transfer (automatic),30.18,425.14,Yes
C02472,Male,0,Yes,Yes,16,Yes,No,DSL,Yes,No,Yes,No,No,Yes,Two year,Yes,Credit card (automatic),48.18,921.51,No
C02473,Female,0,No,No,21,Yes,Yes,Fiber optic,Yes,No,Yes,No,Yes,No,Month-to-month,No,Credit card (automatic),82.37,1871.94,Yes
C02474,Female,0,Yes,No,7,Yes,Yes,DSL,No,No,No,Yes,Yes,Yes,Month-to-month,Yes,Bank transfer (automatic),46.24,523.16,No
C02475,Male,0,No,No,72,Yes,No,No,No internet service,No internet service,No internet service,No internet service,No internet service,No internet service,Two year,No,Credit card (automatic),18.0,1253.35,No
C02476,Female,0,No,No,40,Yes,No,Fiber optic,No,Yes,No,No,Yes,Yes,Month-to-month,Yes,Mailed check,67.42,2684.84,Yes
C02477,Female,0,No,No,10,Yes,Yes,Fiber optic,No,No,Yes,No,Yes,No,Month-to-month,No,Bank transfer (automatic),48.64,254.33,Yes
C02478,Female,0,Yes,Yes,4,Yes,Yes,No,No internet service,No internet service,No internet service,No internet service,No internet service,No internet service,Two year,Yes,Credit card (automatic),48.55,184.54,No
C02479,Male,0,Yes,Yes,10,Yes,No,DSL,Yes,Yes,No,No,No,No,Month-to-month,Yes,Bank transfer (automatic),57.03,203.89,No
C02480,Male,1,No,Yes,31,No,No phone service,Fiber optic,No,Yes,No,Yes,Yes,Yes,One year,Yes,Electronic check,72.05,1793.43,No
C02481,Male,0,Yes,No,56,Yes,No,DSL,Yes,Yes,Yes,No,No,No,Month-to-month,No,Credit card (automatic),49.58,2920.11,No
C02482,Male,0,No,No,22,Yes,No,DSL,No,Yes,No,Yes,No,No,Month-to-month,No,Mailed check,69.32,1528.42,No
C02483,Female,0,Yes,No,3,Yes,Yes,Fiber optic,No,Yes,No,Yes,No,Yes,Month-to-month,No,Electronic check,91.17,192.62,Yes
C02484,Male,0,No,No,9,Yes,No,Fiber optic,Yes,No,No,No,No,No,Month-to-month,Yes,Credit card (automatic),80.42,746.49,Yes
C02485,Male,0,Yes,Yes,13,Yes,Yes,DSL,Yes,Yes,Yes,Yes,Yes,Yes,Month-to-month,No,Mailed check,50.42,834.65,No
C02486,Female,0,No,No,32,Yes,No,Fiber optic,No,No,No,No,No,No,Month-to-month,Yes,Bank transfer (automatic),67.42,2379.01,Yes
C02487,Female,0,No,Yes,9,Yes,Yes,Fiber optic,Yes,No,No,No,Yes,No,Two year,No,Credit card (automatic),65.01,474.28,No
C02488,Female,0,Yes,No,8,Yes,Yes,No,No internet service,No internet service,No internet service,No internet service,No internet service,No internet service,Two year,No,Electronic check,18.0,397.85,No
C02489,Male,0,Yes,Yes,10,Yes,No,No,No internet service,No internet service,No internet service,No internet service,No internet service,No internet service,Two year,Yes,Bank transfer (automatic),18.0,232.39,No
C02490,Male,0,Yes,No,28,Yes,No,Fiber optic,No,No,No,Yes,No,No,Month-to-month,No,Electronic check,82.07,2417.83,No
C02491,Male,1,No,No,21,Yes,No,No,No internet service,No internet service,No internet service,No internet service,No internet service,No internet service,Month-to-month,No,Bank transfer (automatic),18.0,478.89,No
C02492,Female,0,Yes,Yes,58,Yes,Yes,No,No internet service,No internet service,No internet service,No internet service,No internet service,No internet service,Month-to-month,Yes,Mailed check,41.82,2251.39,No
C02493,Female,0,Yes,No,38,Yes,No,Fiber optic,Yes,No,No,Yes,No,No,Month-to-month,Yes,Credit card (automatic),79.92,2660.4,No
C02494,Male,1,No,No,35,No,No phone service,No,No internet service,No internet service,No internet service,No internet service,No internet service,No internet service,Month-to-month,Yes,Credit card (automatic),18.0,347.83,No
C02495,Female,0,Yes,No,5,No,No phone service,No,No internet service,No internet service,No internet service,No internet service,No internet service,No internet service,Month-to-month,No,Bank transfer (automatic),22.74,157.67,No
C02496,Female,0,Yes,No,1,Yes,Yes,DSL,Yes,No,No,No,Yes,No,One year,No,Bank transfer (automatic),51.72,18.0,No
C02497,Female,0,Yes,No,22,Yes,No,Fiber optic,Yes,No,No,No,Yes,Yes,One year,Yes,Electronic check,97.66,2313.34,Yes
C02498,Male,0,No,No,2,Yes,Yes,DSL,No,No,No,Yes,No,No,Month-to-month,Yes,Mailed check,53.88,18.0,Yes
C02499,Female,0,No,No,14,Yes,Yes,Fiber optic,No,No,Yes,No,Yes,No,Month-to-month,No,Electronic check,62.02,813.01,Yes
C02500,Female,0,Yes,No,1,Yes,No,Fiber optic,Yes,Yes,No,No,Yes,No,Month-to-month,Yes,Electronic check,74.31,240.49,Yes
C02501,Male,1,No,No,6,Yes,No,No,No internet service,No internet service,No internet service,No internet service,No internet service,No internet service,Two year,Yes,Mailed check,18.0,153.18,No
C02502,Male,1,Yes,No,3,Yes,Yes,Fiber optic,No,No,No,Yes,No,No,One year,Yes,Electronic check,81.69,18.0,Yes
C02503,Female,0,Yes,No,51,No,No phone service,Fiber optic,No,No,No,Yes,No,No,Month-to-month,No,Electronic check,70.31,3583.16,No
C02504,Female,0,No,Yes,13,Yes,Yes,DSL,No,No,No,Yes,No,No,Month-to-month,Yes,Electronic check,37.44,510.15,Yes
C02505,Male,0,Yes,No,2,Yes,No,DSL,No,Yes,Yes,No,No,No,Two year,Yes,Electronic check,59.62,43.35,Yes
C02506,Male,0,No,No,9,Yes,No,Fiber optic,No,No,Yes,Yes,No,No,Two year,No,Electronic check,40.98,364.54,Yes
C02507,Female,0,No,Yes,36,Yes,No,No,No internet service,No internet service,No internet service,No internet service,No internet service,No internet service,One year,No,Electronic check,24.36,898.47,No
C02508,Female,0,No,No,43,Yes,No,Fiber optic,No,Yes,No,No,No,Yes,Month-to-month,No,Mailed check,76.99,3304.53,Yes
C02509,Female,1,Yes,Yes,4,Yes,Yes,No,No internet service,No internet service,No internet service,No internet service,No internet service,No internet service,One year,Yes,Electronic check,18.0,18.0,No
C02510,Female,1,Yes,No,48,Yes,No,No,No internet service,No internet service,No internet service,No internet service,No internet service,No internet service,One year,Yes,Mailed check,18.0,847.13,No
C02511,Male,0,No,No,14,Yes,No,DSL,No,Yes,No,No,No,No,One year,Yes,Electronic check,64.84,995.81,Yes
C02512,Female,0,Yes,No,36,Yes,Yes,DSL,Yes,No,Yes,Yes,No,Yes,Two year,No,Electronic check,30.53,1164.98,No
C02513,Female,0,No,No,35,Yes,Yes,Fiber optic,Yes,Yes,No,No,Yes,Yes,Month-to-month,Yes,Credit card (automatic),80.91,2622.25,Yes
C02514,Male,0,Yes,No,50,Yes,No,DSL,Yes,No,No,No,No,No,Month-to-month,Yes,Electronic check,48.75,2645.65,No
C02515,Female,0,Yes,Yes,38,Yes,No,DSL,No,No,Yes,No,Yes,No,Month-to-month,Yes,Electronic check,24.64,1142.34,No
C02516,Male,0,Yes,No,1,Yes,Yes,DSL,No,No,Yes,Yes,Yes,No,Month-to-month,No,Bank transfer (automatic),59.27,18.0,Yes
C02517,Female,0,No,No,23,Yes,No,DSL,Yes,Yes,Yes,No,No,No,Two year,No,Electronic check,42.58,1176.45,No
C02518,Female,0,No,No,5,Yes,Yes,Fiber optic,No,Yes,No,Yes,No,Yes,Month-to-month,Yes,Bank transfer (automatic),69.07,515.75,Yes
C02519,Male,0,Yes,No,72,Yes,No,Fiber optic,No,No,Yes,Yes,No,Yes,Month-to-month,Yes,Mailed check,62.01,4530.41,No
C02520,Male,0,No,No,9,Yes,No,DSL,No,Yes,No,Yes,Yes,No,Two year,No,Bank transfer (automatic),52.29,645.73,No
C02521,Female,0,Yes,No,17,Yes,No,DSL,No,Yes,Yes,Yes,No,No,Two year,No,Electronic check,58.67,747.87,No
C02522,Female,0,Yes,No,7,Yes,Yes,Fiber optic,Yes,Yes,No,Yes,No,No,Month-to-month,Yes,Bank transfer (automatic),40.33,741.97,Yes
C02523,Female,0,No,No,4,Yes,No,Fiber optic,No,No,Yes,No,No,No,One year,Yes,Credit card (automatic),80.91,263.89,Yes
C02524,Male,1,No,Yes,29,No,No phone service,No,No internet service,No internet service,No internet service,No internet service,No internet service,No internet service,Month-to-month,Yes,Credit card (automatic),23.19,846.14,No
C02525,Female,0,Yes,No,21,Yes,Yes,DSL,No,No,No,Yes,Yes,No,Month-to-month,Yes,Bank transfer (automatic),34.59,889.49,No
C02526,Male,0,Yes,No,15,Yes,No,DSL,No,Yes,Yes,Yes,No,Yes,Two year,Yes,Electronic check,44.95,574.82,No
C02527,Male,0,No,No,2,Yes,No,Fiber optic,No,No,Yes,No,Yes,No,Month-to-month,No,Credit card (automatic),93.06,355.75,Yes
C02528,Female,0,No,No,42,Yes,No,DSL,Yes,No,No,No,No,No,Two year,No,Credit card (automatic),41.28,1687.47,No
C02529,Male,0,No,No,1,Yes,No,Fiber optic,No,No,No,No,No,No,Month-to-month,Yes,Electronic check,82.6,179.58,Yes
C02530,Female,0,Yes,No,19,Yes,No,No,No internet service,No internet service,No internet service,No internet service,No internet service,No internet service,Month-to-month,Yes,Credit card (automatic),37.78,756.55,No
C02531,Female,0,No,No,32,Yes,No,DSL,Yes,No,No,Yes,No,No,Month-to-month,No,Electronic check,55.37,1726.25,No
C02532,Female,0,Yes,No,18,Yes,Yes,DSL,No,No,No,No,No,No,Two year,No,Mailed check,47.43,802.04,No
C02533,Female,0,No,No,4,Yes,No,DSL,No,No,No,Yes,Yes,Yes,One year,No,Credit card (automatic),71.06,510.6,No
C02534,Female,0,Yes,No,48,Yes,No,DSL,Yes,No,No,No,Yes,No,Two year,Yes,Credit card (automatic),60.9,2967.5,No
C02535,Male,0,Yes,No,12,Yes,No,DSL,No,Yes,No,Yes,Yes,No,Month-to-month,Yes,Mailed check,44.69,509.46,Yes
C02536,Male,0,Yes,No,4,Yes,No,DSL,No,Yes,No,No,No,No,Month-to-month,No,Credit card (automatic),49.43,570.77,Yes
C02537,Female,0,No,Yes,25,No,No phone service,Fiber optic,No,No,Yes,No,Yes,No,Two year,No,Electronic check,83.86,1958.83,Yes
C02538,Female,0,No,No,1,No,No phone service,DSL,Yes,No,No,No,Yes,No,Month-to-month,Yes,Bank transfer (automatic),50.0,380.62,Yes
C02539,Male,0,Yes,Yes,12,Yes,No,DSL,Yes,Yes,No,Yes,No,No,Month-to-month,No,Mailed check,53.39,638.67,No
C02540,Male,1,No,Yes,44,No,No phone service,Fiber optic,No,No,No,Yes,No,Yes,One year,Yes,Mailed check,58.09,2679.93,Yes
C02541,Male,0,No,No,72,Yes,No,Fiber optic,Yes,No,No,Yes,No,Yes,Month-to-month,Yes,Electronic check,87.71,6247.76,No
C02542,Male,1,Yes,No,28,Yes,No,Fiber optic,Yes,No,No,No,No,Yes,Two year,No,Electronic check,71.39,1813.92,No
C02543,Female,1,No,Yes,7,No,No phone service,Fiber optic,Yes,No,Yes,No,No,Yes,Two year,No,Bank transfer (automatic),76.93,255.18,No
C02544,Female,0,No,No,7,Yes,No,Fiber optic,No,Yes,No,Yes,No,No,One year,No,Bank transfer (automatic),74.82,869.73,No
C02545,Male,0,Yes,No,29,Yes,Yes,Fiber optic,Yes,No,Yes,No,Yes,Yes,Month-to-month,Yes,Bank transfer (automatic),59.74,2119.21,Yes
C02546,Female,0,Yes,No,16,Yes,No,Fiber optic,No,No,Yes,Yes,Yes,Yes,Month-to-month,Yes,Mailed check,71.15,953.75,No
C02547,Male,1,Yes,Yes,6,Yes,No,DSL,Yes,No,No,Yes,Yes,No,One year,Yes,Bank transfer (automatic),22.97,124.86,No
C02548,Female,0,Yes,No,49,Yes,No,No,No internet service,No internet service,No internet service,No internet service,No internet service,No internet service,Month-to-month,No,Mailed check,27.52,1366.17,No
C02549,Male,0,Yes,No,7,Yes,No,DSL,No,Yes,Yes,No,No,No,Two year,Yes,Bank transfer (automatic),54.31,430.41,No
C02550,Female,0,No,No,12,Yes,No,No,No internet service,No internet service,No internet service,No internet service,No internet service,No internet service,Month-to-month,Yes,Electronic check,36.73,335.68,Yes
C02551,Male,0,No,No,2,Yes,No,Fiber optic,No,No,No,No,Yes,No,Month-to-month,Yes,Mailed check,65.09,231.02,Yes
C02552,Male,0,Yes,No,38,No,No phone service,Fiber optic,Yes,No,No,Yes,No,No,One year,No,Electronic check,53.82,1979.08,No
C02553,Female,0,No,No,10,Yes,No,Fiber optic,No,No,Yes,Yes,Yes,Yes,Month-to-month,Yes,Credit card (automatic),57.8,611.97,Yes
C02554,Male,0,No,Yes,8,Yes,No,Fiber optic,No,Yes,No,No,No,Yes,One year,Yes,Credit card (automatic),69.7,774.44,Yes
C02555,Female,1,No,No,11,Yes,No,Fiber optic,Yes,No,No,No,No,No,Two year,Yes,Mailed check,94.71,920.88,No
C02556,Female,0,Yes,No,66,Yes,Yes,Fiber optic,No,No,Yes,No,Yes,No,Month-to-month,Yes,Mailed check,48.59,3203.41,No
C02557,Male,0,No,No,23,Yes,No,DSL,No,No,Yes,Yes,No,Yes,Month-to-month,Yes,Mailed check,47.14,1424.91,Yes
C02558,Female,0,No,No,5,Yes,No,DSL,No,Yes,No,No,No,No,Month-to-month,Yes,Electronic check,19.82,18.0,Yes
C02559,Female,0,No,No,47,Yes,No,DSL,Yes,No,No,No,No,Yes,One year,Yes,Electronic check,37.35,2003.24,No
C02560,Female,0,Yes,No,7,Yes,Yes,DSL,No,Yes,No,Yes,No,Yes,Two year,Yes,Credit card (automatic),30.45,142.76,No
C02561,Female,0,Yes,Yes,17,Yes,Yes,DSL,No,No,No,Yes,Yes,Yes,Two year,No,Electronic check,37.43,643.77,No
C02562,Female,0,No,No,26,Yes,Yes,No,No internet service,No internet service,No internet service,No internet service,No internet service,No internet service,Month-to-month,Yes,Credit card (automatic),28.99,741.48,No
C02563,Male,0,Yes,No,28,Yes,No,Fiber optic,Yes,Yes,No,No,No,Yes,Month-to-month,No,Electronic check,66.36,1998.02,No
C02564,Female,0,No,No,2,Yes,Yes,Fiber optic,Yes,No,Yes,Yes,No,Yes,Two year,Yes,Bank transfer (automatic),43.46,18.0,No
C02565,Female,0,No,No,58,Yes,No,Fiber optic,No,Yes,Yes,Yes,Yes,No,Month-to-month,No,Electronic check,62.09,3719.53,Yes
C02566,Female,0,Yes,Yes,20,Yes,No,No,No internet service,No internet service,No internet service,No internet service,No internet service,No internet service,Month-to-month,Yes,Bank transfer (automatic),19.56,497.01,No
C02567,Female,0,No,No,72,Yes,Yes,Fiber optic,No,No,No,No,Yes,Yes,Month-to-month,No,Bank transfer (automatic),73.08,5536.47,No
C02568,Female,0,Yes,No,40,Yes,No,Fiber optic,No,Yes,No,No,Yes,Yes,Two year,No,Credit card (automatic),72.38,3035.58,No
C02569,Male,0,Yes,Yes,72,Yes,No,DSL,No,Yes,No,Yes,Yes,No,Month-to-month,Yes,Electronic check,33.12,2061.22,No
C02570,Female,0,No,Yes,19,Yes,Yes,Fiber optic,No,No,Yes,Yes,Yes,No,Month-to-month,No,Bank transfer (automatic),76.33,1620.87,Yes
C02571,Male,0,No,No,4,Yes,No,Fiber optic,No,No,No,Yes,No,Yes,Two year,Yes,Electronic check,52.34,643.6,No
C02572,Male,1,Yes,No,41,Yes,Yes,DSL,No,No,No,Yes,No,No,Two year,No,Credit card (automatic),59.31,2355.45,No
C02573,Male,1,No,No,48,No,No phone service,Fiber optic,Yes,No,No,Yes,Yes,No,Month-to-month,Yes,Mailed check,46.94,2298.59,No
C02574,Male,0,Yes,No,61,Yes,No,Fiber optic,Yes,Yes,Yes,No,Yes,No,Month-to-month,Yes,Electronic check,89.98,5604.11,No
C02575,Female,0,Yes,No,11,Yes,No,DSL,No,Yes,No,No,No,Yes,One year,No,Bank transfer (automatic),64.78,367.6,No
C02576,Male,0,Yes,No,22,Yes,No,Fiber optic,Yes,Yes,Yes,No,No,Yes,Month-to-month,Yes,Mailed check,38.87,570.64,No
C02577,Male,0,Yes,No,62,No,No phone service,Fiber optic,Yes,Yes,No,Yes,No,Yes,One year,Yes,Electronic check,71.87,4643.62,No
C02578,Female,0,No,No,64,Yes,No,Fiber optic,Yes,Yes,No,No,No,Yes,Two year,No,Mailed check,67.95,4051.7,No
C02579,Female,0,No,No,1,Yes,No,DSL,No,No,No,Yes,No,No,Month-to-month,Yes,Credit card (automatic),60.86,167.45,Yes
C02580,Female,0,No,Yes,35,Yes,No,Fiber optic,No,Yes,Yes,Yes,No,No,Two year,No,Electronic check,67.76,2415.53,No
C02581,Male,0,No,No,29,Yes,No,Fiber optic,No,No,No,No,No,Yes,Two year,Yes,Credit card (automatic),92.44,3090.76,No
C02582,Female,0,Yes,No,2,Yes,Yes,Fiber optic,No,No,Yes,No,Yes,Yes,Month-to-month,No,Credit card (automatic),83.05,193.72,Yes
C02583,Female,0,Yes,No,72,Yes,No,No,No internet service,No internet service,No internet service,No internet service,No internet service,No internet service,Two year,No,Mailed check,18.0,1115.93,No
C02584,Male,0,No,Yes,18,Yes,No,DSL,No,No,No,Yes,No,Yes,Month-to-month,Yes,Mailed check,53.83,1065.1,No
C02585,Female,0,No,No,35,Yes,No,DSL,No,No,No,Yes,No,No,Two year,Yes,Mailed check,49.15,1519.42,No
C02586,Female,0,No,Yes,68,Yes,No,DSL,No,Yes,Yes,No,Yes,No,One year,Yes,Bank transfer (automatic),52.94,3731.72,No
C02587,Female,0,Yes,No,4,Yes,No,Fiber optic,No,No,Yes,No,No,No,Month-to-month,No,Electronic check,71.61,455.74,Yes
C02588,Female,0,Yes,No,61,Yes,No,DSL,Yes,No,Yes,Yes,Yes,No,Month-to-month,Yes,Electronic check,58.08,3470.93,No
C02589,Male,0,Yes,No,41,Yes,Yes,Fiber optic,No,Yes,No,No,Yes,Yes,Month-to-month,Yes,Mailed check,73.85,3124.92,No
C02590,Female,0,Yes,Yes,58,Yes,Yes,No,No internet service,No internet service,No internet service,No internet service,No internet service,No internet service,Month-to-month,Yes,Mailed check,26.0,1679.03,No
C02591,Female,0,Yes,No,21,Yes,No,DSL,No,No,No,No,No,No,Two year,Yes,Bank transfer (automatic),44.11,840.38,No
C02592,Male,0,No,No,1,Yes,No,No,No internet service,No internet service,No internet service,No internet service,No internet service,No internet service,Month-to-month,No,Electronic check,18.0,18.0,Yes
C02593,Female,1,Yes,No,35,Yes,Yes,Fiber optic,Yes,No,Yes,No,No,Yes,Two year,Yes,Bank transfer (automatic),57.17,1764.75,No
C02594,Male,0,No,No,15,Yes,No,DSL,No,No,No,Yes,Yes,No,Month-to-month,Yes,Electronic check,53.51,991.95,Yes
C02595,Female,0,No,No,16,Yes,No,Fiber optic,Yes,No,No,No,Yes,No,Month-to-month,No,Mailed check,70.22,948.01,Yes
C02596,Male,0,Yes,No,18,No,No phone service,DSL,Yes,Yes,No,Yes,No,No,Month-to-month,No,Electronic check,34.85,512.03,No
C02597,Male,0,No,No,21,Yes,No,Fiber optic,No,Yes,No,Yes,No,No,One year,No,Credit card (automatic),71.81,1315.57,No
C02598,Male,0,Yes,No,34,Yes,Yes,No,No internet service,No internet service,No internet service,No internet service,No internet service,No internet service,Month-to-month,Yes,Mailed check,27.42,880.6,No
C02599,Male,0,No,Yes,41,Yes,Yes,No,No internet service,No internet service,No internet service,No internet service,No internet service,No internet service,Month-to-month,No,Electronic check,21.93,939.24,No
C02600,Female,0,No,No,47,Yes,No,DSL,Yes,No,Yes,No,No,No,Two year,Yes,Electronic check,18.52,825.56,No
C02601,Male,0,No,No,35,Yes,Yes,DSL,Yes,No,No,No,Yes,No,Two year,No,Credit card (automatic),36.04,753.92,No
C02602,Female,0,No,No,52,Yes,No,No,No internet service,No internet service,No internet service,No internet service,No internet service,No internet service,Month-to-month,Yes,Credit card (automatic),44.67,2263.33,No
C02603,Male,1,Yes,Yes,4,Yes,No,No,No internet service,No internet service,No internet service,No internet service,No internet service,No internet service,Month-to-month,Yes,Bank transfer (automatic),33.28,198.14,Yes
C02604,Male,0,No,No,58,Yes,No,Fiber optic,Yes,No,Yes,No,Yes,No,Month-to-month,No,Bank transfer (automatic),59.03,3420.78,Yes
C02605,Male,0,No,No,15,Yes,No,Fiber optic,No,No,No,Yes,Yes,No,One year,No,Electronic check,67.49,805.56,No
C02606,Female,0,No,No,24,Yes,Yes,Fiber optic,Yes,No,No,No,Yes,No,One year,Yes,Bank transfer (automatic),66.43,1660.96,No
C02607,Male,0,No,No,18,Yes,No,Fiber optic,No,No,Yes,No,No,Yes,Month-to-month,Yes,Electronic check,35.04,736.8,Yes
C02608,Female,0,No,Yes,20,Yes,No,No,No internet service,No internet service,No internet service,No internet service,No internet service,No internet service,One year,Yes,Credit card (automatic),48.45,848.34,No
C02609,Female,0,No,Yes,10,Yes,Yes,DSL,Yes,No,No,No,Yes,No,One year,No,Mailed check,47.74,683.39,No
C02610,Female,1,Yes,No,5,Yes,Yes,Fiber optic,No,No,No,No,Yes,No,Two year,No,Credit card (automatic),79.77,90.67,Yes
C02611,Female,0,Yes,No,3,Yes,No,Fiber optic,No,No,Yes,Yes,No,No,Two year,Yes,Mailed check,105.63,158.66,No
C02612,Female,0,No,Yes,19,Yes,No,No,No internet service,No internet service,No internet service,No internet service,No internet service,No internet service,Two year,Yes,Electronic check,45.86,836.57,No
C02613,Female,0,No,Yes,4,Yes,No,No,No internet service,No internet service,No internet service,No internet service,No internet service,No internet service,Month-to-month,No,Credit card (automatic),27.03,149.79,No
C02614,Female,0,No,No,8,Yes,Yes,DSL,No,No,No,Yes,No,Yes,One year,No,Credit card (automatic),51.12,362.79,No
C02615,Female,0,Yes,Yes,4,Yes,No,No,No internet service,No internet service,No internet service,No internet service,No internet service,No internet service,One year,No,Electronic check,42.61,18.0,No
C02616,Female,0,Yes,No,3,Yes,Yes,No,No internet service,No internet service,No internet service,No internet service,No internet service,No internet service,Two year,Yes,Electronic check,18.0,39.15,No
C02617,Male,1,No,No,68,Yes,No,DSL,No,Yes,No,No,No,No,Month-to-month,Yes,Electronic check,39.29,2983.33,No
C02618,Male,0,No,No,35,Yes,No,No,No internet service,No internet service,No internet service,No internet service,No internet service,No internet service,Month-to-month,Yes,Bank transfer (automatic),18.0,729.48,No
C02619,Male,0,No,Yes,72,Yes,Yes,Fiber optic,No,No,No,No,Yes,Yes,Month-to-month,No,Electronic check,81.17,5850.25,Yes
C02620,Male,1,Yes,No,33,Yes,Yes,Fiber optic,Yes,No,No,Yes,Yes,Yes,One year,Yes,Credit card (automatic),70.49,1911.22,No
C02621,Male,0,Yes,Yes,59,Yes,No,No,No internet service,No internet service,No internet service,No internet service,No internet service,No internet service,Month-to-month,Yes,Credit card (automatic),40.81,2349.56,No
C02622,Female,0,Yes,No,25,Yes,Yes,No,No internet service,No internet service,No internet service,No internet service,No internet service,No internet service,Month-to-month,No,Bank transfer (automatic),28.93,901.37,No
C02623,Female,0,Yes,Yes,19,Yes,No,DSL,Yes,Yes,Yes,Yes,Yes,No,Month-to-month,Yes,Credit card (automatic),37.56,688.28,No
C02624,Female,0,No,No,24,Yes,Yes,No,No internet service,No internet service,No internet service,No internet service,No internet service,No internet service,Two year,No,Electronic check,37.65,949.26,No
C02625,Female,0,Yes,No,12,Yes,No,DSL,Yes,No,No,Yes,No,No,Month-to-month,Yes,Electronic check,47.58,885.94,Yes
C02626,Female,0,Yes,No,34,Yes,Yes,Fiber optic,Yes,No,No,No,No,No,Month-to-month,Yes,Mailed check,73.55,2481.15,Yes
C02627,Female,1,Yes,No,72,Yes,No,DSL,No,Yes,No,No,Yes,No,Two year,No,Credit card (automatic),60.7,4152.67,No
C02628,Female,0,Yes,No,48,Yes,No,DSL,No,Yes,No,Yes,Yes,Yes,Month-to-month,Yes,Bank transfer (automatic),35.7,1455.17,No
C02629,Male,0,No,No,19,Yes,Yes,No,No internet service,No internet service,No internet service,No internet service,No internet service,No internet service,Month-to-month,Yes,Bank transfer (automatic),20.66,367.48,No
C02630,Male,0,Yes,No,72,Yes,Yes,Fiber optic,Yes,No,No,Yes,No,Yes,One year,Yes,Credit card (automatic),58.06,4608.22,No
C02631,Male,0,Yes,No,72,Yes,No,Fiber optic,Yes,Yes,Yes,Yes,Yes,Yes,Month-to-month,Yes,Bank transfer (automatic),78.7,5616.55,No
C02632,Male,0,No,No,21,No,No phone service,DSL,No,Yes,No,No,Yes,No,One year,No,Mailed check,48.6,623.28,No
C02633,Female,0,Yes,Yes,63,Yes,Yes,Fiber optic,Yes,No,No,Yes,No,No,Month-to-month,Yes,Bank transfer (automatic),74.79,4541.25,No
C02634,Female,0,No,Yes,1,Yes,Yes,Fiber optic,No,No,No,No,Yes,Yes,One year,Yes,Bank transfer (automatic),70.24,18.0,Yes
C02635,Female,0,Yes,No,2,Yes,Yes,Fiber optic,No,No,No,No,No,No,Month-to-month,Yes,Credit card (automatic),72.6,179.57,Yes
C02636,Male,1,No,No,1,Yes,No,DSL,Yes,No,No,No,No,Yes,Month-to-month,No,Bank transfer (automatic),18.0,279.22,Yes
C02637,Female,0,Yes,Yes,47,No,No phone service,DSL,Yes,Yes,No,No,No,No,Month-to-month,No,Electronic check,39.7,1511.8,No
C02638,Female,0,Yes,Yes,2,Yes,No,No,No internet service,No internet service,No internet service,No internet service,No internet service,No internet service,Month-to-month,No,Electronic check,21.7,18.0,No
C02639,Female,1,No,No,1,Yes,No,DSL,No,Yes,Yes,Yes,Yes,No,Two year,Yes,Mailed check,39.2,163.03,No
C02640,Male,0,Yes,Yes,5,Yes,Yes,Fiber optic,Yes,Yes,Yes,No,No,No,Month-to-month,No,Bank transfer (automatic),69.4,436.2,Yes
C02641,Female,0,No,Yes,11,Yes,Yes,DSL,Yes,No,Yes,Yes,No,Yes,Month-to-month,Yes,Bank transfer (automatic),54.93,780.52,No
C02642,Male,1,Yes,No,19,Yes,No,DSL,No,Yes,Yes,Yes,No,No,Two year,No,Bank transfer (automatic),60.33,1206.01,No
C02643,Male,0,No,No,2,Yes,No,DSL,Yes,No,No,Yes,Yes,Yes,Month-to-month,No,Electronic check,27.36,422.12,Yes
C02644,Male,0,No,Yes,22,No,No phone service,No,No internet service,No internet service,No internet service,No internet service,No internet service,No internet service,Month-to-month,Yes,Credit card (automatic),35.0,725.06,No
C02645,Male,0,Yes,No,9,No,No phone service,No,No internet service,No internet service,No internet service,No internet service,No internet service,No internet service,Month-to-month,No,Electronic check,34.9,456.88,Yes
C02646,Female,0,Yes,No,10,Yes,Yes,Fiber optic,No,Yes,No,Yes,Yes,Yes,Month-to-month,No,Bank transfer (automatic),85.41,685.44,Yes
C02647,Male,0,No,No,55,Yes,No,Fiber optic,Yes,No,Yes,Yes,No,No,Month-to-month,Yes,Electronic check,82.24,4638.36,No
C02648,Male,0,No,Yes,72,Yes,Yes,Fiber optic,No,No,No,No,Yes,Yes,Month-to-month,No,Bank transfer (automatic),93.64,6848.4,No
C02649,Female,0,Yes,No,19,Yes,No,DSL,Yes,No,No,Yes,No,Yes,Month-to-month,No,Mailed check,34.67,677.85,Yes
C02650,Female,0,No,No,12,Yes,No,Fiber optic,Yes,No,No,No,Yes,No,Month-to-month,No,Electronic check,66.05,828.48,Yes
C02651,Male,0,Yes,No,72,Yes,No,Fiber optic,Yes,No,Yes,No,Yes,No,Month-to-month,Yes,Electronic check,66.49,5008.15,No
C02652,Female,0,Yes,No,22,Yes,Yes,Fiber optic,No,No,No,No,Yes,No,One year,No,Mailed check,62.52,1120.97,Yes
C02653,Male,1,No,No,41,Yes,No,Fiber optic,No,No,No,Yes,Yes,No,Month-to-month,Yes,Mailed check,81.12,3670.69,Yes
C02654,Male,0,No,No,17,Yes,Yes,Fiber optic,No,Yes,No,No,Yes,Yes,One year,No,Mailed check,81.75,1444.11,No
C02655,Male,1,No,No,7,Yes,Yes,No,No internet service,No internet service,No internet service,No internet service,No internet service,No internet service,Two year,Yes,Bank transfer (automatic),27.94,265.87,No
C02656,Male,0,Yes,No,34,No,No phone service,DSL,No,No,Yes,No,No,Yes,Month-to-month,No,Bank transfer (automatic),38.42,972.95,Yes
C02657,Female,0,Yes,No,34,Yes,No,DSL,No,Yes,No,No,Yes,Yes,Month-to-month,No,Credit card (automatic),59.47,2214.73,Yes
C02658,Male,0,No,No,19,Yes,No,No,No internet service,No internet service,No internet service,No internet service,No internet service,No internet service,One year,Yes,Electronic check,18.0,152.37,No
C02659,Female,0,Yes,No,10,Yes,Yes,DSL,Yes,No,No,No,No,Yes,Month-to-month,Yes,Electronic check,19.92,95.21,No
C02660,Female,0,Yes,No,57,Yes,No,Fiber optic,Yes,No,Yes,No,Yes,No,Month-to-month,Yes,Electronic check,52.25,3075.43,No
C02661,Female,0,Yes,Yes,10,Yes,Yes,Fiber optic,Yes,Yes,No,No,Yes,No,Month-to-month,No,Electronic check,86.51,876.56,Yes
C02662,Female,0,No,Yes,34,Yes,Yes,DSL,No,No,No,Yes,Yes,No,Month-to-month,Yes,Electronic check,45.68,1664.48,No
C02663,Male,0,Yes,No,15,Yes,No,DSL,Yes,Yes,No,No,No,Yes,Month-to-month,Yes,Mailed check,37.92,501.84,Yes
C02664,Female,0,Yes,No,20,Yes,Yes,Fiber optic,Yes,No,No,No,No,No,One year,Yes,Electronic check,101.64,2136.92,No
C02665,Male,0,No,Yes,7,Yes,Yes,DSL,No,No,No,No,Yes,Yes,Month-to-month,Yes,Mailed check,55.09,729.67,Yes
C02666,Female,0,No,No,33,Yes,Yes,No,No internet service,No internet service,No internet service,No internet service,No internet service,No internet service,Month-to-month,No,Bank transfer (automatic),41.88,1481.35,No
C02667,Female,0,Yes,Yes,8,Yes,Yes,Fiber optic,No,Yes,Yes,No,No,No,Two year,No,Bank transfer (automatic),51.21,205.84,Yes
C02668,Male,0,No,No,21,Yes,No,DSL,Yes,No,Yes,No,No,No,Month-to-month,Yes,Mailed check,56.26,832.05,No
C02669,Male,0,Yes,Yes,12,Yes,No,DSL,Yes,Yes,No,No,No,No,Month-to-month,Yes,Credit card (automatic),36.14,284.09,No
C02670,Male,0,Yes,No,72,No,No phone service,No,No internet service,No internet service,No internet service,No internet service,No internet service,No internet service,Month-to-month,Yes,Electronic check,36.28,2612.16,No
C02671,Female,1,No,No,72,Yes,Yes,Fiber optic,Yes,No,No,Yes,No,No,Month-to-month,Yes,Credit card (automatic),48.72,3144.99,No
C02672,Female,0,Yes,No,44,Yes,No,Fiber optic,Yes,No,No,Yes,No,Yes,Month-to-month,Yes,Electronic check,55.77,2717.03,No
C02673,Male,0,Yes,Yes,72,Yes,No,DSL,Yes,Yes,No,No,No,No,Two year,Yes,Mailed check,62.19,4296.79,No
C02674,Male,0,No,No,3,Yes,No,Fiber optic,Yes,No,No,Yes,No,Yes,Month-to-month,Yes,Electronic check,50.11,306.26,Yes
C02675,Male,1,No,No,72,Yes,No,No,No internet service,No internet service,No internet service,No internet service,No internet service,No internet service,Month-to-month,No,Credit card (automatic),42.09,3131.58,No
C02676,Male,0,No,No,3,Yes,No,Fiber optic,No,No,Yes,No,No,Yes,Two year,Yes,Bank transfer (automatic),91.98,18.0,Yes
C02677,Female,1,Yes,No,17,Yes,Yes,DSL,Yes,No,No,Yes,Yes,No,Month-to-month,No,Bank transfer (automatic),48.28,739.99,No
C02678,Male,0,Yes,No,8,Yes,No,No,No internet service,No internet service,No internet service,No internet service,No internet service,No internet service,Month-to-month,No,Credit card (automatic),18.0,42.45,No
C02679,Male,0,Yes,Yes,72,Yes,Yes,DSL,No,Yes,Yes,Yes,Yes,Yes,Month-to-month,Yes,Bank transfer (automatic),56.78,4420.26,No
C02680,Male,1,Yes,Yes,32,Yes,Yes,Fiber optic,No,Yes,Yes,No,No,Yes,One year,Yes,Credit card (automatic),83.63,2558.73,No
C02681,Male,0,Yes,No,29,Yes,Yes,No,No internet service,No internet service,No internet service,No internet service,No internet service,No internet service,One year,No,Mailed check,28.97,1191.68,No
C02682,Female,0,No,No,72,Yes,No,No,No internet service,No internet service,No internet service,No internet service,No internet service,No internet service,Two year,Yes,Bank transfer (automatic),18.0,1570.32,No
C02683,Male,0,Yes,No,30,Yes,Yes,Fiber optic,No,No,No,No,No,Yes,Two year,Yes,Electronic check,64.95,1911.17,No
C02684,Female,1,Yes,No,33,Yes,No,No,No internet service,No internet service,No internet service,No internet service,No internet service,No internet service,Month-to-month,Yes,Electronic check,18.98,726.32,No
C02685,Male,0,No,No,1,Yes,Yes,Fiber optic,Yes,No,Yes,No,Yes,Yes,Month-to-month,No,Mailed check,67.15,18.0,Yes
C02686,Male,0,Yes,Yes,62,Yes,No,DSL,No,No,Yes,No,No,Yes,Two year,No,Electronic check,53.57,2991.59,No
C02687,Female,0,No,No,72,Yes,Yes,Fiber optic,No,No,No,Yes,No,No,Two year,Yes,Mailed check,50.75,3835.69,No
C02688,Male,0,Yes,No,72,Yes,No,Fiber optic,Yes,Yes,No,Yes,Yes,No,Month-to-month,No,Mailed check,56.97,4076.98,No
C02689,Female,1,No,No,7,Yes,No,Fiber optic,Yes,Yes,No,No,Yes,No,One year,Yes,Electronic check,68.96,433.77,Yes
C02690,Female,0,No,No,8,No,No phone service,DSL,No,No,No,No,No,Yes,Month-to-month,Yes,Credit card (automatic),20.59,379.51,Yes
C02691,Male,0,No,Yes,14,Yes,No,No,No internet service,No internet service,No internet service,No internet service,No internet service,No internet service,Month-to-month,Yes,Credit card (automatic),18.0,240.47,No
C02692,Female,1,Yes,Yes,11,Yes,Yes,DSL,Yes,No,No,Yes,No,No,Month-to-month,No,Electronic check,52.96,885.31,Yes
C02693,Female,0,No,No,11,Yes,No,Fiber optic,No,Yes,No,No,Yes,No,One year,Yes,Mailed check,96.98,1043.45,Yes
C02694,Female,0,Yes,No,29,Yes,No,No,No internet service,No internet service,No internet service,No internet service,No internet service,No internet service,Month-to-month,Yes,Bank transfer (automatic),44.0,1300.18,No
C02695,Female,0,Yes,No,52,Yes,Yes,Fiber optic,Yes,No,No,No,No,Yes,One year,No,Mailed check,72.61,3996.37,No
C02696,Female,0,Yes,No,72,Yes,No,DSL,Yes,No,Yes,No,Yes,No,Month-to-month,Yes,Credit card (automatic),52.91,3671.4,No
C02697,Female,0,Yes,No,2,Yes,Yes,No,No internet service,No internet service,No internet service,No internet service,No internet service,No internet service,Two year,Yes,Credit card (automatic),18.0,160.14,No
C02698,Female,0,Yes,No,10,Yes,No,DSL,No,Yes,No,No,Yes,No,Month-to-month,No,Electronic check,44.87,475.18,No
C02699,Female,0,Yes,No,9,Yes,No,DSL,No,Yes,Yes,Yes,No,No,Month-to-month,No,Mailed check,24.29,217.3,Yes
C02700,Male,0,Yes,No,14,Yes,No,DSL,Yes,Yes,No,No,Yes,No,Month-to-month,No,Mailed check,59.82,1065.35,Yes
C02701,Male,0,No,No,17,Yes,No,Fiber optic,Yes,No,No,No,No,No,One year,No,Electronic check,85.93,1628.15,No
C02702,Female,0,Yes,No,15,No,No phone service,No,No internet service,No internet service,No internet service,No internet service,No internet service,No internet service,Month-to-month,No,Credit card (automatic),18.0,276.19,No
C02703,Male,0,No,No,72,Yes,No,DSL,Yes,No,Yes,No,Yes,No,Month-to-month,No,Electronic check,40.23,2859.0,No
C02704,Female,0,No,No,18,Yes,No,No,No internet service,No internet service,No internet service,No internet service,No internet service,No internet service,Two year,No,Electronic check,19.11,543.38,No
C02705,Female,1,Yes,No,25,Yes,No,DSL,No,Yes,No,Yes,No,No,Month-to-month,Yes,Electronic check,41.18,1148.88,Yes
C02706,Male,0,No,Yes,44,Yes,No,DSL,No,No,Yes,No,Yes,Yes,Month-to-month,Yes,Mailed check,20.92,814.65,No
C02707,Female,0,No,No,41,Yes,No,Fiber optic,No,No,No,Yes,Yes,No,Two year,No,Mailed check,81.1,3356.81,No
C02708,Female,0,Yes,No,27,Yes,No,No,No internet service,No internet service,No internet service,No internet service,No internet service,No internet service,One year,Yes,Credit card (automatic),26.21,929.94,No
C02709,Female,0,Yes,No,63,Yes,Yes,Fiber optic,Yes,No,Yes,Yes,No,Yes,Month-to-month,No,Electronic check,75.6,4792.59,No
C02710,Female,0,No,Yes,31,Yes,Yes,DSL,No,No,No,No,No,No,Two year,Yes,Credit card (automatic),25.73,676.32,No
C02711,Male,0,No,No,66,Yes,No,Fiber optic,No,Yes,Yes,Yes,Yes,No,One year,No,Mailed check,36.03,2310.65,No
C02712,Female,0,No,No,11,Yes,No,Fiber optic,Yes,Yes,No,Yes,No,No,One year,No,Electronic check,64.54,912.07,Yes
C02713,Female,1,Yes,No,4,Yes,Yes,DSL,No,Yes,No,No,No,No,Month-to-month,Yes,Credit card (automatic),39.88,128.36,Yes
C02714,Female,0,No,No,54,No,No phone service,DSL,No,No,Yes,Yes,No,No,One year,No,Credit card (automatic),37.89,1829.16,No
C02715,Male,0,Yes,No,15,Yes,No,DSL,Yes,Yes,Yes,No,No,No,Month-to-month,Yes,Bank transfer (automatic),23.54,592.58,No
C02716,Female,0,Yes,No,33,Yes,No,Fiber optic,No,No,No,No,No,No,Month-to-month,Yes,Electronic check,71.21,2421.89,Yes
C02717,Male,0,Yes,Yes,42,No,No phone service,Fiber optic,Yes,No,No,No,No,Yes,Month-to-month,No,Bank transfer (automatic),74.56,3182.53,No
C02718,Male,0,Yes,No,12,Yes,Yes,DSL,No,No,No,No,No,No,Month-to-month,No,Electronic check,23.79,453.55,No
C02719,Female,0,No,No,22,Yes,Yes,DSL,Yes,Yes,No,No,Yes,No,Two year,Yes,Electronic check,39.2,548.53,No
C02720,Female,0,No,Yes,72,Yes,No,DSL,Yes,Yes,No,No,No,No,Two year,No,Bank transfer (automatic),54.27,4183.3,No
C02721,Male,0,No,No,67,No,No phone service,Fiber optic,Yes,Yes,No,Yes,Yes,Yes,One year,Yes,Electronic check,88.36,5846.73,No
C02722,Female,0,Yes,No,44,Yes,No,DSL,No,No,Yes,No,No,Yes,Month-to-month,Yes,Electronic check,70.51,2858.66,No
C02723,Male,0,No,No,46,Yes,No,DSL,Yes,Yes,No,No,No,No,Month-to-month,No,Mailed check,23.36,1500.72,No
C02724,Male,0,No,No,72,No,No phone service,DSL,No,No,No,No,No,No,One year,Yes,Electronic check,71.41,5158.67,No
C02725,Female,0,Yes,No,42,Yes,No,Fiber optic,No,No,No,Yes,No,No,Month-to-month,Yes,Mailed check,95.49,4253.38,No
C02726,Female,0,No,No,13,Yes,Yes,Fiber optic,No,No,Yes,No,No,No,One year,Yes,Bank transfer (automatic),69.21,645.37,No
C02727,Male,0,No,Yes,4,Yes,No,Fiber optic,No,No,No,Yes,Yes,No,Two year,No,Electronic check,104.24,607.4,No
C02728,Male,0,No,No,17,Yes,Yes,DSL,Yes,No,No,No,No,Yes,Two year,No,Mailed check,35.89,131.09,No
C02729,Male,1,Yes,No,2,Yes,Yes,Fiber optic,Yes,No,Yes,Yes,Yes,No,Two year,Yes,Electronic check,92.33,187.4,No
C02730,Male,0,No,No,3,Yes,No,DSL,No,Yes,No,Yes,No,Yes,Two year,No,Mailed check,40.71,358.6,No
C02731,Female,0,No,No,72,Yes,No,DSL,No,No,Yes,No,Yes,Yes,Month-to-month,Yes,Credit card (automatic),36.07,2600.99,No
C02732,Female,0,Yes,Yes,36,Yes,No,No,No internet service,No internet service,No internet service,No internet service,No internet service,No internet service,Month-to-month,No,Mailed check,18.0,755.71,No
C02733,Female,0,No,No,61,Yes,No,Fiber optic,No,Yes,No,No,No,Yes,One year,Yes,Electronic check,54.45,3223.39,No
C02734,Female,0,Yes,No,32,Yes,Yes,Fiber optic,Yes,No,No,Yes,Yes,No,One year,Yes,Electronic check,54.72,1773.32,No
C02735,Female,1,No,Yes,17,Yes,No,No,No internet service,No internet service,No internet service,No internet service,No internet service,No internet service,Month-to-month,Yes,Mailed check,19.1,18.0,No
C02736,Male,0,No,No,1,No,No phone service,No,No internet service,No internet service,No internet service,No internet service,No internet service,No internet service,Month-to-month,No,Electronic check,28.92,18.0,Yes
C02737,Female,1,No,Yes,72,Yes,No,Fiber optic,No,Yes,No,No,No,No,One year,Yes,Electronic check,95.39,6817.19,No
C02738,Female,1,No,No,2,Yes,No,DSL,No,No,Yes,Yes,Yes,Yes,Month-to-month,Yes,Bank transfer (automatic),51.55,143.01,Yes
C02739,Female,0,Yes,Yes,30,Yes,Yes,Fiber optic,No,No,Yes,Yes,No,Yes,One year,No,Electronic check,56.99,1314.48,No
C02740,Female,0,Yes,Yes,3,Yes,Yes,Fiber optic,No,Yes,No,No,No,Yes,Month-to-month,Yes,Electronic check,82.57,482.14,Yes
C02741,Female,0,No,Yes,10,Yes,No,DSL,Yes,No,No,No,Yes,No,Month-to-month,Yes,Bank transfer (automatic),49.73,507.27,No
C02742,Male,0,Yes,No,6,Yes,Yes,DSL,No,No,No,Yes,Yes,Yes,One year,No,Credit card (automatic),52.38,242.4,No
C02743,Male,1,Yes,No,25,Yes,No,Fiber optic,No,No,No,No,No,No,One year,Yes,Credit card (automatic),50.49,1521.46,No
C02744,Male,0,Yes,Yes,69,Yes,Yes,DSL,No,No,No,No,Yes,No,One year,No,Bank transfer (automatic),39.51,2727.89,No
C02745,Female,1,Yes,No,32,Yes,No,DSL,No,No,No,Yes,No,No,Month-to-month,Yes,Electronic check,53.72,1807.08,Yes
C02746,Male,0,No,Yes,34,No,No phone service,Fiber optic,Yes,No,No,No,Yes,No,Month-to-month,Yes,Credit card (automatic),58.49,1951.44,Yes
C02747,Male,1,No,Yes,72,Yes,No,No,No internet service,No internet service,No internet service,No internet service,No internet service,No internet service,Month-to-month,Yes,Bank transfer (automatic),18.0,1021.59,No
C02748,Female,1,Yes,No,44,Yes,No,DSL,No,No,No,Yes,Yes,No,Two year,Yes,Credit card (automatic),55.42,2296.85,No
C02749,Female,0,Yes,Yes,64,Yes,Yes,DSL,Yes,No,Yes,Yes,Yes,Yes,Two year,Yes,Electronic check,53.87,3523.67,No
C02750,Female,0,Yes,No,17,Yes,No,No,No internet service,No internet service,No internet service,No internet service,No internet service,No internet service,One year,No,Mailed check,26.27,490.08,No
C02751,Male,0,Yes,No,64,Yes,Yes,DSL,No,No,No,No,Yes,No,Month-to-month,Yes,Mailed check,43.85,2585.52,No
C02752,Male,0,Yes,Yes,33,Yes,No,Fiber optic,Yes,No,Yes,Yes,No,Yes,Month-to-month,Yes,Bank transfer (automatic),91.85,3051.64,No
C02753,Female,1,Yes,No,4,Yes,Yes,Fiber optic,No,No,Yes,Yes,Yes,No,Two year,No,Electronic check,57.64,164.37,Yes
C02754,Female,0,No,No,1,Yes,No,DSL,Yes,No,No,No,No,Yes,Month-to-month,Yes,Mailed check,24.11,643.7,Yes
C02755,Male,0,No,No,8,Yes,Yes,Fiber optic,No,Yes,Yes,No,No,Yes,Month-to-month,Yes,Credit card (automatic),53.64,508.02,Yes
C02756,Male,0,Yes,Yes,15,Yes,Yes,No,No internet service,No internet service,No internet service,No internet service,No internet service,No internet service,One year,Yes,Bank transfer (automatic),35.31,466.94,No
C02757,Female,1,No,No,58,Yes,No,Fiber optic,Yes,Yes,No,No,No,Yes,Two year,No,Bank transfer (automatic),73.63,4452.14,No
C02758,Female,0,No,No,43,Yes,No,No,No internet service,No internet service,No internet service,No internet service,No internet service,No internet service,One year,No,Electronic check,41.73,1791.4,No
C02759,Male,0,Yes,Yes,72,Yes,Yes,DSL,No,No,Yes,Yes,No,No,Month-to-month,Yes,Electronic check,73.94,5245.9,No
C02760,Female,0,Yes,No,26,Yes,No,No,No internet service,No internet service,No internet service,No internet service,No internet service,No internet service,One year,No,Bank transfer (automatic),29.88,482.43,No
C02761,Male,0,No,Yes,44,Yes,No,DSL,No,Yes,No,Yes,No,No,One year,Yes,Mailed check,45.1,1871.95,No
C02762,Male,0,Yes,No,10,Yes,Yes,DSL,Yes,No,No,Yes,No,No,One year,No,Credit card (automatic),39.47,380.66,No
C02763,Male,0,No,No,36,Yes,No,DSL,No,No,Yes,No,No,Yes,Month-to-month,Yes,Credit card (automatic),63.66,2253.64,No
C02764,Male,0,No,Yes,39,Yes,No,No,No internet service,No internet service,No internet service,No internet service,No internet service,No internet service,One year,No,Bank transfer (automatic),18.0,1070.01,No
C02765,Female,0,Yes,Yes,60,Yes,No,Fiber optic,Yes,No,Yes,No,Yes,Yes,Month-to-month,Yes,Electronic check,67.59,4212.33,No
C02766,Female,0,No,No,24,No,No phone service,Fiber optic,No,No,Yes,Yes,No,No,Month-to-month,Yes,Electronic check,72.74,1996.76,Yes
C02767,Male,0,No,No,33,Yes,No,Fiber optic,No,No,No,No,No,No,Month-to-month,No,Mailed check,68.74,2357.04,Yes
C02768,Male,0,Yes,No,7,Yes,Yes,No,No internet service,No internet service,No internet service,No internet service,No internet service,No internet service,Month-to-month,Yes,Electronic check,30.91,241.24,Yes
C02769,Male,0,Yes,No,42,Yes,Yes,No,No internet service,No internet service,No internet service,No internet service,No internet service,No internet service,One year,Yes,Bank transfer (automatic),20.01,905.69,No
C02770,Male,1,No,Yes,58,Yes,No,Fiber optic,No,Yes,Yes,Yes,Yes,No,Month-to-month,Yes,Electronic check,25.48,1417.94,No
C02771,Male,0,No,No,28,Yes,Yes,Fiber optic,Yes,No,No,No,Yes,No,Month-to-month,Yes,Credit card (automatic),48.39,1333.98,Yes
C02772,Female,1,No,Yes,3,Yes,Yes,DSL,No,Yes,No,Yes,Yes,No,One year,Yes,Credit card (automatic),32.95,428.16,No
C02773,Female,0,No,No,12,Yes,No,DSL,Yes,No,Yes,No,No,No,Month-to-month,No,Bank transfer (automatic),56.46,540.44,Yes
C02774,Female,0,Yes,No,20,Yes,No,DSL,No,Yes,Yes,No,No,No,Two year,No,Electronic check,30.93,465.7,No
C02775,Female,0,Yes,Yes,36,Yes,Yes,DSL,Yes,No,Yes,No,No,No,Month-to-month,Yes,Electronic check,64.98,2326.78,Yes
C02776,Male,0,Yes,Yes,12,Yes,No,DSL,No,No,Yes,Yes,No,No,Month-to-month,No,Electronic check,50.02,402.35,No
C02777,Male,0,Yes,Yes,58,No,No phone service,Fiber optic,No,Yes,No,No,No,No,Two year,Yes,Electronic check,65.57,3890.59,No
C02778,Male,0,No,Yes,14,Yes,No,No,No internet service,No internet service,No internet service,No internet service,No internet service,No internet service,Two year,No,Electronic check,24.98,401.73,No
C02779,Male,0,No,No,1,Yes,Yes,No,No internet service,No internet service,No internet service,No internet service,No internet service,No internet service,Two year,Yes,Bank transfer (automatic),20.3,279.04,No
C02780,Male,0,No,No,50,No,No phone service,Fiber optic,Yes,Yes,Yes,Yes,Yes,No,Month-to-month,Yes,Bank transfer (automatic),84.15,4350.62,No
C02781,Female,0,No,No,33,Yes,Yes,DSL,No,No,No,Yes,Yes,No,Two year,Yes,Electronic check,74.44,2455.21,No
C02782,Male,0,Yes,No,51,Yes,No,DSL,Yes,No,No,Yes,No,Yes,Month-to-month,Yes,Bank transfer (automatic),43.14,2214.97,No
C02783,Female,0,Yes,No,13,Yes,No,No,No internet service,No internet service,No internet service,No internet service,No internet service,No internet service,Month-to-month,No,Electronic check,19.65,388.25,No
C02784,Female,0,Yes,No,1,No,No phone service,DSL,No,No,No,Yes,No,No,Month-to-month,Yes,Electronic check,53.52,18.0,Yes
C02785,Female,0,No,Yes,2,Yes,No,DSL,Yes,No,No,No,Yes,Yes,One year,Yes,Bank transfer (automatic),50.88,18.0,No
C02786,Female,0,Yes,Yes,3,Yes,No,DSL,Yes,No,No,No,No,No,One year,Yes,Credit card (automatic),33.86,18.0,No
C02787,Male,0,No,No,52,Yes,No,DSL,No,No,Yes,Yes,No,No,Month-to-month,No,Bank transfer (automatic),66.83,3186.38,No
C02788,Female,1,No,No,11,Yes,No,DSL,No,Yes,No,Yes,Yes,Yes,One year,Yes,Electronic check,42.86,367.89,No
C02789,Female,1,Yes,Yes,72,Yes,No,Fiber optic,No,Yes,No,No,No,No,Month-to-month,No,Electronic check,64.32,4263.14,Yes
C02790,Female,0,Yes,Yes,45,No,No phone service,Fiber optic,No,No,No,Yes,Yes,No,Two year,Yes,Bank transfer (automatic),46.12,1887.35,No
C02791,Male,0,No,No,29,Yes,No,Fiber optic,No,Yes,No,Yes,No,Yes,Month-to-month,No,Credit card (automatic),82.94,2523.3,Yes
C02792,Male,0,Yes,No,72,No,No phone service,Fiber optic,No,Yes,Yes,No,No,No,One year,Yes,Credit card (automatic),69.61,4911.04,No
C02793,Male,0,No,No,12,Yes,No,DSL,No,No,No,No,No,No,Month-to-month,Yes,Bank transfer (automatic),67.31,1068.06,Yes
C02794,Female,0,No,Yes,5,Yes,Yes,DSL,No,Yes,Yes,No,No,No,Month-to-month,No,Mailed check,45.99,216.64,No
C02795,Female,0,Yes,No,42,Yes,No,Fiber optic,Yes,Yes,No,Yes,Yes,Yes,One year,Yes,Electronic check,62.41,2741.96,No
C02796,Male,0,Yes,No,10,Yes,Yes,DSL,No,Yes,No,Yes,Yes,Yes,Month-to-month,Yes,Electronic check,31.79,788.6,Yes
C02797,Female,0,Yes,Yes,72,No,No phone service,DSL,No,Yes,No,Yes,No,No,Two year,No,Electronic check,42.97,2824.48,No
C02798,Male,0,No,No,72,No,No phone service,No,No internet service,No internet service,No internet service,No internet service,No internet service,No internet service,Month-to-month,Yes,Mailed check,40.83,2652.63,No
C02799,Male,0,Yes,Yes,72,Yes,No,Fiber optic,Yes,No,No,No,Yes,Yes,Two year,No,Bank transfer (automatic),65.93,4607.77,No
C02800,Female,0,No,No,72,Yes,No,DSL,No,Yes,Yes,No,Yes,No,Month-to-month,Yes,Electronic check,40.83,2681.52,No
C02801,Female,0,No,No,30,Yes,Yes,No,No internet service,No internet service,No internet service,No internet service,No internet service,No internet service,One year,No,Credit card (automatic),18.0,621.09,No
C02802,Female,0,No,No,37,Yes,No,Fiber optic,Yes,No,No,No,Yes,No,Two year,Yes,Electronic check,69.43,2369.51,Yes
C02803,Female,0,Yes,No,3,Yes,No,No,No internet service,No internet service,No internet service,No internet service,No internet service,No internet service,Month-to-month,Yes,Bank transfer (automatic),23.22,103.07,Yes
C02804,Male,0,No,Yes,46,Yes,No,DSL,No,No,Yes,No,Yes,Yes,One year,No,Mailed check,45.23,2057.53,No
C02805,Male,0,No,No,7,Yes,No,DSL,Yes,Yes,No,No,No,No,Month-to-month,No,Bank transfer (automatic),64.33,765.38,Yes
C02806,Male,0,No,No,58,Yes,No,DSL,No,Yes,No,No,Yes,Yes,Month-to-month,Yes,Credit card (automatic),42.06,2353.97,No
C02807,Male,1,No,No,72,Yes,No,No,No internet service,No internet service,No internet service,No internet service,No internet service,No internet service,Month-to-month,Yes,Bank transfer (automatic),18.1,1142.63,No
C02808,Male,0,No,Yes,7,Yes,No,DSL,Yes,No,Yes,Yes,Yes,No,Month-to-month,No,Bank transfer (automatic),43.47,450.13,Yes
C02809,Female,1,No,No,2,Yes,Yes,DSL,No,No,No,No,Yes,Yes,Two year,Yes,Electronic check,70.16,390.58,Yes
C02810,Male,0,Yes,No,21,Yes,Yes,Fiber optic,No,No,Yes,Yes,No,Yes,One year,Yes,Electronic check,76.51,1916.73,Yes
C02811,Male,0,No,No,50,Yes,No,Fiber optic,No,Yes,Yes,Yes,Yes,No,Two year,Yes,Bank transfer (automatic),55.68,2903.89,No
C02812,Male,0,Yes,No,47,Yes,Yes,No,No internet service,No internet service,No internet service,No internet service,No internet service,No internet service,Month-to-month,Yes,Credit card (automatic),18.0,1033.67,No
C02813,Female,0,No,No,38,Yes,Yes,No,No internet service,No internet service,No internet service,No internet service,No internet service,No internet service,Month-to-month,Yes,Mailed check,18.0,762.16,No
C02814,Female,0,No,No,54,Yes,Yes,Fiber optic,Yes,No,Yes,No,No,Yes,Two year,No,Credit card (automatic),72.8,3961.22,No
C02815,Female,0,Yes,Yes,6,Yes,Yes,Fiber optic,No,No,Yes,Yes,No,Yes,Two year,Yes,Credit card (automatic),38.77,518.27,No
C02816,Female,0,No,No,33,Yes,Yes,Fiber optic,No,No,No,Yes,No,No,Two year,No,Electronic check,85.55,3181.38,Yes
C02817,Male,1,No,No,29,Yes,Yes,Fiber optic,No,Yes,Yes,No,Yes,Yes,One year,Yes,Mailed check,91.87,2597.74,Yes
C02818,Male,0,Yes,No,5,Yes,Yes,Fiber optic,Yes,No,No,No,No,No,Month-to-month,No,Bank transfer (automatic),50.09,188.75,Yes
C02819,Female,0,No,No,17,Yes,No,DSL,No,Yes,No,No,Yes,No,Two year,Yes,Mailed check,37.39,794.39,No
C02820,Female,0,Yes,No,61,Yes,Yes,DSL,No,No,No,Yes,No,No,Month-to-month,Yes,Electronic check,50.98,3203.55,No
C02821,Male,0,No,No,72,Yes,Yes,Fiber optic,No,Yes,Yes,No,Yes,No,One year,Yes,Credit card (automatic),57.28,4474.13,No
C02822,Male,0,No,No,35,Yes,No,No,No internet service,No internet service,No internet service,No internet service,No internet service,No internet service,Month-to-month,Yes,Bank transfer (automatic),18.0,718.03,Yes
C02823,Female,0,No,Yes,72,Yes,No,No,No internet service,No internet service,No internet service,No internet service,No internet service,No internet service,Month-to-month,Yes,Bank transfer (automatic),53.3,3952.65,No
C02824,Female,1,No,No,4,Yes,Yes,Fiber optic,No,Yes,Yes,No,Yes,No,Two year,Yes,Bank transfer (automatic),49.91,18.0,No
C02825,Female,0,No,No,72,Yes,Yes,DSL,No,Yes,No,No,Yes,No,One year,No,Credit card (automatic),32.36,2247.53,No
C02826,Female,0,Yes,No,1,Yes,Yes,No,No internet service,No internet service,No internet service,No internet service,No internet service,No internet service,Month-to-month,Yes,Bank transfer (automatic),23.21,200.5,Yes
C02827,Male,0,Yes,No,23,Yes,No,DSL,No,Yes,No,Yes,No,No,Month-to-month,No,Electronic check,56.47,1196.78,Yes
C02828,Male,1,No,No,11,Yes,No,Fiber optic,No,No,No,No,No,Yes,Month-to-month,No,Credit card (automatic),81.4,1021.28,Yes
C02829,Male,0,No,No,53,Yes,Yes,No,No internet service,No internet service,No internet service,No internet service,No internet service,No internet service,One year,Yes,Electronic check,18.0,780.58,No
C02830,Female,0,No,No,7,Yes,No,DSL,No,No,Yes,Yes,Yes,No,Two year,Yes,Credit card (automatic),56.44,364.94,No
C02831,Female,0,No,No,1,Yes,Yes,No,No internet service,No internet service,No internet service,No internet service,No internet service,No internet service,Month-to-month,Yes,Mailed check,18.0,375.84,Yes
C02832,Male,0,No,No,17,Yes,Yes,DSL,Yes,No,No,Yes,No,No,Month-to-month,Yes,Credit card (automatic),18.0,193.87,No
C02833,Male,0,Yes,No,2,Yes,No,No,No internet service,No internet service,No internet service,No internet service,No internet service,No internet service,One year,No,Mailed check,47.64,55.25,No
C02834,Male,0,No,Yes,10,Yes,No,Fiber optic,No,Yes,No,Yes,Yes,Yes,Two year,No,Bank transfer (automatic),82.9,1087.88,No
C02835,Male,1,Yes,No,33,Yes,No,Fiber optic,Yes,No,No,Yes,No,Yes,Two year,No,Mailed check,75.37,2288.21,No
C02836,Female,1,Yes,No,11,Yes,Yes,Fiber optic,No,Yes,Yes,Yes,No,Yes,One year,Yes,Bank transfer (automatic),94.73,1266.14,No
C02837,Male,0,No,Yes,9,No,No phone service,Fiber optic,No,Yes,No,Yes,No,Yes,Month-to-month,Yes,Credit card (automatic),57.3,736.49,Yes
C02838,Male,0,No,Yes,5,No,No phone service,Fiber optic,Yes,No,No,No,No,Yes,Month-to-month,Yes,Credit card (automatic),49.25,523.07,Yes
C02839,Male,1,Yes,Yes,4,Yes,Yes,Fiber optic,No,No,No,No,Yes,Yes,Month-to-month,No,Electronic check,49.6,340.38,Yes
C02840,Male,1,No,No,23,Yes,No,Fiber optic,No,Yes,Yes,No,Yes,Yes,Two year,No,Credit card (automatic),72.6,1412.65,Yes
C02841,Male,0,No,No,36,Yes,No,No,No internet service,No internet service,No internet service,No internet service,No internet service,No internet service,Month-to-month,Yes,Mailed check,38.29,1819.75,No
C02842,Male,0,No,Yes,19,Yes,Yes,DSL,No,Yes,No,No,No,No,Month-to-month,Yes,Bank transfer (automatic),25.47,738.57,No
C02843,Male,0,No,No,4,Yes,No,DSL,Yes,No,No,No,Yes,Yes,Month-to-month,Yes,Electronic check,38.76,464.25,Yes
C02844,Female,0,Yes,Yes,33,Yes,No,No,No internet service,No internet service,No internet service,No internet service,No internet service,No internet service,Month-to-month,Yes,Bank transfer (automatic),27.96,413.22,No
C02845,Female,0,No,Yes,26,Yes,No,Fiber optic,No,No,No,No,No,Yes,Month-to-month,No,Credit card (automatic),88.12,2160.64,Yes
C02846,Female,0,No,No,15,Yes,Yes,DSL,No,No,No,No,Yes,No,Two year,No,Electronic check,37.6,830.16,No
C02847,Female,0,No,No,12,Yes,No,Fiber optic,No,Yes,No,No,Yes,No,Two year,Yes,Mailed check,95.44,1053.95,No
C02848,Male,1,No,No,6,Yes,No,Fiber optic,No,No,Yes,Yes,Yes,Yes,Month-to-month,No,Credit card (automatic),86.55,576.26,Yes
C02849,Female,0,Yes,No,5,Yes,Yes,Fiber optic,No,Yes,Yes,Yes,No,Yes,Month-to-month,No,Electronic check,55.85,246.09,Yes
C02850,Female,0,Yes,No,13,Yes,No,DSL,No,No,No,Yes,No,No,Month-to-month,No,Credit card (automatic),48.75,1167.02,No
C02851,Male,0,No,No,1,Yes,No,No,No internet service,No internet service,No internet service,No internet service,No internet service,No internet service,Month-to-month,No,Electronic check,18.0,18.0,No
C02852,Male,0,No,No,18,Yes,No,Fiber optic,Yes,Yes,Yes,Yes,No,No,One year,No,Mailed check,63.66,1494.71,No
C02853,Female,0,No,Yes,29,No,No phone service,Fiber optic,No,Yes,No,No,Yes,No,Two year,No,Bank transfer (automatic),94.94,2937.01,No
C02854,Female,0,Yes,No,72,Yes,Yes,No,No internet service,No internet service,No internet service,No internet service,No internet service,No internet service,Month-to-month,No,Mailed check,19.95,1541.91,No
C02855,Male,0,Yes,No,31,Yes,Yes,DSL,No,Yes,No,Yes,Yes,Yes,Month-to-month,Yes,Mailed check,57.47,1632.03,No
C02856,Female,1,Yes,No,31,Yes,No,Fiber optic,No,No,Yes,No,No,No,Two year,No,Bank transfer (automatic),78.81,2137.11,Yes
C02857,Male,0,No,No,15,Yes,No,No,No internet service,No internet service,No internet service,No internet service,No internet service,No internet service,Two year,Yes,Credit card (automatic),47.61,522.35,No
C02858,Male,0,Yes,No,4,No,No phone service,DSL,Yes,No,Yes,Yes,No,No,Two year,Yes,Bank transfer (automatic),40.18,21.33,No
C02859,Male,0,No,Yes,18,Yes,Yes,Fiber optic,No,Yes,Yes,Yes,No,No,Two year,Yes,Bank transfer (automatic),72.05,1347.74,Yes
C02860,Male,0,Yes,No,29,Yes,No,No,No internet service,No internet service,No internet service,No internet service,No internet service,No internet service,Two year,Yes,Bank transfer (automatic),24.61,721.93,No
C02861,Female,0,No,No,41,Yes,Yes,Fiber optic,No,Yes,Yes,Yes,Yes,No,Month-to-month,No,Mailed check,44.56,1702.3,No
C02862,Male,1,Yes,Yes,55,Yes,Yes,Fiber optic,No,Yes,No,Yes,Yes,No,Month-to-month,Yes,Electronic check,37.45,2155.69,No
C02863,Male,0,Yes,No,9,Yes,No,Fiber optic,No,No,No,No,No,No,One year,No,Credit card (automatic),64.04,600.19,No
C02864,Female,0,No,No,8,Yes,No,Fiber optic,No,No,Yes,No,No,Yes,Two year,No,Electronic check,99.16,575.48,No
C02865,Male,1,No,Yes,26,Yes,No,Fiber optic,No,Yes,Yes,Yes,No,No,Month-to-month,Yes,Bank transfer (automatic),44.15,1427.95,Yes
C02866,Female,0,Yes,No,26,Yes,Yes,No,No internet service,No internet service,No internet service,No internet service,No internet service,No internet service,One year,No,Bank transfer (automatic),38.74,774.01,No
C02867,Female,0,No,No,7,Yes,No,Fiber optic,No,No,No,Yes,No,Yes,Month-to-month,Yes,Bank transfer (automatic),70.63,198.36,Yes
C02868,Female,0,Yes,No,28,Yes,Yes,Fiber optic,No,No,No,No,Yes,Yes,Two year,Yes,Credit card (automatic),21.29,830.43,No
C02869,Male,0,Yes,No,13,Yes,No,Fiber optic,No,Yes,Yes,No,Yes,No,Month-to-month,No,Mailed check,78.51,1600.07,Yes
C02870,Female,0,Yes,Yes,32,Yes,No,Fiber optic,Yes,No,Yes,Yes,Yes,No,Month-to-month,Yes,Electronic check,49.78,1867.56,No
C02871,Female,0,Yes,No,11,No,No phone service,Fiber optic,No,Yes,No,No,No,No,Two year,No,Credit card (automatic),84.01,1135.93,No
C02872,Male,0,No,No,28,Yes,No,No,No internet service,No internet service,No internet service,No internet service,No internet service,No internet service,Month-to-month,No,Credit card (automatic),18.0,621.5,No
C02873,Female,0,Yes,No,46,Yes,Yes,DSL,Yes,No,No,No,Yes,Yes,Month-to-month,No,Bank transfer (automatic),42.33,2021.56,No
C02874,Female,0,No,No,72,Yes,No,DSL,No,Yes,No,Yes,No,Yes,Month-to-month,No,Credit card (automatic),51.12,3867.88,No
C02875,Female,1,Yes,Yes,72,Yes,No,Fiber optic,Yes,No,No,No,No,Yes,Month-to-month,Yes,Credit card (automatic),63.26,4731.89,No
C02876,Female,0,No,No,22,Yes,No,No,No internet service,No internet service,No internet service,No internet service,No internet service,No internet service,Two year,Yes,Credit card (automatic),18.0,347.32,No
C02877,Female,1,Yes,Yes,21,No,No phone service,No,No internet service,No internet service,No internet service,No internet service,No internet service,No internet service,One year,Yes,Electronic check,25.54,383.83,No
C02878,Male,0,Yes,Yes,18,Yes,Yes,Fiber optic,No,No,Yes,No,No,No,Two year,No,Bank transfer (automatic),76.41,1442.77,No
C02879,Female,0,Yes,Yes,1,Yes,No,Fiber optic,Yes,No,No,Yes,No,No,Month-to-month,Yes,Electronic check,68.53,18.0,Yes
C02880,Female,0,No,No,5,Yes,No,Fiber optic,Yes,No,No,No,Yes,Yes,Two year,No,Electronic check,53.33,302.61,Yes
C02881,Male,0,No,No,1,Yes,Yes,Fiber optic,No,No,No,No,Yes,Yes,Two year,Yes,Electronic check,60.33,18.0,Yes
C02882,Male,1,No,No,38,Yes,No,DSL,No,No,No,No,No,No,Month-to-month,No,Bank transfer (automatic),79.49,3098.37,Yes
C02883,Male,0,Yes,No,17,Yes,No,Fiber optic,No,No,No,Yes,Yes,No,Two year,Yes,Credit card (automatic),60.08,761.44,No
C02884,Female,0,No,No,2,Yes,No,DSL,Yes,No,Yes,No,No,Yes,Two year,No,Bank transfer (automatic),59.17,81.59,No
C02885,Male,0,No,Yes,37,Yes,No,Fiber optic,Yes,Yes,No,No,No,Yes,One year,No,Bank transfer (automatic),58.85,2441.62,No
C02886,Female,0,Yes,No,33,Yes,No,DSL,No,No,No,Yes,No,Yes,Month-to-month,No,Electronic check,55.34,2093.88,Yes
C02887,Female,0,Yes,No,40,Yes,Yes,Fiber optic,No,No,Yes,No,Yes,No,Month-to-month,No,Electronic check,72.55,2840.18,Yes
C02888,Male,0,No,Yes,29,Yes,No,Fiber optic,No,Yes,No,No,Yes,Yes,One year,Yes,Mailed check,87.19,2374.49,No
C02889,Male,0,No,No,5,Yes,No,DSL,No,No,Yes,No,Yes,No,One year,Yes,Mailed check,26.2,230.4,No
C02890,Female,0,Yes,No,2,Yes,Yes,Fiber optic,Yes,Yes,Yes,Yes,Yes,No,One year,Yes,Bank transfer (automatic),114.42,110.83,Yes
C02891,Male,0,No,No,54,Yes,Yes,DSL,Yes,No,No,No,No,Yes,Month-to-month,Yes,Mailed check,40.58,2584.32,No
C02892,Female,0,No,No,7,Yes,No,DSL,Yes,No,Yes,No,No,No,One year,Yes,Mailed check,18.0,139.17,No
C02893,Male,0,No,No,25,Yes,No,Fiber optic,Yes,No,No,Yes,Yes,No,Month-to-month,Yes,Credit card (automatic),71.06,1560.09,Yes
C02894,Male,1,Yes,Yes,21,Yes,No,No,No internet service,No internet service,No internet service,No internet service,No internet service,No internet service,Month-to-month,Yes,Credit card (automatic),18.0,475.88,No
C02895,Male,0,No,Yes,72,Yes,No,No,No internet service,No internet service,No internet service,No internet service,No internet service,No internet service,Month-to-month,Yes,Credit card (automatic),20.28,1621.79,No
C02896,Female,0,Yes,No,25,Yes,Yes,No,No internet service,No internet service,No internet service,No internet service,No internet service,No internet service,One year,No,Electronic check,18.0,207.12,No
C02897,Male,0,Yes,Yes,27,Yes,No,DSL,No,Yes,No,No,No,No,Two year,Yes,Electronic check,39.72,1071.65,No
C02898,Female,0,No,No,12,Yes,No,Fiber optic,No,No,No,No,No,No,Month-to-month,No,Electronic check,84.2,892.42,Yes
C02899,Female,1,Yes,No,72,Yes,Yes,DSL,Yes,Yes,No,No,No,Yes,Two year,Yes,Credit card (automatic),36.51,2416.22,No
C02900,Female,0,Yes,No,30,Yes,Yes,DSL,No,Yes,No,Yes,No,Yes,Month-to-month,Yes,Mailed check,21.15,704.26,No
C02901,Female,0,Yes,Yes,1,Yes,Yes,No,No internet service,No internet service,No internet service,No internet service,No internet service,No internet service,One year,Yes,Bank transfer (automatic),21.79,490.64,No
C02902,Male,0,Yes,Yes,25,Yes,No,Fiber optic,No,No,No,No,No,No,Month-to-month,Yes,Electronic check,62.23,1565.92,Yes
C02903,Female,0,Yes,No,14,Yes,No,Fiber optic,Yes,Yes,Yes,No,No,No,Month-to-month,No,Bank transfer (automatic),77.85,1282.43,Yes
C02904,Female,0,Yes,No,1,Yes,No,Fiber optic,No,No,No,No,No,No,Month-to-month,Yes,Bank transfer (automatic),68.57,161.16,Yes
C02905,Male,0,No,No,18,Yes,No,DSL,No,No,No,Yes,No,No,Month-to-month,No,Bank transfer (automatic),53.04,1049.09,No
C02906,Female,0,Yes,No,47,Yes,Yes,DSL,Yes,No,Yes,No,No,Yes,Two year,No,Electronic check,45.67,2138.82,No
C02907,Male,0,No,No,22,No,No phone service,Fiber optic,Yes,Yes,Yes,No,No,Yes,One year,No,Electronic check,50.92,1145.62,No
C02908,Female,0,Yes,No,32,Yes,Yes,DSL,No,No,No,Yes,Yes,No,Month-to-month,Yes,Bank transfer (automatic),47.45,1616.7,No
C02909,Male,0,Yes,Yes,32,No,No phone service,Fiber optic,No,No,No,No,No,No,Two year,Yes,Bank transfer (automatic),61.11,1409.15,No
C02910,Female,0,No,No,35,Yes,Yes,Fiber optic,Yes,No,No,No,Yes,No,One year,No,Mailed check,65.69,2246.55,No
C02911,Male,0,Yes,No,15,No,No phone service,DSL,Yes,Yes,No,No,No,No,Month-to-month,No,Mailed check,51.69,827.28,No
C02912,Female,0,No,No,14,Yes,Yes,No,No internet service,No internet service,No internet service,No internet service,No internet service,No internet service,Month-to-month,No,Electronic check,18.76,18.0,No
C02913,Female,0,No,Yes,1,Yes,Yes,Fiber optic,No,No,No,No,No,Yes,Two year,Yes,Mailed check,56.15,18.0,Yes
C02914,Male,0,Yes,No,5,Yes,No,Fiber optic,Yes,No,No,No,Yes,Yes,One year,No,Electronic check,45.66,439.29,No
C02915,Male,0,No,No,72,Yes,Yes,DSL,Yes,No,No,Yes,Yes,No,One year,Yes,Credit card (automatic),55.52,3590.59,No
C02916,Male,1,Yes,No,59,No,No phone service,Fiber optic,No,Yes,No,Yes,Yes,Yes,One year,No,Electronic check,86.71,5104.91,No
C02917,Male,1,No,Yes,10,Yes,Yes,DSL,No,Yes,No,Yes,No,Yes,Two year,Yes,Credit card (automatic),23.83,111.07,No
C02918,Female,0,No,No,16,Yes,No,Fiber optic,No,Yes,Yes,No,No,Yes,Month-to-month,Yes,Electronic check,69.12,707.94,Yes
C02919,Female,0,No,No,72,Yes,No,Fiber optic,No,Yes,No,No,No,Yes,One year,Yes,Electronic check,75.59,5715.63,No
C02920,Male,0,Yes,No,9,Yes,No,DSL,No,Yes,No,No,Yes,No,Two year,No,Bank transfer (automatic),60.93,348.32,No
C02921,Female,0,Yes,Yes,24,Yes,No,No,No internet service,No internet service,No internet service,No internet service,No internet service,No internet service,One year,Yes,Bank transfer (automatic),18.0,812.57,No
C02922,Male,0,Yes,Yes,1,Yes,No,Fiber optic,No,No,No,Yes,Yes,No,Month-to-month,Yes,Credit card (automatic),46.1,18.0,No
C02923,Male,0,Yes,Yes,30,Yes,Yes,Fiber optic,No,Yes,No,No,No,Yes,Month-to-month,Yes,Bank transfer (automatic),54.64,1527.08,Yes
C02924,Female,1,No,No,72,Yes,Yes,DSL,Yes,No,No,No,Yes,No,Two year,No,Bank transfer (automatic),36.27,2684.7,No
C02925,Female,0,No,No,69,No,No phone service,No,No internet service,No internet service,No internet service,No internet service,No internet service,No internet service,Two year,Yes,Electronic check,19.35,812.82,No
C02926,Female,0,Yes,Yes,22,Yes,No,DSL,No,No,No,No,No,No,Month-to-month,Yes,Credit card (automatic),18.0,294.86,No
C02927,Female,0,No,Yes,33,Yes,Yes,DSL,Yes,No,Yes,No,No,No,Month-to-month,No,Bank transfer (automatic),54.87,1702.11,Yes
C02928,Female,0,No,No,26,Yes,Yes,DSL,Yes,Yes,No,Yes,No,Yes,Month-to-month,Yes,Electronic check,47.42,1078.24,Yes
C02929,Female,0,No,No,2,Yes,Yes,No,No internet service,No internet service,No internet service,No internet service,No internet service,No internet service,Month-to-month,No,Bank transfer (automatic),18.0,18.0,No
C02930,Female,0,Yes,No,5,Yes,No,DSL,Yes,Yes,No,Yes,No,Yes,One year,No,Credit card (automatic),44.33,172.35,No
C02931,Male,0,Yes,No,72,Yes,Yes,Fiber optic,Yes,No,No,No,No,Yes,Month-to-month,Yes,Mailed check,68.44,4874.63,No
C02932,Male,0,No,No,9,Yes,No,Fiber optic,No,Yes,No,No,No,No,Month-to-month,Yes,Electronic check,75.84,545.48,Yes
C02933,Male,0,No,Yes,15,Yes,Yes,No,No internet service,No internet service,No internet service,No internet service,No internet service,No internet service,Month-to-month,Yes,Credit card (automatic),20.27,224.1,Yes
C02934,Male,0,No,No,22,Yes,No,Fiber optic,No,No,Yes,No,Yes,No,One year,No,Credit card (automatic),40.57,796.0,No
C02935,Male,0,No,No,72,No,No phone service,Fiber optic,No,Yes,No,No,No,No,Month-to-month,No,Bank transfer (automatic),72.71,5139.78,No
C02936,Female,0,Yes,Yes,37,Yes,Yes,No,No internet service,No internet service,No internet service,No internet service,No internet service,No internet service,Month-to-month,No,Electronic check,18.0,843.67,No
C02937,Male,0,No,No,31,Yes,No,DSL,Yes,Yes,No,Yes,No,No,Month-to-month,Yes,Mailed check,46.07,1407.55,No
C02938,Male,1,Yes,No,23,Yes,No,No,No internet service,No internet service,No internet service,No internet service,No internet service,No internet service,Month-to-month,Yes,Mailed check,18.0,252.27,No
C02939,Male,0,No,Yes,38,Yes,No,DSL,No,Yes,No,No,Yes,Yes,One year,No,Bank transfer (automatic),49.54,2007.6,No
C02940,Male,1,No,Yes,34,No,No phone service,No,No internet service,No internet service,No internet service,No internet service,No internet service,No internet service,One year,Yes,Credit card (automatic),18.0,392.55,No
C02941,Male,1,No,No,72,Yes,Yes,DSL,Yes,Yes,Yes,Yes,No,No,Month-to-month,Yes,Electronic check,23.4,1750.38,No
C02942,Male,0,No,No,24,No,No phone service,Fiber optic,Yes,No,Yes,No,Yes,No,Month-to-month,Yes,Electronic check,31.02,573.19,Yes
C02943,Male,0,No,No,17,No,No phone service,DSL,Yes,No,Yes,Yes,No,No,Month-to-month,Yes,Electronic check,20.84,474.96,Yes
C02944,Female,1,Yes,No,52,Yes,Yes,DSL,No,Yes,Yes,No,No,Yes,Month-to-month,Yes,Bank transfer (automatic),42.18,1741.47,No
C02945,Female,0,Yes,No,51,Yes,No,Fiber optic,Yes,No,No,No,No,No,Two year,No,Mailed check,77.82,4159.74,No
C02946,Male,0,No,Yes,5,Yes,No,Fiber optic,No,No,No,No,No,Yes,Month-to-month,Yes,Mailed check,60.13,229.12,Yes
C02947,Female,1,Yes,Yes,8,Yes,Yes,No,No internet service,No internet service,No internet service,No internet service,No internet service,No internet service,Month-to-month,No,Mailed check,18.0,18.0,No
C02948,Female,0,Yes,Yes,72,Yes,Yes,DSL,Yes,Yes,No,No,No,Yes,Two year,Yes,Electronic check,58.29,3943.33,No
C02949,Female,0,Yes,No,18,No,No phone service,DSL,No,No,Yes,Yes,Yes,No,Month-to-month,Yes,Electronic check,36.33,185.15,No
C02950,Female,0,No,No,23,Yes,No,No,No internet service,No internet service,No internet service,No internet service,No internet service,No internet service,Month-to-month,Yes,Credit card (automatic),18.0,231.23,No
C02951,Male,0,Yes,No,11,Yes,Yes,Fiber optic,No,Yes,No,No,No,No,Month-to-month,Yes,Bank transfer (automatic),97.64,1107.82,Yes
C02952,Female,0,No,No,20,Yes,No,Fiber optic,No,Yes,No,Yes,No,No,One year,No,Bank transfer (automatic),74.16,1208.94,No
C02953,Female,0,No,No,43,Yes,No,Fiber optic,No,No,Yes,No,No,No,Month-to-month,No,Electronic check,86.13,3578.59,Yes
C02954,Female,0,No,Yes,21,Yes,Yes,DSL,Yes,No,No,No,No,No,Month-to-month,No,Electronic check,50.55,884.89,No
C02955,Male,0,Yes,No,12,Yes,No,Fiber optic,Yes,Yes,No,No,Yes,Yes,Month-to-month,No,Electronic check,58.39,561.81,Yes
C02956,Male,0,No,Yes,3,Yes,Yes,Fiber optic,No,No,No,Yes,Yes,No,One year,Yes,Credit card (automatic),83.2,375.84,Yes
C02957,Male,0,No,No,72,Yes,No,Fiber optic,No,No,No,No,No,Yes,One year,Yes,Electronic check,53.09,3935.1,No
C02958,Male,0,No,No,65,Yes,No,Fiber optic,Yes,Yes,Yes,Yes,Yes,No,Month-to-month,No,Electronic check,94.77,6254.85,No
C02959,Male,0,No,Yes,50,Yes,Yes,DSL,No,No,No,No,No,Yes,One year,No,Mailed check,46.56,2445.78,No
C02960,Male,0,No,No,37,Yes,No,No,No internet service,No internet service,No internet service,No internet service,No internet service,No internet service,Month-to-month,No,Electronic check,35.43,1401.75,No
C02961,Male,0,Yes,Yes,23,Yes,Yes,No,No internet service,No internet service,No internet service,No internet service,No internet service,No internet service,Month-to-month,No,Mailed check,19.33,407.62,No
C02962,Female,1,No,No,72,No,No phone service,No,No internet service,No internet service,No internet service,No internet service,No internet service,No internet service,Month-to-month,Yes,Bank transfer (automatic),18.0,1311.2,No
C02963,Female,0,Yes,Yes,50,Yes,No,DSL,Yes,No,No,No,No,No,Month-to-month,No,Credit card (automatic),30.83,1269.97,No
C02964,Female,0,Yes,No,54,Yes,Yes,DSL,No,Yes,Yes,Yes,Yes,Yes,Month-to-month,Yes,Bank transfer (automatic),48.34,2564.17,No
C02965,Male,0,No,No,11,Yes,Yes,Fiber optic,No,No,Yes,Yes,No,Yes,Two year,Yes,Mailed check,47.48,850.53,Yes
C02966,Male,0,Yes,No,17,Yes,Yes,Fiber optic,Yes,Yes,No,No,Yes,No,Two year,Yes,Bank transfer (automatic),85.36,1605.34,No
C02967,Male,0,Yes,No,39,Yes,Yes,Fiber optic,No,No,No,Yes,No,Yes,Month-to-month,No,Electronic check,55.36,2362.06,No
C02968,Male,0,No,Yes,14,Yes,No,DSL,No,No,No,Yes,No,Yes,Month-to-month,Yes,Credit card (automatic),46.41,630.99,No
C02969,Male,0,No,No,21,Yes,No,Fiber optic,Yes,No,No,Yes,No,Yes,Month-to-month,No,Mailed check,45.57,881.66,No
C02970,Female,0,Yes,No,33,Yes,No,Fiber optic,Yes,No,Yes,No,Yes,Yes,Month-to-month,Yes,Credit card (automatic),64.38,2031.62,Yes
C02971,Female,0,No,No,18,Yes,No,DSL,No,No,No,No,No,No,Month-to-month,Yes,Bank transfer (automatic),80.25,1266.27,Yes
C02972,Male,0,Yes,No,50,Yes,Yes,Fiber optic,No,No,No,Yes,No,No,Two year,Yes,Electronic check,68.31,3248.43,No
C02973,Male,0,Yes,Yes,3,Yes,Yes,Fiber optic,No,No,No,Yes,No,No,Two year,Yes,Electronic check,65.27,493.81,No
C02974,Male,1,Yes,No,40,No,No phone service,Fiber optic,Yes,Yes,No,No,Yes,No,One year,No,Mailed check,77.29,2944.8,Yes
C02975,Male,0,Yes,No,5,No,No phone service,DSL,No,No,Yes,No,No,Yes,Month-to-month,Yes,Bank transfer (automatic),57.17,59.09,Yes
C02976,Female,0,Yes,No,72,Yes,No,No,No internet service,No internet service,No internet service,No internet service,No internet service,No internet service,Month-to-month,Yes,Electronic check,18.15,1435.16,No
C02977,Male,0,Yes,No,12,Yes,Yes,DSL,Yes,No,No,Yes,Yes,No,Month-to-month,Yes,Electronic check,55.88,608.16,No
C02978,Male,1,No,Yes,50,Yes,No,No,No internet service,No internet service,No internet service,No internet service,No internet service,No internet service,Month-to-month,Yes,Bank transfer (automatic),18.0,1215.82,No
C02979,Male,0,No,No,23,Yes,Yes,No,No internet service,No internet service,No internet service,No internet service,No internet service,No internet service,Month-to-month,No,Electronic check,18.0,616.41,Yes
C02980,Male,1,No,Yes,3,Yes,No,DSL,No,Yes,Yes,No,No,Yes,One year,No,Mailed check,35.26,158.98,No
C02981,Female,1,No,No,27,Yes,Yes,Fiber optic,No,No,Yes,No,No,No,One year,Yes,Bank transfer (automatic),56.52,1455.74,Yes
C02982,Male,0,Yes,No,72,Yes,No,DSL,No,No,Yes,No,No,Yes,One year,No,Mailed check,26.31,1607.81,No
C02983,Male,0,No,Yes,5,Yes,Yes,Fiber optic,No,Yes,Yes,Yes,No,Yes,Month-to-month,Yes,Credit card (automatic),53.57,319.14,Yes
C02984,Female,0,No,No,12,Yes,Yes,No,No internet service,No internet service,No internet service,No internet service,No internet service,No internet service,Month-to-month,Yes,Credit card (automatic),40.9,419.5,No
C02985,Female,0,Yes,Yes,18,Yes,Yes,Fiber optic,Yes,No,No,No,No,No,Two year,Yes,Credit card (automatic),76.97,997.18,No
C02986,Female,0,Yes,No,10,Yes,Yes,DSL,Yes,No,Yes,Yes,No,Yes,One year,Yes,Credit card (automatic),34.64,448.3,No
C02987,Male,0,No,No,72,Yes,Yes,DSL,Yes,Yes,No,No,No,No,Two year,Yes,Credit card (automatic),48.03,3374.84,No
C02988,Male,1,No,No,15,Yes,Yes,DSL,Yes,Yes,No,No,Yes,No,Month-to-month,Yes,Electronic check,57.3,734.26,Yes
C02989,Female,0,No,No,34,Yes,No,Fiber optic,No,Yes,Yes,Yes,No,No,Two year,No,Mailed check,76.72,2526.51,No
C02990,Female,1,Yes,No,8,Yes,Yes,No,No internet service,No internet service,No internet service,No internet service,No internet service,No internet service,One year,Yes,Bank transfer (automatic),18.0,146.05,No
C02991,Female,0,Yes,Yes,7,No,No phone service,Fiber optic,Yes,Yes,No,Yes,No,No,Month-to-month,Yes,Bank transfer (automatic),107.81,834.94,Yes
C02992,Female,0,No,No,6,Yes,No,Fiber optic,No,Yes,Yes,No,No,Yes,Month-to-month,Yes,Electronic check,30.36,18.0,Yes
C02993,Female,1,No,Yes,18,Yes,No,DSL,No,No,Yes,Yes,No,No,Month-to-month,Yes,Mailed check,63.94,898.81,Yes
C02994,Female,0,Yes,No,24,Yes,No,Fiber optic,No,Yes,No,No,No,No,Month-to-month,No,Credit card (automatic),78.18,2306.53,No
C02995,Male,0,Yes,No,1,Yes,No,DSL,Yes,No,No,No,No,No,Month-to-month,Yes,Credit card (automatic),64.4,66.68,Yes
C02996,Male,0,No,No,57,No,No phone service,No,No internet service,No internet service,No internet service,No internet service,No internet service,No internet service,Month-to-month,Yes,Bank transfer (automatic),18.0,982.8,No
C02997,Male,0,No,Yes,23,No,No phone service,DSL,No,Yes,No,No,Yes,Yes,Month-to-month,Yes,Electronic check,38.41,841.26,Yes
C02998,Female,0,Yes,Yes,5,Yes,No,Fiber optic,Yes,Yes,No,No,Yes,No,Two year,Yes,Mailed check,49.35,406.57,No
C02999,Female,0,No,Yes,2,Yes,Yes,Fiber optic,No,Yes,Yes,No,No,Yes,Month-to-month,Yes,Electronic check,48.24,191.91,Yes
C03000,Female,0,No,No,2,No,No phone service,Fiber optic,No,No,No,No,Yes,No,Two year,Yes,Bank transfer (automatic),70.79,579.88,No
C03001,Female,1,No,Yes,9,Yes,No,DSL,No,Yes,No,Yes,No,Yes,Two year,Yes,Electronic check,46.9,654.22,No
C03002,Female,0,Yes,No,22,No,No phone service,Fiber optic,No,Yes,Yes,No,Yes,Yes,Month-to-month,Yes,Credit card (automatic),63.54,1381.37,No
C03003,Female,1,Yes,No,62,Yes,Yes,Fiber optic,Yes,No,No,No,No,Yes,Month-to-month,Yes,Electronic check,49.23,3207.97,No
C03004,Male,0,No,No,72,Yes,Yes,No,No internet service,No internet service,No internet service,No internet service,No internet service,No internet service,One year,No,Mailed check,18.0,1506.82,No
C03005,Male,0,Yes,No,57,Yes,Yes,Fiber optic,No,No,No,Yes,Yes,Yes,Two year,No,Bank transfer (automatic),58.73,2901.25,No
C03006,Female,0,No,No,12,Yes,No,DSL,Yes,No,No,No,Yes,No,Two year,No,Electronic check,24.87,198.77,Yes
C03007,Male,0,No,Yes,11,Yes,No,Fiber optic,No,Yes,No,No,Yes,No,One year,No,Credit card (automatic),88.19,1157.97,Yes
C03008,Female,1,Yes,No,72,Yes,No,Fiber optic,No,Yes,No,No,No,No,Two year,Yes,Credit card (automatic),71.38,5112.31,No
C03009,Male,0,No,No,36,Yes,Yes,No,No internet service,No internet service,No internet service,No internet service,No internet service,No internet service,Two year,No,Credit card (automatic),37.94,1286.7,No
C03010,Female,0,No,Yes,11,Yes,Yes,Fiber optic,No,Yes,Yes,Yes,Yes,Yes,Two year,Yes,Bank transfer (automatic),79.81,1006.59,No
C03011,Female,0,No,No,12,Yes,No,DSL,No,No,No,Yes,No,No,Month-to-month,Yes,Mailed check,47.09,781.38,No
C03012,Male,0,Yes,No,18,Yes,Yes,No,No internet service,No internet service,No internet service,No internet service,No internet service,No internet service,One year,Yes,Credit card (automatic),66.66,1230.36,No
C03013,Male,1,No,Yes,31,Yes,Yes,DSL,No,No,No,Yes,No,No,Month-to-month,Yes,Electronic check,51.87,1526.09,Yes
C03014,Female,1,Yes,Yes,72,Yes,Yes,DSL,No,No,No,Yes,No,No,Two year,Yes,Mailed check,57.9,4188.21,No
C03015,Female,0,No,Yes,7,Yes,Yes,DSL,No,No,No,No,No,Yes,Month-to-month,No,Electronic check,26.02,65.13,Yes
C03016,Male,0,No,No,2,Yes,No,No,No internet service,No internet service,No internet service,No internet service,No internet service,No internet service,Two year,Yes,Electronic check,47.59,350.94,No
C03017,Male,0,Yes,No,16,Yes,Yes,No,No internet service,No internet service,No internet service,No internet service,No internet service,No internet service,Month-to-month,Yes,Bank transfer (automatic),20.98,412.85,No
C03018,Female,0,No,Yes,9,Yes,No,DSL,No,No,Yes,Yes,No,No,Two year,Yes,Electronic check,40.33,117.37,Yes
C03019,Male,1,No,No,27,Yes,Yes,Fiber optic,No,No,Yes,Yes,Yes,No,Month-to-month,Yes,Mailed check,63.43,1353.27,Yes
C03020,Female,0,Yes,No,38,Yes,No,Fiber optic,Yes,Yes,No,Yes,No,No,Month-to-month,No,Credit card (automatic),66.69,2441.54,No
C03021,Female,0,Yes,No,11,Yes,No,Fiber optic,Yes,Yes,Yes,No,Yes,No,One year,Yes,Mailed check,89.58,629.46,No
C03022,Female,0,No,No,37,Yes,Yes,DSL,Yes,Yes,No,Yes,No,Yes,Month-to-month,Yes,Electronic check,70.17,2666.42,No
C03023,Female,1,Yes,Yes,13,Yes,Yes,DSL,Yes,Yes,No,Yes,No,Yes,Two year,Yes,Mailed check,33.06,437.24,No
C03024,Male,0,Yes,No,32,Yes,Yes,Fiber optic,No,Yes,Yes,No,No,No,Two year,No,Bank transfer (automatic),86.03,2672.16,No
C03025,Male,0,No,No,32,Yes,No,No,No internet service,No internet service,No internet service,No internet service,No internet service,No internet service,Month-to-month,No,Bank transfer (automatic),34.4,973.4,No
C03026,Male,0,No,No,10,Yes,No,DSL,Yes,No,Yes,No,Yes,No,One year,Yes,Electronic check,62.91,693.05,No
C03027,Male,0,No,Yes,32,Yes,No,DSL,No,Yes,No,Yes,No,Yes,Month-to-month,No,Electronic check,59.11,2151.79,Yes
C03028,Male,0,Yes,Yes,15,Yes,Yes,DSL,Yes,Yes,No,No,No,No,Month-to-month,No,Bank transfer (automatic),51.75,752.63,No
C03029,Male,0,Yes,No,13,Yes,No,Fiber optic,No,Yes,No,No,No,Yes,Two year,Yes,Electronic check,56.69,777.09,No
C03030,Male,0,Yes,No,10,No,No phone service,DSL,No,No,No,No,Yes,No,Month-to-month,Yes,Credit card (automatic),20.68,655.87,No
C03031,Female,0,No,No,13,Yes,Yes,No,No internet service,No internet service,No internet service,No internet service,No internet service,No internet service,Month-to-month,Yes,Electronic check,18.0,295.64,No
C03032,Male,0,No,No,49,Yes,No,Fiber optic,Yes,No,Yes,No,Yes,No,Month-to-month,Yes,Bank transfer (automatic),79.21,3934.26,No
C03033,Male,0,Yes,Yes,9,No,No phone service,Fiber optic,No,No,No,No,No,No,One year,No,Credit card (automatic),63.92,778.79,No
C03034,Female,0,Yes,No,36,Yes,Yes,DSL,No,Yes,No,Yes,No,Yes,One year,Yes,Credit card (automatic),31.72,1161.76,No
C03035,Male,0,No,Yes,72,Yes,Yes,DSL,Yes,No,Yes,Yes,Yes,Yes,Month-to-month,Yes,Bank transfer (automatic),60.6,4810.92,No
C03036,Male,0,No,No,13,Yes,No,Fiber optic,Yes,No,No,No,No,Yes,Month-to-month,Yes,Credit card (automatic),67.31,1035.32,Yes
C03037,Female,0,Yes,No,1,Yes,No,No,No internet service,No internet service,No internet service,No internet service,No internet service,No internet service,One year,No,Electronic check,18.0,18.0,No
C03038,Male,1,No,Yes,1,Yes,No,DSL,Yes,Yes,No,Yes,Yes,No,One year,Yes,Electronic check,30.61,18.0,No
C03039,Male,0,Yes,Yes,4,Yes,Yes,DSL,No,Yes,No,No,No,No,Two year,Yes,Bank transfer (automatic),45.76,53.29,Yes
C03040,Male,0,No,No,3,Yes,No,DSL,No,No,No,No,No,Yes,One year,Yes,Electronic check,53.08,405.41,Yes
C03041,Female,0,No,No,44,No,No phone service,Fiber optic,Yes,No,No,No,No,No,Month-to-month,Yes,Bank transfer (automatic),85.05,3541.25,Yes
C03042,Male,0,No,No,11,Yes,No,DSL,Yes,Yes,No,No,No,Yes,Month-to-month,Yes,Mailed check,25.44,210.51,No
C03043,Male,0,Yes,No,33,Yes,Yes,DSL,Yes,Yes,No,Yes,Yes,No,Month-to-month,No,Bank transfer (automatic),36.52,963.52,No
C03044,Female,0,Yes,No,1,Yes,Yes,Fiber optic,No,No,No,No,No,No,Two year,No,Bank transfer (automatic),82.68,19.14,Yes
C03045,Male,0,No,No,11,No,No phone service,Fiber optic,No,Yes,Yes,Yes,No,Yes,Month-to-month,Yes,Mailed check,66.25,559.54,Yes
C03046,Female,0,Yes,No,8,No,No phone service,DSL,Yes,Yes,No,No,Yes,No,Month-to-month,No,Credit card (automatic),38.77,618.04,No
C03047,Female,0,No,No,10,Yes,Yes,Fiber optic,No,No,No,Yes,Yes,Yes,One year,No,Mailed check,64.7,626.78,No
C03048,Male,0,No,Yes,6,Yes,No,DSL,Yes,Yes,No,No,Yes,Yes,Month-to-month,No,Credit card (automatic),37.08,549.99,No
C03049,Female,0,No,Yes,30,Yes,No,DSL,Yes,No,No,No,Yes,Yes,One year,Yes,Electronic check,59.33,1732.7,No
C03050,Female,0,No,No,34,Yes,Yes,Fiber optic,Yes,No,No,No,Yes,Yes,Month-to-month,No,Mailed check,66.24,2394.22,Yes
C03051,Male,0,No,No,5,Yes,No,Fiber optic,Yes,Yes,No,No,No,No,Month-to-month,Yes,Electronic check,53.27,18.0,Yes
C03052,Female,0,No,No,43,No,No phone service,No,No internet service,No internet service,No internet service,No internet service,No internet service,No internet service,One year,Yes,Electronic check,23.21,983.23,No
C03053,Female,1,Yes,Yes,9,Yes,Yes,No,No internet service,No internet service,No internet service,No internet service,No internet service,No internet service,Month-to-month,No,Mailed check,18.0,18.0,No
C03054,Male,0,Yes,Yes,10,Yes,No,Fiber optic,No,No,No,Yes,No,No,Month-to-month,Yes,Electronic check,73.21,508.13,Yes
C03055,Male,0,Yes,Yes,56,Yes,No,Fiber optic,Yes,Yes,No,Yes,No,No,Month-to-month,Yes,Credit card (automatic),52.01,2974.85,No
C03056,Male,0,Yes,Yes,72,Yes,No,Fiber optic,Yes,No,Yes,No,Yes,Yes,Month-to-month,Yes,Mailed check,72.84,5470.33,No
C03057,Female,1,No,No,55,Yes,No,Fiber optic,Yes,No,No,No,No,No,Month-to-month,No,Electronic check,68.2,3779.48,Yes
C03058,Male,0,No,No,5,Yes,No,DSL,No,No,Yes,No,Yes,Yes,One year,Yes,Electronic check,42.42,314.6,Yes
C03059,Female,0,No,No,72,Yes,Yes,Fiber optic,Yes,Yes,No,No,Yes,Yes,One year,Yes,Electronic check,47.58,3094.47,No
C03060,Female,1,No,No,35,Yes,No,No,No internet service,No internet service,No internet service,No internet service,No internet service,No internet service,Month-to-month,Yes,Mailed check,25.1,572.66,No
C03061,Female,1,No,No,22,Yes,No,Fiber optic,Yes,No,No,No,Yes,Yes,Two year,Yes,Mailed check,64.73,1240.71,No
C03062,Female,0,No,Yes,72,Yes,Yes,Fiber optic,Yes,No,No,Yes,No,Yes,Month-to-month,Yes,Electronic check,63.62,4821.8,No
C03063,Female,0,Yes,No,54,Yes,No,Fiber optic,No,No,No,No,Yes,No,Two year,Yes,Credit card (automatic),71.72,3699.94,No
C03064,Female,0,No,No,37,Yes,Yes,Fiber optic,Yes,Yes,No,Yes,No,Yes,Month-to-month,Yes,Bank transfer (automatic),73.59,2326.32,No
C03065,Female,0,Yes,Yes,58,Yes,No,Fiber optic,Yes,No,No,No,No,No,Month-to-month,Yes,Electronic check,66.89,4088.78,No
C03066,Male,0,No,No,15,Yes,No,Fiber optic,No,No,No,Yes,Yes,Yes,Month-to-month,No,Mailed check,55.04,830.34,Yes
C03067,Male,0,Yes,No,36,Yes,No,Fiber optic,No,No,Yes,No,Yes,Yes,Month-to-month,Yes,Credit card (automatic),60.06,2318.1,No
C03068,Female,0,No,Yes,6,Yes,Yes,No,No internet service,No internet service,No internet service,No internet service,No internet service,No internet service,Two year,No,Bank transfer (automatic),18.0,18.0,No
C03069,Female,0,No,Yes,72,Yes,No,Fiber optic,No,Yes,No,No,Yes,Yes,Month-to-month,Yes,Electronic check,89.32,6229.1,No
C03070,Male,0,No,No,28,Yes,No,Fiber optic,No,Yes,Yes,Yes,No,No,Two year,Yes,Credit card (automatic),98.19,2714.69,No
C03071,Female,0,No,Yes,53,Yes,No,Fiber optic,No,No,No,Yes,No,No,Month-to-month,Yes,Credit card (automatic),67.78,3419.64,No
C03072,Male,0,No,Yes,16,Yes,Yes,Fiber optic,No,No,Yes,No,No,Yes,Month-to-month,No,Bank transfer (automatic),74.09,631.63,Yes
C03073,Male,0,Yes,No,45,Yes,No,No,No internet service,No internet service,No internet service,No internet service,No internet service,No internet service,Two year,Yes,Electronic check,28.4,1100.59,No
C03074,Male,1,Yes,No,15,Yes,Yes,DSL,No,No,Yes,Yes,No,Yes,Month-to-month,Yes,Electronic check,51.46,556.74,Yes
C03075,Female,0,No,No,28,Yes,No,Fiber optic,No,Yes,Yes,No,No,No,Month-to-month,No,Bank transfer (automatic),68.52,1490.31,Yes
C03076,Female,0,Yes,No,48,Yes,No,Fiber optic,No,No,Yes,Yes,Yes,Yes,One year,Yes,Electronic check,83.66,3905.4,No
C03077,Male,1,Yes,No,3,Yes,No,Fiber optic,Yes,No,No,No,No,Yes,Two year,No,Mailed check,71.64,18.0,No
C03078,Male,0,No,No,14,No,No phone service,No,No internet service,No internet service,No internet service,No internet service,No internet service,No internet service,Month-to-month,No,Electronic check,20.42,175.46,No
C03079,Male,0,Yes,No,25,Yes,No,DSL,Yes,No,Yes,No,Yes,No,One year,Yes,Electronic check,60.12,1388.86,No
C03080,Male,1,Yes,No,13,Yes,No,Fiber optic,No,No,No,Yes,No,No,Month-to-month,Yes,Mailed check,61.9,743.13,Yes
C03081,Male,0,Yes,Yes,11,Yes,No,No,No internet service,No internet service,No internet service,No internet service,No internet service,No internet service,Month-to-month,Yes,Bank transfer (automatic),18.0,18.0,No
C03082,Female,0,Yes,No,10,Yes,Yes,DSL,No,No,Yes,No,No,No,Month-to-month,No,Electronic check,39.7,504.03,Yes
C03083,Male,0,No,No,8,Yes,No,DSL,No,Yes,Yes,Yes,Yes,Yes,Month-to-month,No,Electronic check,39.95,314.69,Yes
C03084,Female,0,No,No,60,Yes,Yes,DSL,Yes,No,Yes,No,No,No,Month-to-month,Yes,Electronic check,24.94,1370.3,No
C03085,Male,0,No,No,72,Yes,No,No,No internet service,No internet service,No internet service,No internet service,No internet service,No internet service,Month-to-month,No,Bank transfer (automatic),18.0,1202.71,No
C03086,Female,1,Yes,No,38,Yes,Yes,DSL,No,Yes,No,No,Yes,No,Two year,Yes,Electronic check,64.68,2596.54,No
C03087,Female,0,No,No,1,Yes,Yes,DSL,No,Yes,No,Yes,No,No,Month-to-month,Yes,Mailed check,19.83,275.57,No
C03088,Female,0,Yes,Yes,49,Yes,No,DSL,Yes,No,Yes,Yes,No,Yes,One year,Yes,Electronic check,45.71,2082.82,No
C03089,Female,0,No,No,24,Yes,No,Fiber optic,Yes,No,No,No,No,Yes,Month-to-month,Yes,Bank transfer (automatic),60.08,1526.86,Yes
C03090,Female,0,No,No,45,Yes,Yes,Fiber optic,No,No,No,No,No,No,Month-to-month,Yes,Bank transfer (automatic),61.98,2617.84,Yes
C03091,Female,0,No,Yes,18,Yes,Yes,DSL,No,Yes,Yes,No,Yes,No,Month-to-month,No,Credit card (automatic),59.8,1142.88,Yes
C03092,Male,0,No,Yes,1,Yes,Yes,No,No internet service,No internet service,No internet service,No internet service,No internet service,No internet service,Two year,No,Credit card (automatic),18.0,18.0,No
C03093,Female,0,Yes,No,36,Yes,No,DSL,No,No,No,No,No,Yes,Two year,Yes,Credit card (automatic),45.79,1207.66,No
C03094,Male,0,Yes,No,18,No,No phone service,DSL,No,No,Yes,No,Yes,Yes,Month-to-month,Yes,Credit card (automatic),47.55,1005.83,Yes
C03095,Female,0,No,Yes,66,Yes,No,Fiber optic,No,No,No,No,No,No,Month-to-month,No,Credit card (automatic),59.63,4088.78,No
C03096,Female,0,Yes,No,42,Yes,Yes,Fiber optic,No,Yes,Yes,No,Yes,No,Month-to-month,Yes,Electronic check,70.9,3077.52,Yes
C03097,Male,0,Yes,Yes,14,Yes,No,Fiber optic,Yes,No,No,No,No,Yes,Two year,Yes,Bank transfer (automatic),88.58,1254.5,No
C03098,Female,0,Yes,No,41,Yes,No,No,No internet service,No internet service,No internet service,No internet service,No internet service,No internet service,Two year,Yes,Mailed check,18.0,1000.81,No
C03099,Male,0,Yes,No,21,Yes,Yes,Fiber optic,Yes,No,No,Yes,Yes,No,Month-to-month,Yes,Electronic check,84.82,2145.31,Yes
C03100,Male,0,No,Yes,7,Yes,Yes,No,No internet service,No internet service,No internet service,No internet service,No internet service,No internet service,Month-to-month,No,Mailed check,32.02,104.92,No
C03101,Male,0,No,Yes,17,Yes,No,DSL,Yes,No,Yes,No,Yes,Yes,One year,Yes,Electronic check,48.88,968.05,No
C03102,Male,0,Yes,No,8,Yes,No,No,No internet service,No internet service,No internet service,No internet service,No internet service,No internet service,Month-to-month,Yes,Electronic check,18.0,257.06,No
C03103,Female,1,Yes,No,1,No,No phone service,DSL,Yes,No,Yes,Yes,No,Yes,Two year,Yes,Mailed check,46.34,340.94,No
C03104,Female,0,No,Yes,9,Yes,No,Fiber optic,No,Yes,Yes,Yes,No,No,Month-to-month,No,Bank transfer (automatic),81.73,688.38,Yes
C03105,Male,0,No,No,7,Yes,Yes,DSL,No,No,Yes,Yes,No,Yes,Two year,Yes,Credit card (automatic),64.67,162.56,No
C03106,Female,0,No,No,1,Yes,Yes,DSL,No,No,Yes,No,Yes,Yes,One year,No,Electronic check,41.58,18.0,No
C03107,Female,0,No,No,49,Yes,Yes,No,No internet service,No internet service,No internet service,No internet service,No internet service,No internet service,Month-to-month,Yes,Bank transfer (automatic),21.34,1166.75,No
C03108,Male,0,No,No,2,Yes,Yes,Fiber optic,No,No,No,No,No,No,Month-to-month,Yes,Electronic check,67.2,63.15,Yes
C03109,Female,0,No,No,19,Yes,No,DSL,Yes,No,Yes,Yes,No,Yes,Month-to-month,No,Bank transfer (automatic),68.45,1002.74,Yes
C03110,Male,0,No,No,17,Yes,No,DSL,No,No,Yes,No,No,Yes,Month-to-month,No,Bank transfer (automatic),59.39,1206.27,Yes
C03111,Male,1,Yes,Yes,6,Yes,No,No,No internet service,No internet service,No internet service,No internet service,No internet service,No internet service,Two year,Yes,Mailed check,27.36,18.0,No
C03112,Female,1,No,No,72,Yes,Yes,Fiber optic,No,Yes,Yes,No,No,Yes,One year,Yes,Electronic check,83.05,5879.58,No
C03113,Female,0,Yes,No,29,Yes,Yes,Fiber optic,Yes,No,No,Yes,No,No,Month-to-month,No,Credit card (automatic),71.4,1933.29,No
C03114,Female,0,No,Yes,53,Yes,Yes,No,No internet service,No internet service,No internet service,No internet service,No internet service,No internet service,One year,Yes,Electronic check,24.36,1306.53,No
C03115,Male,0,No,No,21,Yes,No,No,No internet service,No internet service,No internet service,No internet service,No internet service,No internet service,One year,No,Electronic check,18.0,341.55,No
C03116,Male,0,No,Yes,41,Yes,No,Fiber optic,No,Yes,No,Yes,Yes,No,Month-to-month,No,Electronic check,67.19,2869.71,No
C03117,Female,0,Yes,No,72,Yes,Yes,Fiber optic,Yes,No,Yes,Yes,Yes,Yes,Month-to-month,Yes,Electronic check,87.3,6487.47,No
C03118,Female,0,No,No,13,Yes,No,DSL,Yes,Yes,No,Yes,No,Yes,Month-to-month,Yes,Credit card (automatic),56.65,733.14,No
C03119,Female,0,Yes,No,22,Yes,No,Fiber optic,No,Yes,No,Yes,No,No,Month-to-month,Yes,Mailed check,82.51,1842.26,No
C03120,Female,0,Yes,No,23,Yes,No,No,No internet service,No internet service,No internet service,No internet service,No internet service,No internet service,One year,No,Credit card (automatic),18.0,719.19,No
C03121,Male,0,Yes,Yes,72,Yes,Yes,No,No internet service,No internet service,No internet service,No internet service,No internet service,No internet service,Two year,No,Bank transfer (automatic),18.0,1200.85,No
C03122,Female,0,Yes,No,8,Yes,No,Fiber optic,No,Yes,No,No,Yes,No,One year,Yes,Electronic check,63.27,550.59,Yes
C03123,Male,0,Yes,No,35,Yes,Yes,Fiber optic,No,Yes,No,No,No,Yes,One year,No,Electronic check,64.33,2037.01,No
C03124,Male,0,No,Yes,4,Yes,No,Fiber optic,No,Yes,Yes,No,No,No,Month-to-month,No,Mailed check,70.31,457.76,Yes
C03125,Female,0,No,No,72,Yes,Yes,No,No internet service,No internet service,No internet service,No internet service,No internet service,No internet service,Month-to-month,Yes,Electronic check,18.0,1277.4,No
C03126,Female,0,Yes,Yes,28,Yes,No,DSL,Yes,No,No,Yes,No,No,Month-to-month,Yes,Credit card (automatic),25.96,1034.05,No
C03127,Female,1,Yes,No,62,Yes,No,Fiber optic,No,No,No,Yes,No,Yes,One year,No,Credit card (automatic),74.54,4715.67,No
C03128,Male,0,No,No,72,Yes,No,Fiber optic,Yes,No,Yes,Yes,Yes,Yes,One year,Yes,Electronic check,70.73,4897.03,No
C03129,Female,0,No,No,26,Yes,Yes,No,No internet service,No internet service,No internet service,No internet service,No internet service,No internet service,Two year,No,Mailed check,18.0,429.64,No
C03130,Female,0,Yes,Yes,36,Yes,No,DSL,No,Yes,Yes,No,Yes,No,Month-to-month,Yes,Bank transfer (automatic),41.83,1823.48,No
C03131,Male,0,No,No,38,Yes,No,No,No internet service,No internet service,No internet service,No internet service,No internet service,No internet service,One year,No,Electronic check,18.0,1301.14,No
C03132,Female,0,No,Yes,19,Yes,Yes,DSL,Yes,No,Yes,Yes,Yes,Yes,Month-to-month,Yes,Electronic check,44.35,1008.88,No
C03133,Male,0,Yes,No,18,Yes,No,DSL,Yes,No,No,No,Yes,No,One year,Yes,Mailed check,35.11,119.98,No
C03134,Female,0,Yes,No,6,Yes,Yes,Fiber optic,No,Yes,No,Yes,No,No,Month-to-month,Yes,Mailed check,73.41,583.36,Yes
C03135,Male,0,No,No,15,No,No phone service,No,No internet service,No internet service,No internet service,No internet service,No internet service,No internet service,Month-to-month,No,Electronic check,18.0,603.68,No
C03136,Female,0,Yes,No,72,Yes,Yes,Fiber optic,No,Yes,Yes,Yes,Yes,Yes,Two year,No,Mailed check,71.93,5270.42,No
C03137,Female,0,No,No,10,Yes,No,DSL,No,No,No,No,No,No,One year,No,Credit card (automatic),34.75,910.89,No
C03138,Male,0,Yes,No,45,Yes,Yes,DSL,No,No,Yes,No,No,Yes,One year,No,Electronic check,44.77,1947.09,No
C03139,Male,0,No,No,1,Yes,Yes,DSL,No,No,No,Yes,No,No,Month-to-month,No,Electronic check,32.59,103.72,No
C03140,Female,0,No,Yes,20,Yes,No,DSL,No,No,Yes,No,No,No,Two year,Yes,Electronic check,37.14,249.05,No
C03141,Male,0,Yes,No,1,Yes,No,Fiber optic,Yes,Yes,No,No,Yes,No,Month-to-month,Yes,Mailed check,64.07,46.51,Yes
C03142,Male,0,No,No,20,Yes,Yes,Fiber optic,No,Yes,Yes,No,No,No,Month-to-month,No,Mailed check,68.35,1175.21,Yes
C03143,Male,0,No,Yes,1,Yes,Yes,Fiber optic,No,Yes,No,No,No,No,Month-to-month,Yes,Bank transfer (automatic),75.02,18.0,Yes
C03144,Male,0,No,No,30,Yes,No,DSL,No,No,No,Yes,No,Yes,Month-to-month,Yes,Electronic check,53.29,1860.29,Yes
C03145,Female,1,No,No,28,Yes,Yes,No,No internet service,No internet service,No internet service,No internet service,No internet service,No internet service,Month-to-month,No,Bank transfer (automatic),41.9,1265.85,No
C03146,Female,0,Yes,Yes,51,Yes,Yes,Fiber optic,No,No,No,No,Yes,Yes,One year,No,Credit card (automatic),77.4,4043.15,No
C03147,Male,0,No,No,28,Yes,No,Fiber optic,No,No,No,No,No,Yes,Month-to-month,Yes,Credit card (automatic),51.98,1486.2,Yes
C03148,Male,0,Yes,No,72,Yes,No,Fiber optic,Yes,No,Yes,No,Yes,No,One year,No,Mailed check,75.98,5462.34,No
C03149,Male,0,Yes,No,48,Yes,Yes,DSL,No,No,No,No,No,No,Two year,Yes,Electronic check,49.81,2524.36,No
C03150,Male,1,Yes,Yes,4,Yes,Yes,DSL,No,No,No,No,Yes,No,Two year,Yes,Mailed check,42.65,157.14,No
C03151,Female,0,Yes,Yes,9,Yes,Yes,DSL,No,No,Yes,No,No,Yes,Month-to-month,Yes,Electronic check,18.0,299.37,Yes
C03152,Female,0,Yes,Yes,1,Yes,No,Fiber optic,Yes,No,No,No,No,No,Two year,Yes,Electronic check,46.62,18.0,No
C03153,Male,0,No,No,15,Yes,No,DSL,No,No,No,Yes,No,Yes,Two year,Yes,Mailed check,18.0,377.72,No
C03154,Male,0,No,No,22,Yes,Yes,Fiber optic,No,Yes,No,No,Yes,No,Month-to-month,No,Mailed check,67.78,1501.49,Yes
C03155,Male,0,Yes,No,72,Yes,No,Fiber optic,No,Yes,Yes,No,Yes,Yes,One year,No,Bank transfer (automatic),79.56,5763.92,No
C03156,Female,1,Yes,No,23,Yes,No,Fiber optic,Yes,No,No,No,No,Yes,One year,Yes,Credit card (automatic),68.48,1230.7,No
C03157,Male,0,No,Yes,48,Yes,No,Fiber optic,Yes,No,No,No,No,Yes,Two year,Yes,Credit card (automatic),90.32,3939.17,No
C03158,Female,0,Yes,No,9,Yes,No,DSL,Yes,No,No,No,No,Yes,Month-to-month,Yes,Mailed check,54.79,622.99,Yes
C03159,Male,1,Yes,No,5,Yes,No,No,No internet service,No internet service,No internet service,No internet service,No internet service,No internet service,Month-to-month,No,Credit card (automatic),18.58,132.7,No
C03160,Female,0,No,No,53,Yes,Yes,Fiber optic,No,No,No,No,No,Yes,One year,Yes,Credit card (automatic),54.07,2814.31,No
C03161,Male,0,Yes,No,9,Yes,Yes,Fiber optic,Yes,No,No,No,No,No,Month-to-month,Yes,Credit card (automatic),53.96,281.68,No
C03162,Female,0,Yes,No,65,Yes,No,Fiber optic,No,No,Yes,No,Yes,Yes,Month-to-month,Yes,Electronic check,67.22,4475.61,No
C03163,Male,0,No,No,5,No,No phone service,Fiber optic,No,Yes,No,No,No,Yes,Two year,No,Electronic check,87.84,268.14,Yes
C03164,Male,0,No,Yes,61,Yes,Yes,Fiber optic,Yes,No,No,No,Yes,No,One year,No,Electronic check,60.25,3551.73,No
C03165,Male,0,Yes,No,47,Yes,Yes,Fiber optic,Yes,Yes,No,No,No,No,One year,Yes,Credit card (automatic),72.48,3264.59,No
C03166,Female,0,No,No,30,Yes,No,No,No internet service,No internet service,No internet service,No internet service,No internet service,No internet service,Two year,No,Bank transfer (automatic),60.09,1535.36,No
C03167,Male,0,No,Yes,60,Yes,No,Fiber optic,Yes,Yes,No,Yes,No,No,Month-to-month,Yes,Electronic check,91.5,5655.28,No
C03168,Female,0,Yes,No,12,Yes,Yes,No,No internet service,No internet service,No internet service,No internet service,No internet service,No internet service,One year,Yes,Credit card (automatic),18.0,188.26,No
C03169,Female,0,Yes,Yes,5,No,No phone service,Fiber optic,Yes,Yes,No,Yes,Yes,No,Month-to-month,Yes,Bank transfer (automatic),73.29,365.94,Yes
C03170,Male,0,Yes,Yes,5,No,No phone service,Fiber optic,No,Yes,No,Yes,Yes,No,Month-to-month,Yes,Electronic check,66.47,18.0,Yes
C03171,Male,0,Yes,No,10,Yes,No,DSL,No,No,Yes,No,Yes,Yes,One year,No,Mailed check,61.01,694.35,No
C03172,Male,0,Yes,Yes,18,Yes,No,Fiber optic,No,Yes,Yes,Yes,No,No,Two year,Yes,Bank transfer (automatic),79.55,1379.36,No
C03173,Female,0,Yes,No,66,No,No phone service,DSL,No,No,Yes,No,No,Yes,One year,No,Electronic check,19.36,1304.52,No
C03174,Male,0,Yes,No,3,Yes,Yes,Fiber optic,Yes,Yes,Yes,No,Yes,No,Month-to-month,Yes,Bank transfer (automatic),49.88,18.0,Yes
C03175,Female,0,No,Yes,72,Yes,No,DSL,No,No,No,No,No,Yes,One year,Yes,Bank transfer (automatic),47.78,3635.27,No
C03176,Female,0,No,No,72,Yes,No,Fiber optic,No,Yes,No,Yes,Yes,No,Month-to-month,No,Credit card (automatic),86.36,6252.51,No
C03177,Male,0,No,No,41,Yes,No,DSL,No,No,Yes,No,Yes,Yes,Month-to-month,Yes,Bank transfer (automatic),28.38,1171.74,No
C03178,Male,0,No,Yes,72,Yes,No,No,No internet service,No internet service,No internet service,No internet service,No internet service,No internet service,Month-to-month,No,Electronic check,18.0,1442.64,No
C03179,Male,0,No,No,47,Yes,Yes,Fiber optic,Yes,Yes,No,No,Yes,Yes,Month-to-month,No,Credit card (automatic),48.0,1977.68,No
C03180,Male,0,No,No,24,Yes,No,No,No internet service,No internet service,No internet service,No internet service,No internet service,No internet service,Month-to-month,Yes,Electronic check,21.36,853.46,No
C03181,Male,0,Yes,Yes,29,Yes,Yes,Fiber optic,Yes,Yes,No,No,Yes,No,One year,No,Mailed check,71.26,2048.5,No
C03182,Male,0,Yes,No,31,Yes,Yes,No,No internet service,No internet service,No internet service,No internet service,No internet service,No internet service,One year,No,Electronic check,30.76,677.24,No
C03183,Female,1,No,Yes,4,Yes,No,DSL,Yes,No,Yes,No,Yes,Yes,Month-to-month,No,Electronic check,68.08,18.0,Yes
C03184,Female,0,Yes,Yes,6,Yes,No,Fiber optic,No,No,No,Yes,Yes,No,Month-to-month,No,Electronic check,100.3,734.73,Yes
C03185,Female,0,Yes,No,23,Yes,No,Fiber optic,No,Yes,Yes,Yes,No,No,Month-to-month,Yes,Bank transfer (automatic),63.09,1613.26,No
C03186,Male,0,No,Yes,3,Yes,No,DSL,Yes,Yes,No,No,No,No,Month-to-month,Yes,Electronic check,36.03,313.88,Yes
C03187,Female,0,No,No,72,Yes,No,Fiber optic,Yes,Yes,Yes,Yes,No,No,Month-to-month,No,Mailed check,80.33,5736.6,No
C03188,Female,0,No,No,22,No,No phone service,DSL,No,No,Yes,Yes,Yes,No,Two year,Yes,Bank transfer (automatic),41.12,605.86,No
C03189,Female,0,Yes,Yes,15,Yes,Yes,Fiber optic,No,Yes,No,Yes,Yes,No,Two year,Yes,Mailed check,77.41,1200.75,No
C03190,Female,0,Yes,No,5,Yes,No,DSL,No,No,No,Yes,Yes,No,Two year,No,Bank transfer (automatic),47.6,428.33,No
C03191,Female,0,No,No,17,Yes,No,DSL,No,No,No,No,Yes,No,Month-to-month,Yes,Credit card (automatic),52.5,738.94,No
C03192,Male,0,Yes,No,11,Yes,Yes,DSL,No,Yes,No,Yes,No,Yes,Month-to-month,Yes,Credit card (automatic),37.27,242.23,No
C03193,Male,0,Yes,No,2,Yes,No,No,No internet service,No internet service,No internet service,No internet service,No internet service,No internet service,Month-to-month,No,Bank transfer (automatic),18.0,284.05,No
C03194,Female,0,No,Yes,72,Yes,No,Fiber optic,No,No,Yes,No,Yes,Yes,Month-to-month,Yes,Electronic check,98.25,7065.17,No
C03195,Female,0,No,No,9,Yes,No,No,No internet service,No internet service,No internet service,No internet service,No internet service,No internet service,Month-to-month,Yes,Credit card (automatic),57.11,395.79,No
C03196,Female,0,No,No,37,Yes,No,No,No internet service,No internet service,No internet service,No internet service,No internet service,No internet service,Month-to-month,No,Electronic check,18.0,568.28,No
C03197,Male,0,No,Yes,3,Yes,No,Fiber optic,No,Yes,No,Yes,No,Yes,Month-to-month,No,Credit card (automatic),77.6,134.93,Yes
C03198,Male,0,Yes,No,72,Yes,No,Fiber optic,No,Yes,Yes,Yes,Yes,Yes,Month-to-month,Yes,Mailed check,64.58,4615.18,No
C03199,Female,1,Yes,No,28,Yes,No,No,No internet service,No internet service,No internet service,No internet service,No internet service,No internet service,Month-to-month,Yes,Credit card (automatic),18.0,494.88,No
C03200,Male,1,Yes,No,34,Yes,No,Fiber optic,No,No,Yes,No,No,No,Month-to-month,No,Mailed check,65.82,2432.81,Yes
C03201,Male,0,No,No,48,Yes,Yes,No,No internet service,No internet service,No internet service,No internet service,No internet service,No internet service,Two year,Yes,Mailed check,20.54,1031.29,No
C03202,Female,0,No,Yes,29,Yes,No,Fiber optic,Yes,Yes,Yes,Yes,No,No,Two year,Yes,Electronic check,75.29,2358.92,No
C03203,Male,0,Yes,Yes,2,Yes,Yes,Fiber optic,No,No,No,Yes,No,Yes,One year,No,Credit card (automatic),77.46,18.0,No
C03204,Male,0,No,Yes,17,Yes,Yes,DSL,No,Yes,Yes,No,No,No,Two year,Yes,Electronic check,56.84,1104.22,No
C03205,Female,0,Yes,No,9,Yes,Yes,DSL,Yes,No,No,No,Yes,No,Month-to-month,No,Electronic check,35.88,316.92,Yes
C03206,Male,0,No,Yes,21,Yes,Yes,Fiber optic,Yes,Yes,Yes,Yes,No,Yes,Month-to-month,Yes,Mailed check,66.58,1265.28,Yes
C03207,Male,1,No,No,16,Yes,Yes,DSL,No,Yes,No,No,Yes,No,Two year,Yes,Mailed check,62.65,802.73,No
C03208,Female,0,Yes,No,56,Yes,No,DSL,No,No,No,Yes,Yes,No,One year,Yes,Electronic check,46.72,2705.58,No
C03209,Male,0,Yes,Yes,9,Yes,No,DSL,No,Yes,No,No,No,No,Two year,No,Electronic check,32.96,367.84,No
C03210,Male,0,Yes,No,7,Yes,Yes,Fiber optic,Yes,No,No,No,Yes,No,Month-to-month,No,Electronic check,90.47,498.6,Yes
C03211,Female,0,Yes,No,72,Yes,Yes,Fiber optic,No,No,No,No,No,Yes,Month-to-month,No,Bank transfer (automatic),73.6,5292.48,No
C03212,Female,0,Yes,Yes,72,Yes,No,No,No internet service,No internet service,No internet service,No internet service,No internet service,No internet service,Month-to-month,Yes,Electronic check,24.11,1537.66,No
C03213,Female,0,No,Yes,72,No,No phone service,No,No internet service,No internet service,No internet service,No internet service,No internet service,No internet service,Two year,Yes,Electronic check,18.0,1382.89,No
C03214,Male,0,Yes,Yes,26,Yes,No,No,No internet service,No internet service,No internet service,No internet service,No internet service,No internet service,One year,Yes,Mailed check,21.47,769.89,No
C03215,Female,0,No,Yes,3,Yes,No,Fiber optic,No,Yes,No,No,Yes,No,One year,No,Bank transfer (automatic),88.23,26.48,No
C03216,Male,1,Yes,No,67,Yes,No,Fiber optic,No,No,Yes,No,No,No,One year,No,Credit card (automatic),53.7,3475.13,No
C03217,Female,0,Yes,No,5,Yes,Yes,No,No internet service,No internet service,No internet service,No internet service,No internet service,No internet service,Two year,No,Electronic check,18.0,493.64,No
C03218,Male,0,Yes,No,5,Yes,No,DSL,No,No,Yes,Yes,No,No,Month-to-month,Yes,Mailed check,54.97,315.41,Yes
C03219,Female,0,No,No,6,Yes,No,DSL,No,No,No,No,No,No,Two year,Yes,Credit card (automatic),40.3,727.99,No
C03220,Female,0,Yes,Yes,33,Yes,No,DSL,No,No,No,Yes,No,No,Month-to-month,No,Bank transfer (automatic),60.68,2267.36,No
C03221,Female,0,No,No,3,Yes,No,No,No internet service,No internet service,No internet service,No internet service,No internet service,No internet service,Two year,No,Bank transfer (automatic),38.77,18.0,No
C03222,Female,1,No,Yes,48,Yes,No,Fiber optic,Yes,No,No,No,No,No,Month-to-month,Yes,Credit card (automatic),72.64,3306.16,No
C03223,Male,0,No,Yes,1,Yes,Yes,Fiber optic,Yes,No,Yes,No,No,No,Month-to-month,Yes,Electronic check,59.96,18.0,Yes
C03224,Female,1,No,No,3,Yes,No,No,No internet service,No internet service,No internet service,No internet service,No internet service,No internet service,Month-to-month,Yes,Mailed check,18.0,18.0,No
C03225,Female,0,Yes,No,18,Yes,No,Fiber optic,No,No,No,Yes,No,No,One year,No,Mailed check,75.28,1494.43,No
C03226,Male,0,No,No,15,Yes,No,No,No internet service,No internet service,No internet service,No internet service,No internet service,No internet service,Two year,No,Mailed check,46.97,404.88,No
C03227,Female,1,No,No,72,Yes,No,DSL,Yes,No,No,No,No,No,Two year,No,Credit card (automatic),50.92,3715.75,No
C03228,Male,0,No,No,72,Yes,Yes,Fiber optic,No,No,No,Yes,No,No,Two year,Yes,Mailed check,51.42,3790.53,No
C03229,Female,0,Yes,No,6,Yes,No,Fiber optic,No,Yes,No,No,No,No,Two year,No,Electronic check,56.89,612.67,Yes
C03230,Female,0,No,No,72,Yes,No,DSL,Yes,No,Yes,No,No,No,Month-to-month,Yes,Electronic check,24.16,1993.73,No
C03231,Female,0,Yes,No,37,No,No phone service,DSL,Yes,No,No,No,No,Yes,One year,No,Electronic check,60.56,2081.99,No
C03232,Male,0,Yes,No,16,Yes,Yes,DSL,Yes,Yes,Yes,No,Yes,Yes,Month-to-month,No,Bank transfer (automatic),44.27,762.82,No
C03233,Female,1,No,Yes,43,Yes,No,Fiber optic,Yes,No,No,No,Yes,No,Month-to-month,Yes,Credit card (automatic),86.99,3531.0,Yes
C03234,Female,0,No,No,72,Yes,No,DSL,Yes,Yes,Yes,No,Yes,No,Month-to-month,No,Electronic check,26.75,1831.02,No
C03235,Female,0,No,No,6,Yes,No,Fiber optic,Yes,No,Yes,No,No,No,Month-to-month,Yes,Electronic check,63.13,183.27,Yes
C03236,Male,1,No,No,6,Yes,No,No,No internet service,No internet service,No internet service,No internet service,No internet service,No internet service,Two year,No,Electronic check,32.63,18.0,No
C03237,Male,0,Yes,No,16,Yes,Yes,DSL,Yes,No,No,No,Yes,No,Two year,Yes,Bank transfer (automatic),44.42,871.62,No
C03238,Female,0,Yes,No,5,No,No phone service,Fiber optic,No,No,No,No,No,No,Month-to-month,Yes,Credit card (automatic),59.95,341.54,Yes
C03239,Male,0,No,Yes,14,Yes,No,DSL,Yes,No,No,No,Yes,No,Month-to-month,Yes,Mailed check,42.52,633.32,Yes
C03240,Female,0,Yes,Yes,33,Yes,No,No,No internet service,No internet service,No internet service,No internet service,No internet service,No internet service,Month-to-month,Yes,Electronic check,18.0,852.61,No
C03241,Female,0,No,No,53,Yes,Yes,DSL,No,No,Yes,No,Yes,Yes,Month-to-month,No,Credit card (automatic),56.16,2684.02,No
C03242,Female,1,Yes,No,11,Yes,No,Fiber optic,No,Yes,No,No,No,Yes,Month-to-month,No,Electronic check,85.0,1297.82,Yes
C03243,Female,0,Yes,No,10,Yes,Yes,No,No internet service,No internet service,No internet service,No internet service,No internet service,No internet service,Month-to-month,Yes,Electronic check,33.11,33.55,No
C03244,Female,0,No,No,48,Yes,Yes,No,No internet service,No internet service,No internet service,No internet service,No internet service,No internet service,Two year,No,Electronic check,18.0,733.32,No
C03245,Female,0,Yes,No,15,No,No phone service,Fiber optic,Yes,No,Yes,No,No,Yes,Month-to-month,No,Bank transfer (automatic),79.43,1504.45,Yes
C03246,Female,0,No,Yes,54,Yes,Yes,Fiber optic,No,Yes,Yes,No,Yes,Yes,Month-to-month,No,Mailed check,63.18,3703.46,No
C03247,Male,0,Yes,No,72,Yes,No,Fiber optic,Yes,No,Yes,No,Yes,No,One year,No,Electronic check,56.57,3897.99,No
C03248,Male,0,Yes,No,72,Yes,No,Fiber optic,Yes,Yes,Yes,Yes,Yes,No,Two year,Yes,Bank transfer (automatic),74.78,5156.61,No
C03249,Male,0,No,No,34,Yes,No,DSL,No,No,Yes,No,Yes,No,One year,No,Mailed check,46.96,1261.13,No
C03250,Male,0,Yes,No,15,Yes,Yes,No,No internet service,No internet service,No internet service,No internet service,No internet service,No internet service,Month-to-month,Yes,Credit card (automatic),26.06,333.6,No
C03251,Male,0,No,No,2,Yes,Yes,No,No internet service,No internet service,No internet service,No internet service,No internet service,No internet service,Month-to-month,Yes,Electronic check,21.61,369.58,No
C03252,Male,0,Yes,No,42,Yes,No,Fiber optic,Yes,Yes,No,No,Yes,Yes,One year,Yes,Credit card (automatic),56.6,2660.02,No
C03253,Male,0,Yes,No,72,Yes,No,Fiber optic,Yes,No,No,Yes,Yes,No,One year,No,Electronic check,89.0,6581.39,No
C03254,Female,0,No,No,2,Yes,Yes,DSL,No,No,No,Yes,Yes,No,Two year,Yes,Mailed check,30.71,18.0,No
C03255,Female,0,No,No,1,Yes,No,DSL,No,Yes,No,No,No,No,Month-to-month,No,Mailed check,52.95,18.0,Yes
C03256,Female,0,Yes,No,57,Yes,Yes,Fiber optic,Yes,No,Yes,Yes,Yes,Yes,Month-to-month,Yes,Credit card (automatic),43.06,2244.04,No
C03257,Female,0,No,Yes,3,Yes,No,DSL,Yes,Yes,Yes,No,No,Yes,Month-to-month,No,Mailed check,30.22,18.0,Yes
C03258,Male,0,No,No,2,Yes,No,No,No internet service,No internet service,No internet service,No internet service,No internet service,No internet service,Month-to-month,Yes,Electronic check,26.19,222.04,Yes
C03259,Male,0,Yes,No,72,Yes,Yes,No,No internet service,No internet service,No internet service,No internet service,No internet service,No internet service,Month-to-month,No,Electronic check,25.12,1914.06,No
C03260,Female,0,Yes,Yes,2,Yes,No,Fiber optic,No,No,No,Yes,No,No,Two year,Yes,Electronic check,79.56,93.09,Yes
C03261,Female,0,No,No,3,Yes,No,No,No internet service,No internet service,No internet service,No internet service,No internet service,No internet service,Month-to-month,No,Electronic check,27.25,93.87,No
C03262,Male,0,Yes,No,26,Yes,No,DSL,Yes,Yes,Yes,Yes,No,No,Month-to-month,No,Electronic check,55.46,1018.92,No
C03263,Female,0,Yes,Yes,45,Yes,Yes,No,No internet service,No internet service,No internet service,No internet service,No internet service,No internet service,Month-to-month,No,Electronic check,18.0,499.72,No
C03264,Female,0,No,Yes,16,Yes,Yes,DSL,Yes,No,Yes,Yes,Yes,Yes,Month-to-month,No,Credit card (automatic),20.34,700.08,No
C03265,Female,1,Yes,No,17,Yes,No,Fiber optic,No,No,No,No,Yes,No,One year,No,Credit card (automatic),68.5,1230.74,No
C03266,Female,1,No,Yes,32,Yes,No,Fiber optic,No,No,Yes,No,No,Yes,Two year,No,Mailed check,70.12,2431.5,No
C03267,Male,0,No,No,22,Yes,Yes,Fiber optic,No,Yes,Yes,Yes,Yes,Yes,Two year,Yes,Credit card (automatic),74.19,1761.34,No
C03268,Female,0,No,No,1,Yes,Yes,Fiber optic,No,No,Yes,No,No,No,Month-to-month,Yes,Mailed check,94.14,18.0,Yes
C03269,Female,0,No,No,3,No,No phone service,Fiber optic,Yes,No,No,No,No,Yes,Month-to-month,No,Bank transfer (automatic),40.32,332.22,Yes
C03270,Male,0,Yes,Yes,27,Yes,No,Fiber optic,No,No,No,No,Yes,Yes,Month-to-month,No,Credit card (automatic),64.81,1528.5,No
C03271,Male,0,Yes,No,50,Yes,Yes,DSL,Yes,No,No,Yes,No,No,Month-to-month,No,Mailed check,54.22,2862.3,No
C03272,Female,0,Yes,No,46,Yes,Yes,Fiber optic,Yes,No,No,Yes,No,Yes,Two year,Yes,Bank transfer (automatic),82.71,3808.79,No
C03273,Male,0,No,Yes,43,Yes,No,Fiber optic,Yes,No,No,No,No,No,Month-to-month,Yes,Bank transfer (automatic),56.27,2671.35,No
C03274,Female,0,Yes,No,47,Yes,No,DSL,No,No,No,Yes,Yes,Yes,Two year,Yes,Bank transfer (automatic),42.8,1800.45,No
C03275,Female,1,Yes,No,1,Yes,Yes,DSL,No,No,Yes,No,No,No,Month-to-month,No,Electronic check,18.0,31.88,Yes
C03276,Male,0,No,Yes,72,Yes,No,DSL,Yes,Yes,Yes,Yes,No,No,Two year,No,Credit card (automatic),66.12,4725.26,No
C03277,Female,0,No,No,70,Yes,Yes,Fiber optic,Yes,Yes,No,Yes,No,No,Month-to-month,Yes,Credit card (automatic),69.13,5061.69,No
C03278,Female,0,Yes,No,24,Yes,No,Fiber optic,Yes,No,Yes,Yes,No,Yes,Two year,Yes,Credit card (automatic),59.42,1374.96,No
C03279,Female,0,Yes,Yes,9,Yes,Yes,No,No internet service,No internet service,No internet service,No internet service,No internet service,No internet service,Month-to-month,Yes,Mailed check,18.0,468.17,No
C03280,Female,0,No,No,28,No,No phone service,Fiber optic,No,No,Yes,No,Yes,Yes,Two year,Yes,Credit card (automatic),55.27,1734.45,No
C03281,Male,0,No,No,26,Yes,Yes,DSL,Yes,No,Yes,Yes,Yes,No,Month-to-month,No,Bank transfer (automatic),43.81,1244.12,No
C03282,Male,0,Yes,Yes,8,Yes,Yes,No,No internet service,No internet service,No internet service,No internet service,No internet service,No internet service,Month-to-month,No,Credit card (automatic),31.74,144.7,No
C03283,Female,0,Yes,Yes,29,Yes,Yes,No,No internet service,No internet service,No internet service,No internet service,No internet service,No internet service,Month-to-month,Yes,Mailed check,18.0,254.19,No
C03284,Male,0,No,Yes,51,No,No phone service,DSL,No,No,No,Yes,No,Yes,Month-to-month,Yes,Electronic check,79.5,3986.14,No
C03285,Female,1,No,Yes,52,Yes,Yes,No,No internet service,No internet service,No internet service,No internet service,No internet service,No internet service,Month-to-month,Yes,Mailed check,29.93,1486.14,No
C03286,Female,0,No,Yes,1,Yes,No,Fiber optic,Yes,No,No,No,No,No,One year,No,Mailed check,85.3,21.7,No
C03287,Female,0,Yes,No,7,Yes,No,Fiber optic,Yes,Yes,No,No,Yes,No,One year,Yes,Mailed check,45.04,181.06,No
C03288,Female,0,Yes,Yes,35,Yes,Yes,Fiber optic,No,No,No,No,No,No,Month-to-month,Yes,Mailed check,49.85,1726.64,Yes
C03289,Female,0,No,No,62,Yes,No,Fiber optic,No,No,No,No,No,No,One year,Yes,Electronic check,57.38,3233.33,No
C03290,Male,0,Yes,No,23,Yes,No,No,No internet service,No internet service,No internet service,No internet service,No internet service,No internet service,Month-to-month,Yes,Bank transfer (automatic),29.3,751.85,No
C03291,Female,0,Yes,No,39,Yes,Yes,DSL,No,No,No,No,No,Yes,Month-to-month,No,Mailed check,41.87,1683.08,No
C03292,Male,0,Yes,No,1,No,No phone service,DSL,No,No,Yes,Yes,No,No,One year,Yes,Electronic check,21.35,18.0,No
C03293,Male,0,No,No,30,Yes,No,Fiber optic,No,No,Yes,Yes,Yes,No,Month-to-month,No,Electronic check,99.23,2952.35,Yes
C03294,Female,0,No,Yes,72,Yes,Yes,DSL,Yes,Yes,Yes,No,No,Yes,One year,Yes,Bank transfer (automatic),40.48,3193.89,No
C03295,Female,0,No,Yes,34,Yes,No,Fiber optic,No,Yes,No,No,No,No,Month-to-month,No,Bank transfer (automatic),73.21,2633.74,Yes
C03296,Female,1,No,Yes,72,Yes,No,No,No internet service,No internet service,No internet service,No internet service,No internet service,No internet service,Month-to-month,Yes,Mailed check,18.0,1275.33,No
C03297,Female,0,No,No,26,Yes,Yes,Fiber optic,Yes,Yes,No,No,No,No,Month-to-month,Yes,Electronic check,77.89,2111.27,Yes
C03298,Female,0,No,No,59,Yes,No,No,No internet service,No internet service,No internet service,No internet service,No internet service,No internet service,Two year,No,Electronic check,29.54,1546.96,No
C03299,Male,0,Yes,No,4,Yes,Yes,Fiber optic,No,Yes,Yes,No,Yes,Yes,Month-to-month,No,Credit card (automatic),38.89,18.0,No
C03300,Female,1,Yes,No,4,Yes,Yes,DSL,Yes,No,No,No,No,No,Month-to-month,Yes,Electronic check,55.81,194.69,Yes
C03301,Female,0,No,No,4,Yes,No,No,No internet service,No internet service,No internet service,No internet service,No internet service,No internet service,Two year,Yes,Electronic check,26.63,435.57,No
C03302,Male,0,Yes,Yes,21,Yes,No,DSL,No,No,Yes,Yes,No,No,Two year,Yes,Bank transfer (automatic),64.6,1419.71,No
C03303,Male,0,No,No,12,Yes,Yes,No,No internet service,No internet service,No internet service,No internet service,No internet service,No internet service,Month-to-month,Yes,Bank transfer (automatic),18.0,729.18,No
C03304,Female,0,Yes,No,40,Yes,Yes,Fiber optic,No,No,No,No,Yes,Yes,Two year,No,Electronic check,84.04,3240.4,No
C03305,Male,0,Yes,Yes,72,Yes,No,No,No internet service,No internet service,No internet service,No internet service,No internet service,No internet service,Month-to-month,Yes,Electronic check,28.89,2069.3,No
C03306,Female,0,No,Yes,30,Yes,No,DSL,No,No,No,No,Yes,No,Month-to-month,Yes,Electronic check,20.83,337.01,No
C03307,Male,1,No,No,7,Yes,No,No,No internet service,No internet service,No internet service,No internet service,No internet service,No internet service,Month-to-month,Yes,Electronic check,24.8,18.0,Yes
C03308,Male,0,No,No,72,Yes,Yes,Fiber optic,No,No,Yes,No,Yes,Yes,Month-to-month,No,Electronic check,73.93,5004.81,Yes
C03309,Female,1,No,No,24,Yes,Yes,DSL,No,No,No,Yes,No,No,Month-to-month,Yes,Electronic check,39.47,1126.03,Yes
C03310,Male,0,Yes,No,40,Yes,No,No,No internet service,No internet service,No internet service,No internet service,No internet service,No internet service,One year,No,Bank transfer (automatic),25.08,1176.59,No
C03311,Male,0,Yes,No,70,Yes,Yes,No,No internet service,No internet service,No internet service,No internet service,No internet service,No internet service,Month-to-month,Yes,Bank transfer (automatic),25.72,1855.71,No
C03312,Male,1,No,No,72,Yes,Yes,Fiber optic,No,No,No,Yes,Yes,No,Month-to-month,No,Electronic check,82.96,5994.42,No
C03313,Male,0,Yes,Yes,22,Yes,No,Fiber optic,Yes,Yes,No,Yes,No,Yes,Month-to-month,Yes,Electronic check,59.64,1364.95,Yes
C03314,Male,0,Yes,No,52,Yes,Yes,Fiber optic,Yes,Yes,Yes,Yes,No,Yes,Month-to-month,Yes,Credit card (automatic),59.14,2774.1,No
C03315,Male,0,Yes,No,26,Yes,Yes,Fiber optic,No,No,No,No,No,Yes,Month-to-month,No,Mailed check,66.72,1735.22,No
C03316,Female,0,Yes,Yes,21,Yes,Yes,No,No internet service,No internet service,No internet service,No internet service,No internet service,No internet service,One year,No,Electronic check,18.0,382.27,No
C03317,Female,0,No,No,24,Yes,No,Fiber optic,No,Yes,Yes,Yes,Yes,Yes,Two year,No,Electronic check,71.7,1950.88,No
C03318,Male,0,No,No,21,Yes,No,DSL,No,No,No,No,No,Yes,Month-to-month,Yes,Electronic check,41.19,707.19,Yes
C03319,Female,0,No,No,17,No,No phone service,DSL,No,Yes,No,No,Yes,Yes,One year,Yes,Credit card (automatic),39.09,709.58,No
C03320,Female,0,No,No,41,Yes,No,Fiber optic,Yes,No,Yes,No,Yes,No,One year,Yes,Credit card (automatic),76.18,2923.26,No
C03321,Female,0,Yes,No,9,Yes,No,Fiber optic,Yes,No,No,No,Yes,Yes,Two year,No,Electronic check,45.16,561.45,No
C03322,Male,0,Yes,No,30,Yes,No,Fiber optic,No,No,Yes,No,Yes,Yes,One year,No,Electronic check,54.07,1775.28,No
C03323,Female,0,Yes,No,39,Yes,Yes,DSL,Yes,No,No,No,No,No,Month-to-month,Yes,Bank transfer (automatic),49.91,2049.7,No
C03324,Male,0,Yes,No,71,Yes,No,DSL,Yes,No,No,Yes,No,No,Month-to-month,No,Electronic check,52.74,3749.3,No
C03325,Female,0,Yes,No,12,Yes,Yes,Fiber optic,Yes,Yes,Yes,Yes,Yes,Yes,Two year,Yes,Mailed check,80.97,905.92,No
C03326,Male,0,Yes,No,63,Yes,No,Fiber optic,No,Yes,Yes,No,No,No,Two year,No,Credit card (automatic),71.79,4951.75,No
C03327,Male,0,No,No,72,Yes,No,DSL,No,No,No,Yes,No,No,One year,No,Bank transfer (automatic),18.0,1561.06,No
C03328,Female,1,No,No,33,Yes,Yes,No,No internet service,No internet service,No internet service,No internet service,No internet service,No internet service,Two year,No,Mailed check,18.0,651.56,No
C03329,Female,0,No,Yes,47,Yes,No,Fiber optic,No,Yes,No,Yes,No,Yes,One year,Yes,Credit card (automatic),80.63,3649.8,No
C03330,Male,0,No,Yes,16,Yes,No,Fiber optic,No,No,No,No,No,No,One year,No,Mailed check,83.7,1368.9,No
C03331,Female,0,Yes,No,72,Yes,Yes,Fiber optic,No,Yes,No,Yes,No,No,Two year,No,Bank transfer (automatic),50.77,3837.02,No
C03332,Female,0,Yes,No,35,Yes,Yes,Fiber optic,No,Yes,No,No,No,No,Two year,Yes,Mailed check,59.25,2233.77,No
C03333,Female,0,Yes,No,11,Yes,Yes,DSL,No,Yes,No,No,Yes,No,Month-to-month,No,Bank transfer (automatic),43.59,426.87,Yes
C03334,Male,0,Yes,No,16,Yes,No,No,No internet service,No internet service,No internet service,No internet service,No internet service,No internet service,Month-to-month,Yes,Electronic check,36.61,468.84,No
C03335,Male,0,Yes,No,30,Yes,No,DSL,Yes,No,No,No,Yes,No,One year,Yes,Electronic check,46.6,1362.89,No
C03336,Female,1,Yes,No,8,Yes,No,Fiber optic,No,Yes,No,No,No,No,Month-to-month,No,Mailed check,50.77,249.85,Yes
C03337,Female,0,No,No,44,Yes,Yes,Fiber optic,Yes,No,Yes,No,No,Yes,One year,Yes,Bank transfer (automatic),53.52,2101.1,No
C03338,Female,0,No,No,8,Yes,Yes,DSL,No,Yes,Yes,Yes,No,No,One year,Yes,Mailed check,46.81,405.01,No
C03339,Male,0,No,No,28,Yes,No,No,No internet service,No internet service,No internet service,No internet service,No internet service,No internet service,Month-to-month,Yes,Electronic check,18.0,784.21,Yes
C03340,Male,1,Yes,No,38,No,No phone service,DSL,No,Yes,No,No,Yes,Yes,Month-to-month,Yes,Electronic check,34.95,1434.48,No
C03341,Female,0,No,No,62,Yes,No,Fiber optic,Yes,No,No,Yes,Yes,No,Two year,No,Credit card (automatic),36.49,2516.34,No
C03342,Female,0,No,No,42,Yes,Yes,Fiber optic,Yes,No,No,Yes,No,Yes,Month-to-month,Yes,Credit card (automatic),57.07,2614.47,No
C03343,Female,0,No,No,51,Yes,Yes,No,No internet service,No internet service,No internet service,No internet service,No internet service,No internet service,Month-to-month,No,Electronic check,45.77,2282.2,No
C03344,Female,0,Yes,Yes,72,Yes,No,DSL,Yes,No,Yes,No,No,No,Month-to-month,No,Credit card (automatic),46.57,3281.42,No
C03345,Female,0,No,Yes,29,Yes,Yes,Fiber optic,Yes,Yes,No,No,Yes,No,One year,No,Bank transfer (automatic),58.54,1633.57,No
C03346,Female,0,No,No,59,Yes,Yes,DSL,Yes,Yes,Yes,Yes,No,Yes,One year,Yes,Electronic check,54.11,3210.44,No
C03347,Male,0,Yes,Yes,8,Yes,Yes,Fiber optic,Yes,No,Yes,No,No,Yes,Two year,Yes,Electronic check,41.14,690.88,Yes
C03348,Female,0,Yes,No,53,Yes,No,Fiber optic,Yes,No,Yes,No,No,No,One year,No,Credit card (automatic),42.34,2554.69,No
C03349,Male,0,Yes,Yes,8,Yes,Yes,DSL,No,No,No,No,No,Yes,One year,No,Mailed check,40.58,444.0,No
C03350,Female,0,No,No,72,Yes,Yes,DSL,No,Yes,Yes,Yes,No,No,One year,Yes,Electronic check,62.16,4429.32,No
C03351,Female,0,No,Yes,12,Yes,Yes,DSL,No,Yes,Yes,No,No,Yes,Two year,No,Bank transfer (automatic),38.4,757.79,No
C03352,Male,0,Yes,Yes,6,Yes,Yes,No,No internet service,No internet service,No internet service,No internet service,No internet service,No internet service,One year,Yes,Electronic check,18.0,141.9,No
C03353,Male,0,Yes,Yes,5,Yes,No,No,No internet service,No internet service,No internet service,No internet service,No internet service,No internet service,Month-to-month,No,Bank transfer (automatic),30.79,185.15,Yes
C03354,Male,0,No,No,6,Yes,No,Fiber optic,No,Yes,No,Yes,Yes,No,Two year,No,Bank transfer (automatic),85.43,316.48,No
C03355,Male,0,Yes,No,18,Yes,No,No,No internet service,No internet service,No internet service,No internet service,No internet service,No internet service,Two year,Yes,Bank transfer (automatic),25.27,359.5,No
C03356,Female,0,Yes,No,23,Yes,Yes,Fiber optic,No,No,Yes,Yes,Yes,Yes,Month-to-month,Yes,Bank transfer (automatic),60.46,1111.77,No
C03357,Male,0,Yes,No,72,Yes,Yes,Fiber optic,Yes,No,Yes,No,No,No,Month-to-month,Yes,Mailed check,86.26,6175.33,No
C03358,Female,0,No,No,15,No,No phone service,Fiber optic,No,No,Yes,Yes,Yes,No,Month-to-month,No,Mailed check,74.97,1234.45,Yes
C03359,Male,0,No,No,7,Yes,Yes,No,No internet service,No internet service,No internet service,No internet service,No internet service,No internet service,Two year,No,Electronic check,18.0,18.0,No
C03360,Female,0,Yes,No,43,Yes,No,DSL,Yes,No,No,No,No,Yes,Two year,No,Mailed check,71.62,3170.6,No
C03361,Female,0,No,Yes,4,No,No phone service,DSL,No,Yes,No,Yes,No,No,One year,No,Credit card (automatic),40.46,27.9,No
C03362,Female,1,No,Yes,71,Yes,Yes,No,No internet service,No internet service,No internet service,No internet service,No internet service,No internet service,Month-to-month,No,Electronic check,18.0,1271.72,No
C03363,Female,0,Yes,No,16,Yes,Yes,No,No internet service,No internet service,No internet service,No internet service,No internet service,No internet service,Month-to-month,No,Bank transfer (automatic),18.0,588.47,No
C03364,Female,1,No,Yes,30,Yes,Yes,DSL,Yes,No,No,No,No,No,Two year,Yes,Electronic check,54.69,1695.85,No
C03365,Female,0,Yes,No,6,Yes,No,Fiber optic,Yes,Yes,Yes,No,No,Yes,Two year,Yes,Credit card (automatic),59.63,68.33,No
C03366,Male,1,No,No,5,Yes,No,DSL,No,Yes,No,No,No,No,One year,No,Electronic check,46.08,187.45,Yes
C03367,Female,0,Yes,No,51,Yes,No,DSL,Yes,No,Yes,Yes,No,No,Month-to-month,Yes,Electronic check,44.45,1968.3,No
C03368,Male,0,No,Yes,17,Yes,No,DSL,No,Yes,Yes,Yes,No,No,Two year,Yes,Credit card (automatic),47.98,896.02,No
C03369,Male,0,Yes,No,72,Yes,No,Fiber optic,Yes,Yes,No,No,Yes,No,One year,Yes,Electronic check,60.84,4464.34,No
C03370,Female,0,No,No,23,Yes,Yes,Fiber optic,Yes,Yes,No,No,Yes,No,Two year,Yes,Credit card (automatic),73.54,1795.6,No
C03371,Male,0,Yes,No,59,Yes,No,DSL,No,No,Yes,No,No,No,One year,No,Bank transfer (automatic),66.05,3553.14,No
C03372,Female,0,No,No,72,Yes,No,DSL,Yes,No,No,No,Yes,Yes,Two year,Yes,Bank transfer (automatic),50.57,3985.86,No
C03373,Male,0,Yes,Yes,10,Yes,No,Fiber optic,No,No,No,No,No,No,Month-to-month,Yes,Electronic check,71.46,806.24,Yes
C03374,Female,0,No,No,51,Yes,Yes,DSL,Yes,No,No,No,No,No,One year,Yes,Credit card (automatic),38.81,2157.72,No
C03375,Male,0,No,No,1,Yes,Yes,DSL,Yes,No,No,No,No,No,Two year,No,Electronic check,22.19,258.8,No
C03376,Female,0,Yes,Yes,36,No,No phone service,No,No internet service,No internet service,No internet service,No internet service,No internet service,No internet service,One year,No,Credit card (automatic),38.38,1605.39,No
C03377,Female,0,No,Yes,43,Yes,Yes,Fiber optic,No,No,Yes,Yes,No,Yes,Month-to-month,No,Bank transfer (automatic),60.19,2631.64,Yes
C03378,Female,0,Yes,No,20,No,No phone service,Fiber optic,No,No,No,No,No,No,Two year,Yes,Mailed check,40.34,610.61,Yes
C03379,Female,0,No,No,5,Yes,No,Fiber optic,Yes,No,Yes,No,No,No,Two year,Yes,Electronic check,67.99,106.47,No
C03380,Male,1,No,No,30,Yes,No,DSL,No,No,No,No,Yes,No,One year,Yes,Mailed check,43.05,954.66,No
C03381,Female,0,Yes,Yes,72,Yes,No,Fiber optic,No,Yes,No,Yes,Yes,Yes,One year,Yes,Electronic check,52.01,3763.91,No
C03382,Male,0,No,No,72,Yes,No,No,No internet service,No internet service,No internet service,No internet service,No internet service,No internet service,Month-to-month,No,Mailed check,20.8,1499.56,No
C03383,Male,0,Yes,No,43,Yes,Yes,DSL,No,No,No,Yes,No,No,Month-to-month,No,Electronic check,56.96,2399.76,No
C03384,Male,0,Yes,No,9,Yes,Yes,No,No internet service,No internet service,No internet service,No internet service,No internet service,No internet service,Month-to-month,No,Electronic check,21.88,237.13,Yes
C03385,Female,0,No,No,65,Yes,No,Fiber optic,Yes,No,No,Yes,No,No,One year,Yes,Mailed check,66.63,4245.7,No
C03386,Male,0,No,No,70,Yes,Yes,No,No internet service,No internet service,No internet service,No internet service,No internet service,No internet service,Two year,Yes,Electronic check,28.82,1907.36,No
C03387,Male,0,Yes,Yes,14,Yes,No,No,No internet service,No internet service,No internet service,No internet service,No internet service,No internet service,One year,Yes,Bank transfer (automatic),22.42,314.11,No
C03388,Male,1,Yes,No,6,Yes,No,No,No internet service,No internet service,No internet service,No internet service,No internet service,No internet service,Month-to-month,Yes,Electronic check,18.0,130.62,Yes
C03389,Female,0,No,No,66,Yes,No,DSL,Yes,No,Yes,Yes,Yes,Yes,Two year,No,Bank transfer (automatic),39.82,2771.6,No
C03390,Female,0,Yes,No,69,No,No phone service,DSL,Yes,Yes,Yes,Yes,Yes,Yes,Month-to-month,No,Bank transfer (automatic),28.82,2139.6,No
C03391,Male,1,No,No,3,Yes,Yes,Fiber optic,Yes,Yes,Yes,No,No,Yes,Month-to-month,Yes,Electronic check,44.91,169.98,Yes
C03392,Female,0,No,No,72,Yes,No,Fiber optic,No,No,Yes,Yes,No,No,Two year,Yes,Bank transfer (automatic),74.83,5332.23,No
C03393,Female,0,Yes,No,24,Yes,No,Fiber optic,No,No,Yes,Yes,Yes,No,Month-to-month,Yes,Electronic check,83.74,1669.59,Yes
C03394,Male,0,Yes,No,72,Yes,No,DSL,Yes,Yes,No,No,No,No,One year,Yes,Credit card (automatic),34.64,2509.3,No
C03395,Male,0,No,Yes,18,Yes,No,Fiber optic,Yes,No,Yes,No,Yes,No,Month-to-month,Yes,Electronic check,67.39,1257.77,Yes
C03396,Female,0,Yes,No,24,Yes,Yes,DSL,Yes,Yes,No,No,Yes,Yes,One year,Yes,Electronic check,44.09,1134.87,No
C03397,Male,0,No,Yes,9,Yes,Yes,Fiber optic,Yes,Yes,No,Yes,Yes,No,One year,Yes,Bank transfer (automatic),67.77,813.1,No
C03398,Female,0,No,No,72,Yes,No,Fiber optic,No,Yes,No,No,No,No,One year,No,Mailed check,84.85,5933.16,No
C03399,Female,1,No,Yes,18,Yes,Yes,No,No internet service,No internet service,No internet service,No internet service,No internet service,No internet service,Month-to-month,Yes,Credit card (automatic),18.0,397.85,No
C03400,Female,0,Yes,No,53,Yes,Yes,Fiber optic,No,No,No,No,Yes,No,Two year,No,Bank transfer (automatic),98.31,4835.02,No
C03401,Female,1,Yes,No,2,Yes,No,No,No internet service,No internet service,No internet service,No internet service,No internet service,No internet service,One year,Yes,Electronic check,18.0,18.0,No
C03402,Female,1,No,No,49,Yes,No,No,No internet service,No internet service,No internet service,No internet service,No internet service,No internet service,Month-to-month,Yes,Bank transfer (automatic),29.08,1733.72,Yes
C03403,Female,0,No,Yes,21,Yes,No,Fiber optic,No,Yes,No,Yes,No,No,One year,Yes,Mailed check,66.34,1311.96,Yes
C03404,Male,0,No,No,1,Yes,No,DSL,No,Yes,No,No,No,No,Month-to-month,No,Electronic check,44.98,119.38,Yes
C03405,Male,0,Yes,No,8,Yes,No,DSL,Yes,Yes,No,Yes,No,No,Month-to-month,Yes,Electronic check,31.21,150.99,No
C03406,Female,0,No,Yes,6,Yes,No,No,No internet service,No internet service,No internet service,No internet service,No internet service,No internet service,Month-to-month,No,Credit card (automatic),23.92,147.48,No
C03407,Female,0,Yes,No,44,Yes,No,Fiber optic,Yes,No,Yes,No,No,No,One year,No,Electronic check,78.8,3425.32,No
C03408,Female,1,No,No,20,Yes,Yes,Fiber optic,Yes,No,Yes,No,No,No,Two year,No,Bank transfer (automatic),71.16,1179.77,Yes
C03409,Male,0,No,No,5,Yes,Yes,DSL,No,Yes,No,No,No,No,Two year,Yes,Credit card (automatic),21.18,205.94,No
C03410,Female,0,No,No,9,Yes,Yes,DSL,Yes,Yes,Yes,No,Yes,Yes,Two year,Yes,Mailed check,34.28,74.5,No
C03411,Male,0,Yes,No,22,Yes,No,DSL,No,Yes,No,No,No,No,Two year,No,Electronic check,19.73,433.06,No
C03412,Female,0,No,No,1,Yes,Yes,DSL,No,No,No,No,Yes,No,Month-to-month,Yes,Bank transfer (automatic),33.05,329.72,Yes
C03413,Female,0,Yes,No,17,Yes,No,Fiber optic,Yes,No,No,No,No,Yes,One year,Yes,Electronic check,52.12,878.59,No
C03414,Male,0,No,Yes,36,Yes,No,Fiber optic,No,No,Yes,Yes,No,No,Two year,No,Bank transfer (automatic),87.53,3132.24,No
C03415,Male,0,Yes,Yes,23,No,No phone service,No,No internet service,No internet service,No internet service,No internet service,No internet service,No internet service,One year,No,Credit card (automatic),30.91,391.85,No
C03416,Female,0,Yes,No,29,Yes,No,Fiber optic,No,Yes,Yes,No,Yes,No,One year,No,Mailed check,104.69,3303.51,No
C03417,Female,0,Yes,No,12,Yes,No,No,No internet service,No internet service,No internet service,No internet service,No internet service,No internet service,Month-to-month,Yes,Bank transfer (automatic),34.5,451.0,No
C03418,Female,0,No,Yes,6,Yes,Yes,DSL,No,No,No,No,No,No,Two year,No,Credit card (automatic),18.0,547.76,No
C03419,Male,0,No,No,53,Yes,Yes,Fiber optic,Yes,No,No,No,No,No,Month-to-month,Yes,Mailed check,65.63,3153.14,Yes
C03420,Male,0,No,No,72,Yes,Yes,DSL,No,No,Yes,No,No,No,Month-to-month,Yes,Credit card (automatic),18.59,1311.3,No
C03421,Male,0,No,Yes,22,Yes,Yes,No,No internet service,No internet service,No internet service,No internet service,No internet service,No internet service,Month-to-month,Yes,Bank transfer (automatic),32.39,729.6,No
C03422,Male,0,No,Yes,11,Yes,Yes,DSL,Yes,No,Yes,No,Yes,No,Month-to-month,No,Mailed check,59.06,771.46,Yes
C03423,Male,0,Yes,No,22,Yes,Yes,No,No internet service,No internet service,No internet service,No internet service,No internet service,No internet service,Month-to-month,Yes,Bank transfer (automatic),18.0,277.12,No
C03424,Male,1,No,No,67,Yes,Yes,No,No internet service,No internet service,No internet service,No internet service,No internet service,No internet service,Month-to-month,Yes,Mailed check,18.0,956.28,No
C03425,Female,0,No,No,37,Yes,No,Fiber optic,No,Yes,No,No,No,Yes,Month-to-month,Yes,Electronic check,77.19,2900.66,Yes
C03426,Female,0,Yes,No,62,Yes,No,Fiber optic,No,Yes,Yes,No,Yes,No,Two year,Yes,Mailed check,86.16,5283.48,No
C03427,Male,1,Yes,No,12,Yes,No,Fiber optic,Yes,Yes,No,Yes,No,Yes,Two year,Yes,Mailed check,66.16,1068.88,No
C03428,Female,0,Yes,No,39,Yes,No,Fiber optic,No,No,Yes,Yes,No,Yes,Month-to-month,No,Electronic check,46.13,1891.56,No
C03429,Female,0,Yes,Yes,33,Yes,Yes,Fiber optic,No,No,Yes,Yes,No,Yes,Month-to-month,Yes,Credit card (automatic),43.88,1473.38,No
C03430,Male,1,Yes,No,27,Yes,Yes,DSL,No,No,No,No,No,No,Month-to-month,Yes,Bank transfer (automatic),26.92,736.92,No
C03431,Female,0,Yes,No,24,Yes,Yes,No,No internet service,No internet service,No internet service,No internet service,No internet service,No internet service,Two year,Yes,Mailed check,23.16,721.86,No
C03432,Male,0,No,No,25,Yes,No,DSL,Yes,Yes,No,No,No,No,Month-to-month,Yes,Bank transfer (automatic),59.38,1717.08,Yes
C03433,Male,1,Yes,No,60,Yes,Yes,Fiber optic,No,No,No,No,No,No,Month-to-month,No,Bank transfer (automatic),79.5,4630.74,No
C03434,Female,0,Yes,Yes,72,Yes,No,DSL,Yes,No,No,No,No,No,Two year,No,Mailed check,45.85,3335.92,No
C03435,Male,0,No,No,3,Yes,Yes,No,No internet service,No internet service,No internet service,No internet service,No internet service,No internet service,Two year,Yes,Mailed check,24.76,18.0,No
C03436,Male,0,No,No,26,Yes,No,Fiber optic,No,No,Yes,No,No,Yes,Month-to-month,Yes,Mailed check,54.98,1587.12,No
C03437,Male,0,Yes,No,72,Yes,Yes,Fiber optic,Yes,No,No,Yes,No,Yes,Month-to-month,No,Electronic check,58.92,4254.08,No
C03438,Male,0,No,Yes,4,Yes,No,DSL,No,No,No,Yes,Yes,No,One year,No,Bank transfer (automatic),36.65,145.39,No
C03439,Male,0,Yes,No,17,Yes,No,No,No internet service,No internet service,No internet service,No internet service,No internet service,No internet service,One year,Yes,Electronic check,18.0,302.01,No
C03440,Male,1,Yes,No,2,Yes,No,DSL,No,Yes,Yes,Yes,No,No,One year,No,Electronic check,42.72,18.0,No
C03441,Male,1,Yes,Yes,3,Yes,No,Fiber optic,Yes,No,No,Yes,Yes,No,Month-to-month,No,Bank transfer (automatic),70.67,18.0,No
C03442,Male,1,No,Yes,72,Yes,Yes,No,No internet service,No internet service,No internet service,No internet service,No internet service,No internet service,Two year,Yes,Electronic check,18.0,1291.41,No
C03443,Female,0,No,No,18,Yes,No,DSL,No,No,No,No,No,Yes,Month-to-month,Yes,Credit card (automatic),49.78,1161.43,No
C03444,Female,0,No,Yes,37,Yes,No,Fiber optic,Yes,No,Yes,No,No,No,Month-to-month,Yes,Electronic check,63.08,2503.47,Yes
C03445,Female,1,No,No,4,Yes,Yes,DSL,Yes,Yes,Yes,Yes,No,No,Month-to-month,No,Electronic check,24.48,94.01,Yes
C03446,Male,1,No,No,1,Yes,No,Fiber optic,No,Yes,No,Yes,No,Yes,Month-to-month,No,Mailed check,68.09,18.0,Yes
C03447,Male,0,No,No,70,Yes,Yes,Fiber optic,Yes,No,No,No,No,Yes,Month-to-month,Yes,Mailed check,85.25,5767.69,No
C03448,Female,0,No,No,27,No,No phone service,No,No internet service,No internet service,No internet service,No internet service,No internet service,No internet service,Month-to-month,Yes,Electronic check,18.0,482.92,No
C03449,Female,0,Yes,No,1,Yes,No,DSL,No,No,No,No,No,No,Two year,No,Credit card (automatic),37.79,234.77,No
C03450,Female,0,Yes,No,72,No,No phone service,Fiber optic,Yes,Yes,Yes,No,No,Yes,Month-to-month,Yes,Electronic check,40.99,3231.82,No
C03451,Male,0,No,Yes,21,No,No phone service,No,No internet service,No internet service,No internet service,No internet service,No internet service,No internet service,Month-to-month,Yes,Mailed check,18.0,248.76,No
C03452,Female,1,No,Yes,20,Yes,Yes,No,No internet service,No internet service,No internet service,No internet service,No internet service,No internet service,Two year,Yes,Bank transfer (automatic),44.38,844.32,No
C03453,Female,0,No,Yes,31,Yes,No,DSL,Yes,No,No,Yes,No,Yes,Month-to-month,Yes,Bank transfer (automatic),42.55,958.04,No
C03454,Male,0,Yes,No,1,Yes,No,DSL,No,No,No,No,No,Yes,Two year,Yes,Mailed check,27.26,18.0,No
C03455,Female,0,No,No,26,Yes,Yes,Fiber optic,Yes,Yes,Yes,Yes,No,Yes,Month-to-month,Yes,Electronic check,56.23,1109.26,Yes
C03456,Male,0,No,Yes,31,Yes,No,Fiber optic,No,No,Yes,No,Yes,Yes,Two year,Yes,Electronic check,61.4,1846.03,No
C03457,Male,0,Yes,No,11,No,No phone service,DSL,No,Yes,No,No,Yes,No,One year,Yes,Credit card (automatic),25.36,322.37,No
C03458,Male,0,No,No,41,Yes,No,No,No internet service,No internet service,No internet service,No internet service,No internet service,No internet service,Two year,Yes,Credit card (automatic),31.44,1517.81,No
C03459,Female,0,No,No,15,No,No phone service,Fiber optic,Yes,Yes,Yes,No,Yes,No,One year,Yes,Electronic check,85.44,1488.29,Yes
C03460,Female,0,No,Yes,40,Yes,No,DSL,Yes,No,No,No,No,No,Two year,No,Electronic check,35.47,1430.14,No
C03461,Male,0,No,No,4,Yes,No,Fiber optic,Yes,Yes,No,No,Yes,Yes,Two year,No,Credit card (automatic),65.11,141.45,Yes
C03462,Female,0,Yes,No,72,Yes,No,Fiber optic,Yes,Yes,Yes,Yes,Yes,No,Month-to-month,No,Credit card (automatic),87.77,6223.39,No
C03463,Female,0,Yes,Yes,67,Yes,No,Fiber optic,No,Yes,No,No,Yes,No,Two year,No,Bank transfer (automatic),67.02,4408.56,No
C03464,Female,1,No,No,5,No,No phone service,Fiber optic,No,Yes,Yes,No,No,Yes,Two year,No,Mailed check,97.0,433.38,Yes
C03465,Female,0,No,Yes,72,Yes,Yes,DSL,No,No,No,Yes,Yes,No,One year,Yes,Electronic check,50.37,3648.13,No
C03466,Male,0,No,No,26,Yes,No,Fiber optic,No,No,No,No,No,Yes,Month-to-month,Yes,Mailed check,73.55,1982.35,Yes
C03467,Female,0,Yes,No,38,Yes,Yes,No,No internet service,No internet service,No internet service,No internet service,No internet service,No internet service,Month-to-month,No,Credit card (automatic),28.23,1115.92,No
C03468,Male,1,Yes,No,58,Yes,No,Fiber optic,No,No,No,Yes,No,No,One year,Yes,Bank transfer (automatic),66.63,3746.35,No
C03469,Male,0,Yes,Yes,2,Yes,No,Fiber optic,Yes,No,Yes,No,No,No,One year,No,Credit card (automatic),60.07,450.71,No
C03470,Female,0,Yes,No,5,Yes,Yes,No,No internet service,No internet service,No internet service,No internet service,No internet service,No internet service,Two year,Yes,Credit card (automatic),18.0,18.0,No
C03471,Male,0,No,Yes,10,Yes,No,DSL,No,No,Yes,No,No,Yes,Month-to-month,Yes,Mailed check,40.08,18.0,Yes
C03472,Female,0,No,No,20,Yes,No,Fiber optic,No,No,No,Yes,Yes,No,One year,Yes,Electronic check,51.43,1436.68,No
C03473,Female,1,Yes,No,13,Yes,Yes,No,No internet service,No internet service,No internet service,No internet service,No internet service,No internet service,Two year,Yes,Credit card (automatic),18.0,478.0,No
C03474,Male,0,Yes,No,22,Yes,No,Fiber optic,No,No,No,No,No,No,Two year,Yes,Credit card (automatic),54.63,1728.61,No
C03475,Male,0,Yes,No,6,Yes,No,No,No internet service,No internet service,No internet service,No internet service,No internet service,No internet service,Month-to-month,Yes,Mailed check,18.0,395.16,No
C03476,Male,0,Yes,Yes,36,Yes,Yes,DSL,Yes,No,No,No,Yes,No,Month-to-month,Yes,Credit card (automatic),64.11,2754.27,No
C03477,Male,0,No,No,1,Yes,No,Fiber optic,No,No,No,No,No,Yes,Month-to-month,Yes,Mailed check,61.16,18.0,Yes
C03478,Female,0,No,Yes,14,Yes,Yes,No,No internet service,No internet service,No internet service,No internet service,No internet service,No internet service,One year,Yes,Bank transfer (automatic),18.0,123.78,No
C03479,Female,0,No,Yes,6,Yes,No,DSL,No,Yes,Yes,No,Yes,Yes,Month-to-month,Yes,Electronic check,35.46,112.98,Yes
C03480,Female,0,Yes,No,41,Yes,No,No,No internet service,No internet service,No internet service,No internet service,No internet service,No internet service,Month-to-month,No,Credit card (automatic),28.18,997.47,No
C03481,Male,0,No,No,68,No,No phone service,DSL,No,No,No,No,Yes,Yes,Two year,Yes,Electronic check,44.64,2904.33,No
C03482,Male,0,Yes,Yes,2,Yes,Yes,No,No internet service,No internet service,No internet service,No internet service,No internet service,No internet service,Month-to-month,Yes,Bank transfer (automatic),25.39,18.0,No
C03483,Male,0,No,No,49,Yes,Yes,No,No internet service,No internet service,No internet service,No internet service,No internet service,No internet service,Month-to-month,Yes,Electronic check,26.57,1238.09,No
C03484,Female,0,No,Yes,72,Yes,Yes,Fiber optic,No,Yes,No,Yes,No,No,Two year,Yes,Electronic check,57.37,4666.22,No
C03485,Male,0,No,Yes,72,No,No phone service,Fiber optic,No,Yes,No,No,Yes,Yes,Month-to-month,Yes,Bank transfer (automatic),61.74,4165.81,No
C03486,Female,0,Yes,Yes,27,Yes,No,Fiber optic,Yes,No,No,Yes,No,No,Two year,Yes,Bank transfer (automatic),60.66,1892.55,No
C03487,Male,0,Yes,No,12,Yes,No,No,No internet service,No internet service,No internet service,No internet service,No internet service,No internet service,Two year,Yes,Credit card (automatic),18.0,190.41,No
C03488,Female,0,No,No,12,No,No phone service,Fiber optic,Yes,Yes,Yes,No,No,No,One year,No,Electronic check,65.53,669.55,No
C03489,Female,0,Yes,No,15,No,No phone service,No,No internet service,No internet service,No internet service,No internet service,No internet service,No internet service,One year,Yes,Electronic check,18.0,194.76,No
C03490,Male,0,Yes,Yes,30,Yes,No,DSL,Yes,No,No,Yes,No,No,Month-to-month,No,Credit card (automatic),61.56,1455.51,No
C03491,Male,0,No,No,21,Yes,No,Fiber optic,Yes,Yes,No,No,Yes,No,Month-to-month,No,Electronic check,92.28,2237.06,Yes
C03492,Female,0,Yes,No,33,Yes,No,DSL,Yes,Yes,Yes,No,Yes,Yes,Month-to-month,Yes,Bank transfer (automatic),26.73,800.57,No
C03493,Female,0,No,No,1,Yes,No,DSL,Yes,Yes,No,Yes,No,No,Month-to-month,Yes,Bank transfer (automatic),21.55,18.0,Yes
C03494,Male,0,Yes,No,3,Yes,No,Fiber optic,Yes,Yes,Yes,Yes,No,No,Month-to-month,Yes,Credit card (automatic),84.86,302.87,No
C03495,Male,1,No,No,72,Yes,No,Fiber optic,Yes,Yes,No,Yes,No,No,Month-to-month,No,Mailed check,90.47,6678.35,No
C03496,Female,0,Yes,No,72,Yes,No,DSL,No,Yes,No,No,No,No,Two year,Yes,Electronic check,31.25,2254.18,No
C03497,Male,1,No,No,43,Yes,Yes,Fiber optic,No,No,Yes,Yes,No,Yes,Two year,No,Electronic check,59.58,2665.94,No
C03498,Female,0,Yes,No,9,Yes,No,No,No internet service,No internet service,No internet service,No internet service,No internet service,No internet service,Two year,No,Electronic check,18.0,18.0,No
C03499,Female,0,No,No,72,Yes,No,Fiber optic,No,No,No,No,No,No,One year,Yes,Mailed check,73.83,5260.71,No
C03500,Male,0,No,No,7,Yes,No,DSL,No,Yes,Yes,Yes,No,No,One year,Yes,Mailed check,57.33,135.37,No
C03501,Male,1,Yes,Yes,42,Yes,No,No,No internet service,No internet service,No internet service,No internet service,No internet service,No internet service,One year,Yes,Credit card (automatic),18.0,758.06,No
C03502,Male,0,Yes,No,3,Yes,Yes,Fiber optic,No,Yes,No,Yes,Yes,Yes,Two year,Yes,Mailed check,58.22,195.34,No
C03503,Male,0,Yes,No,33,Yes,No,DSL,Yes,No,Yes,No,Yes,No,Month-to-month,No,Mailed check,30.06,874.8,No
C03504,Male,0,Yes,Yes,45,Yes,No,No,No internet service,No internet service,No internet service,No internet service,No internet service,No internet service,Month-to-month,No,Credit card (automatic),18.0,1165.49,No
C03505,Female,0,No,Yes,62,Yes,No,DSL,Yes,No,Yes,No,No,No,Month-to-month,Yes,Mailed check,19.1,1121.69,No
C03506,Female,0,Yes,No,42,Yes,No,DSL,No,No,No,No,No,Yes,Two year,No,Credit card (automatic),62.67,2726.95,No
C03507,Male,0,No,No,72,No,No phone service,DSL,Yes,No,No,No,No,No,One year,No,Bank transfer (automatic),39.1,3073.56,No
C03508,Male,0,No,Yes,23,Yes,No,Fiber optic,No,No,No,Yes,No,No,Month-to-month,No,Electronic check,67.64,1378.71,Yes
C03509,Male,0,Yes,Yes,36,Yes,Yes,Fiber optic,No,Yes,No,No,Yes,Yes,Two year,Yes,Mailed check,64.05,2472.64,No
C03510,Female,0,No,No,14,Yes,No,Fiber optic,Yes,No,No,No,No,No,Month-to-month,No,Electronic check,62.21,1009.67,No
C03511,Male,0,Yes,Yes,1,Yes,No,Fiber optic,No,No,No,No,No,No,Two year,No,Electronic check,76.79,126.44,Yes
C03512,Male,0,Yes,Yes,45,Yes,Yes,Fiber optic,Yes,No,No,No,Yes,Yes,Month-to-month,Yes,Credit card (automatic),85.02,3998.45,No
C03513,Female,1,Yes,No,65,No,No phone service,DSL,No,No,Yes,No,Yes,No,One year,No,Electronic check,38.14,2311.86,No
C03514,Female,1,No,No,6,Yes,Yes,DSL,No,Yes,Yes,No,No,No,Two year,No,Credit card (automatic),30.89,372.21,No
C03515,Male,1,Yes,No,1,Yes,No,DSL,Yes,No,No,No,Yes,Yes,Month-to-month,No,Bank transfer (automatic),54.66,141.22,Yes
C03516,Male,0,No,Yes,5,Yes,Yes,Fiber optic,No,No,No,No,Yes,No,Two year,Yes,Credit card (automatic),83.86,561.67,Yes
C03517,Male,1,Yes,No,72,Yes,No,No,No internet service,No internet service,No internet service,No internet service,No internet service,No internet service,Two year,Yes,Electronic check,18.0,1241.89,No
C03518,Female,0,No,Yes,11,Yes,Yes,DSL,Yes,Yes,No,No,No,No,Month-to-month,Yes,Mailed check,54.91,486.11,Yes
C03519,Male,0,No,No,8,Yes,No,No,No internet service,No internet service,No internet service,No internet service,No internet service,No internet service,Month-to-month,No,Credit card (automatic),44.7,131.62,Yes
C03520,Male,0,Yes,Yes,1,No,No phone service,DSL,No,No,Yes,No,Yes,Yes,Month-to-month,Yes,Bank transfer (automatic),42.09,18.0,Yes
C03521,Male,0,No,Yes,11,Yes,Yes,No,No internet service,No internet service,No internet service,No internet service,No internet service,No internet service,One year,Yes,Bank transfer (automatic),28.29,226.79,No
C03522,Female,1,No,No,40,Yes,Yes,No,No internet service,No internet service,No internet service,No internet service,No internet service,No internet service,Month-to-month,Yes,Electronic check,18.0,562.31,No
C03523,Female,0,Yes,No,72,No,No phone service,Fiber optic,Yes,No,No,No,Yes,Yes,Month-to-month,Yes,Mailed check,74.55,5641.91,No
C03524,Male,0,Yes,Yes,12,Yes,No,DSL,No,Yes,No,Yes,No,No,Month-to-month,Yes,Mailed check,60.88,889.41,Yes
C03525,Male,0,Yes,No,8,Yes,Yes,Fiber optic,Yes,No,Yes,No,No,No,Month-to-month,No,Credit card (automatic),70.27,797.75,Yes
C03526,Female,0,No,No,70,No,No phone service,DSL,Yes,Yes,No,Yes,Yes,No,Two year,No,Bank transfer (automatic),43.06,2853.52,No
C03527,Female,0,No,No,61,Yes,No,Fiber optic,Yes,No,No,Yes,Yes,No,Month-to-month,Yes,Mailed check,69.53,4392.85,No
C03528,Female,0,Yes,No,12,Yes,No,Fiber optic,No,No,No,No,No,Yes,One year,Yes,Mailed check,72.39,739.17,No
C03529,Female,0,Yes,No,2,Yes,Yes,Fiber optic,Yes,No,No,Yes,No,No,Month-to-month,No,Credit card (automatic),77.87,44.49,Yes
C03530,Female,0,No,No,72,Yes,No,Fiber optic,Yes,No,No,No,No,No,One year,Yes,Bank transfer (automatic),80.47,5851.13,No
C03531,Female,0,No,Yes,36,Yes,No,Fiber optic,Yes,Yes,No,Yes,Yes,Yes,Two year,Yes,Bank transfer (automatic),58.6,2213.49,No
C03532,Female,0,No,No,72,Yes,Yes,No,No internet service,No internet service,No internet service,No internet service,No internet service,No internet service,Month-to-month,Yes,Mailed check,18.0,1153.19,No
C03533,Female,0,No,Yes,13,No,No phone service,DSL,Yes,Yes,No,No,No,No,Month-to-month,No,Mailed check,43.79,536.69,No
C03534,Female,1,Yes,Yes,33,Yes,No,No,No internet service,No internet service,No internet service,No internet service,No internet service,No internet service,Month-to-month,Yes,Mailed check,18.08,380.56,No
C03535,Male,0,Yes,Yes,35,Yes,No,Fiber optic,Yes,No,No,No,No,No,Two year,Yes,Credit card (automatic),55.73,2006.87,No
C03536,Male,0,Yes,Yes,66,Yes,Yes,DSL,No,No,No,No,No,Yes,Month-to-month,Yes,Electronic check,45.11,2662.45,No
C03537,Male,0,No,No,72,Yes,Yes,DSL,No,No,Yes,Yes,No,Yes,Month-to-month,No,Electronic check,52.39,3853.02,No
C03538,Female,0,Yes,No,3,Yes,Yes,DSL,Yes,No,Yes,No,Yes,No,Month-to-month,Yes,Bank transfer (automatic),55.83,313.09,Yes
C03539,Male,0,Yes,No,31,Yes,No,DSL,Yes,No,Yes,Yes,No,No,Month-to-month,Yes,Credit card (automatic),34.88,928.68,No
C03540,Female,0,No,Yes,13,No,No phone service,Fiber optic,No,Yes,Yes,No,No,No,One year,No,Credit card (automatic),75.69,924.79,Yes
C03541,Female,0,Yes,No,53,Yes,Yes,Fiber optic,No,No,Yes,No,No,No,One year,No,Credit card (automatic),87.64,4594.1,No
C03542,Male,0,Yes,No,44,No,No phone service,Fiber optic,No,Yes,No,Yes,No,Yes,Two year,Yes,Mailed check,53.42,2466.75,No
C03543,Female,0,No,No,71,Yes,Yes,DSL,No,Yes,No,Yes,Yes,No,Month-to-month,No,Credit card (automatic),19.07,1077.18,No
C03544,Male,0,Yes,Yes,13,No,No phone service,Fiber optic,Yes,No,Yes,Yes,Yes,No,Month-to-month,Yes,Mailed check,56.87,445.38,Yes
C03545,Male,0,Yes,Yes,6,Yes,No,Fiber optic,Yes,No,No,No,No,No,Month-to-month,Yes,Mailed check,77.05,369.08,Yes
C03546,Male,0,No,No,1,Yes,No,No,No internet service,No internet service,No internet service,No internet service,No internet service,No internet service,Month-to-month,No,Credit card (automatic),18.0,610.71,No
C03547,Female,1,Yes,No,9,Yes,No,DSL,No,No,No,Yes,Yes,Yes,Two year,Yes,Bank transfer (automatic),37.34,498.84,No
C03548,Male,0,Yes,No,14,Yes,No,No,No internet service,No internet service,No internet service,No internet service,No internet service,No internet service,Month-to-month,Yes,Bank transfer (automatic),18.0,459.92,No
C03549,Female,0,No,Yes,72,Yes,No,DSL,No,Yes,Yes,Yes,Yes,No,Month-to-month,No,Electronic check,66.1,4646.87,No
C03550,Male,0,Yes,Yes,21,Yes,No,DSL,No,Yes,Yes,No,No,No,One year,Yes,Mailed check,49.68,1052.99,No
C03551,Male,1,No,Yes,26,Yes,No,Fiber optic,No,Yes,Yes,No,No,No,Two year,No,Electronic check,52.64,1399.33,No
C03552,Male,0,Yes,No,67,No,No phone service,Fiber optic,No,No,No,No,No,Yes,One year,Yes,Electronic check,95.33,6909.96,No
C03553,Female,0,Yes,No,69,Yes,No,DSL,No,No,No,Yes,No,Yes,One year,Yes,Bank transfer (automatic),38.82,2704.52,No
C03554,Female,0,Yes,Yes,24,Yes,Yes,DSL,No,Yes,No,Yes,No,Yes,Month-to-month,No,Electronic check,49.03,1294.18,No
C03555,Female,1,Yes,No,3,Yes,No,Fiber optic,No,No,No,No,No,Yes,Two year,No,Mailed check,71.93,224.12,Yes
C03556,Male,1,Yes,No,10,No,No phone service,Fiber optic,No,No,No,No,No,No,Two year,Yes,Mailed check,87.15,772.7,Yes
C03557,Male,0,Yes,No,19,Yes,Yes,DSL,No,Yes,No,Yes,No,Yes,One year,Yes,Bank transfer (automatic),60.67,1345.75,No
C03558,Female,0,No,Yes,44,Yes,Yes,No,No internet service,No internet service,No internet service,No internet service,No internet service,No internet service,Month-to-month,Yes,Mailed check,31.97,1248.25,No
C03559,Female,0,Yes,No,39,Yes,No,Fiber optic,No,Yes,No,No,No,Yes,Month-to-month,Yes,Bank transfer (automatic),85.0,3357.96,Yes
C03560,Female,0,No,No,32,Yes,Yes,DSL,No,No,No,No,No,No,Month-to-month,Yes,Electronic check,34.78,1243.95,Yes
C03561,Female,0,Yes,No,67,Yes,Yes,Fiber optic,No,No,No,Yes,No,No,Month-to-month,Yes,Bank transfer (automatic),60.38,3821.1,No
C03562,Female,0,Yes,No,51,Yes,Yes,DSL,Yes,No,No,No,No,No,One year,Yes,Bank transfer (automatic),37.14,2102.59,No
C03563,Female,0,Yes,Yes,72,Yes,Yes,DSL,No,No,No,No,No,Yes,Two year,No,Mailed check,37.17,2968.11,No
C03564,Male,0,No,Yes,70,Yes,No,No,No internet service,No internet service,No internet service,No internet service,No internet service,No internet service,One year,Yes,Electronic check,21.54,1501.66,No
C03565,Female,0,No,No,6,Yes,No,DSL,No,No,No,No,No,Yes,Two year,Yes,Bank transfer (automatic),41.43,377.18,No
C03566,Male,0,No,No,1,Yes,No,Fiber optic,No,No,Yes,No,No,Yes,Two year,No,Mailed check,59.84,201.75,Yes
C03567,Male,0,Yes,No,17,Yes,No,DSL,Yes,Yes,No,Yes,No,No,Month-to-month,Yes,Mailed check,44.41,577.81,No
C03568,Female,1,Yes,No,30,Yes,No,DSL,Yes,Yes,Yes,Yes,Yes,Yes,Month-to-month,Yes,Credit card (automatic),35.85,1426.12,No
C03569,Female,0,No,No,32,Yes,No,DSL,No,No,No,No,Yes,Yes,One year,Yes,Electronic check,45.77,1397.77,No
C03570,Male,0,Yes,No,9,Yes,Yes,Fiber optic,Yes,Yes,No,No,No,No,One year,Yes,Mailed check,90.96,798.46,No
C03571,Female,0,Yes,No,62,Yes,No,Fiber optic,Yes,No,No,No,Yes,No,Month-to-month,Yes,Bank transfer (automatic),85.1,5334.56,No
C03572,Female,0,Yes,No,12,Yes,No,DSL,Yes,Yes,No,No,Yes,No,Two year,No,Credit card (automatic),46.16,653.37,No
C03573,Male,0,Yes,No,72,Yes,No,Fiber optic,No,Yes,No,Yes,No,No,Two year,Yes,Credit card (automatic),95.23,6745.09,No
C03574,Male,0,Yes,No,20,Yes,No,Fiber optic,No,No,Yes,No,No,No,Month-to-month,Yes,Bank transfer (automatic),85.53,1683.69,Yes
C03575,Male,0,No,No,1,Yes,No,Fiber optic,Yes,No,Yes,No,No,No,Month-to-month,Yes,Credit card (automatic),86.14,243.14,Yes
C03576,Female,0,No,Yes,5,Yes,No,DSL,Yes,No,No,No,No,No,Month-to-month,No,Electronic check,52.35,33.64,Yes
C03577,Male,0,No,No,3,Yes,Yes,DSL,No,No,Yes,Yes,Yes,Yes,One year,Yes,Mailed check,58.5,340.0,No
C03578,Female,1,Yes,No,1,Yes,No,No,No internet service,No internet service,No internet service,No internet service,No internet service,No internet service,One year,Yes,Credit card (automatic),18.0,271.02,No
C03579,Male,0,No,No,40,Yes,Yes,Fiber optic,No,No,Yes,No,No,No,Month-to-month,Yes,Electronic check,62.34,2449.22,Yes
C03580,Male,1,No,No,6,Yes,No,DSL,Yes,Yes,Yes,Yes,No,Yes,Month-to-month,No,Credit card (automatic),32.2,318.78,No
C03581,Male,1,No,No,58,Yes,No,Fiber optic,No,Yes,Yes,Yes,No,Yes,Month-to-month,Yes,Electronic check,84.11,4971.51,Yes
C03582,Female,0,Yes,No,9,Yes,No,DSL,Yes,Yes,No,No,No,No,Two year,No,Credit card (automatic),18.0,298.76,No
C03583,Female,0,No,Yes,1,Yes,Yes,DSL,No,Yes,No,Yes,No,No,One year,Yes,Mailed check,48.59,406.4,No
C03584,Male,0,Yes,No,54,Yes,Yes,DSL,No,Yes,No,Yes,No,No,One year,No,Electronic check,62.45,3030.53,No
C03585,Male,0,No,No,20,Yes,No,Fiber optic,No,Yes,Yes,No,No,Yes,Two year,Yes,Credit card (automatic),87.79,1557.52,No
C03586,Male,0,Yes,No,29,No,No phone service,Fiber optic,No,Yes,Yes,No,No,No,Two year,No,Bank transfer (automatic),71.18,1836.41,No
C03587,Female,1,Yes,No,13,Yes,Yes,DSL,No,Yes,Yes,No,Yes,Yes,Month-to-month,No,Credit card (automatic),49.93,424.92,Yes
C03588,Male,0,Yes,Yes,1,Yes,Yes,No,No internet service,No internet service,No internet service,No internet service,No internet service,No internet service,Two year,No,Mailed check,28.01,55.7,No
C03589,Female,0,No,Yes,14,Yes,No,Fiber optic,Yes,No,Yes,No,Yes,Yes,Month-to-month,No,Bank transfer (automatic),81.71,1136.88,Yes
C03590,Male,0,Yes,No,23,No,No phone service,No,No internet service,No internet service,No internet service,No internet service,No internet service,No internet service,Month-to-month,No,Mailed check,18.0,445.6,No
C03591,Male,0,No,Yes,1,Yes,No,DSL,No,No,No,No,No,Yes,Month-to-month,No,Credit card (automatic),50.45,18.0,Yes
C03592,Male,0,No,No,27,Yes,No,No,No internet service,No internet service,No internet service,No internet service,No internet service,No internet service,Two year,Yes,Mailed check,18.0,383.82,No
C03593,Male,0,No,Yes,71,Yes,No,Fiber optic,Yes,No,Yes,Yes,Yes,Yes,One year,Yes,Bank transfer (automatic),89.66,6659.37,No
C03594,Male,0,No,Yes,7,Yes,No,Fiber optic,Yes,Yes,Yes,No,Yes,No,Two year,Yes,Electronic check,21.58,158.05,No
C03595,Male,0,No,No,72,Yes,No,No,No internet service,No internet service,No internet service,No internet service,No internet service,No internet service,One year,Yes,Bank transfer (automatic),27.17,2021.08,No
C03596,Female,0,No,No,3,Yes,Yes,Fiber optic,Yes,No,Yes,Yes,Yes,Yes,Month-to-month,Yes,Mailed check,58.32,297.55,Yes
C03597,Male,0,Yes,Yes,55,Yes,Yes,Fiber optic,No,No,Yes,No,No,Yes,One year,No,Credit card (automatic),48.39,2601.96,No
C03598,Female,0,No,Yes,58,Yes,Yes,No,No internet service,No internet service,No internet service,No internet service,No internet service,No internet service,Two year,Yes,Mailed check,22.76,1184.98,No
C03599,Male,0,No,No,9,Yes,Yes,DSL,No,No,No,No,No,No,Two year,No,Mailed check,37.38,320.0,No
C03600,Male,0,Yes,No,72,Yes,No,DSL,Yes,No,No,No,Yes,Yes,Month-to-month,Yes,Credit card (automatic),41.87,3132.93,No
C03601,Female,0,No,No,17,No,No phone service,No,No internet service,No internet service,No internet service,No internet service,No internet service,No internet service,Month-to-month,Yes,Bank transfer (automatic),18.0,366.17,No
C03602,Male,0,Yes,Yes,4,Yes,No,Fiber optic,No,Yes,No,No,No,No,Month-to-month,No,Bank transfer (automatic),25.49,225.51,Yes
C03603,Female,0,Yes,No,28,Yes,No,Fiber optic,Yes,No,Yes,No,No,No,Month-to-month,Yes,Bank transfer (automatic),56.05,1426.05,No
C03604,Female,0,Yes,Yes,72,Yes,Yes,DSL,Yes,No,Yes,Yes,No,Yes,Month-to-month,Yes,Mailed check,44.09,3234.16,No
C03605,Male,0,Yes,No,72,Yes,No,DSL,No,No,Yes,Yes,No,Yes,One year,Yes,Bank transfer (automatic),42.36,3175.51,No
C03606,Female,0,No,No,10,Yes,No,DSL,No,No,No,Yes,Yes,No,Two year,Yes,Bank transfer (automatic),46.07,426.5,No
C03607,Female,0,No,No,27,Yes,No,DSL,Yes,No,Yes,No,No,No,One year,No,Bank transfer (automatic),51.96,1241.78,No
C03608,Male,0,No,No,3,Yes,Yes,DSL,No,No,Yes,No,Yes,No,Month-to-month,Yes,Electronic check,66.38,416.26,Yes
C03609,Female,1,No,Yes,19,Yes,No,Fiber optic,Yes,No,Yes,No,Yes,Yes,Month-to-month,Yes,Mailed check,55.23,865.59,Yes
C03610,Male,0,Yes,No,23,Yes,No,DSL,Yes,No,No,No,No,Yes,Month-to-month,No,Credit card (automatic),61.56,1689.92,No
C03611,Male,0,Yes,No,12,Yes,No,Fiber optic,No,No,Yes,Yes,No,Yes,Month-to-month,Yes,Electronic check,59.24,704.68,Yes
C03612,Male,0,No,No,21,Yes,Yes,Fiber optic,Yes,Yes,No,Yes,Yes,Yes,Two year,Yes,Credit card (automatic),92.05,1750.67,No
C03613,Male,0,No,No,72,Yes,No,No,No internet service,No internet service,No internet service,No internet service,No internet service,No internet service,Month-to-month,No,Electronic check,18.0,1222.17,No
C03614,Female,1,Yes,Yes,22,Yes,Yes,Fiber optic,No,No,Yes,No,Yes,No,One year,Yes,Mailed check,59.46,1096.79,No
C03615,Male,0,No,No,56,Yes,Yes,DSL,Yes,No,No,No,No,Yes,Month-to-month,No,Electronic check,62.2,3078.18,No
C03616,Male,1,No,Yes,12,Yes,No,DSL,No,No,Yes,Yes,Yes,No,Two year,Yes,Bank transfer (automatic),40.69,188.07,No
C03617,Female,0,No,No,72,Yes,No,Fiber optic,No,Yes,Yes,No,Yes,No,Month-to-month,Yes,Credit card (automatic),35.51,2341.45,No
C03618,Male,0,Yes,No,3,Yes,Yes,DSL,No,Yes,Yes,No,Yes,Yes,Two year,No,Bank transfer (automatic),52.42,643.66,No
C03619,Male,0,Yes,Yes,28,Yes,No,No,No internet service,No internet service,No internet service,No internet service,No internet service,No internet service,One year,Yes,Electronic check,21.6,671.86,No
C03620,Female,0,No,Yes,49,Yes,No,Fiber optic,Yes,Yes,No,No,No,Yes,Month-to-month,Yes,Bank transfer (automatic),51.83,2404.25,No
C03621,Female,0,No,No,53,No,No phone service,Fiber optic,No,Yes,No,Yes,Yes,Yes,Month-to-month,Yes,Electronic check,86.44,4938.51,Yes
C03622,Female,0,Yes,No,7,Yes,No,Fiber optic,No,Yes,No,Yes,Yes,Yes,Two year,No,Bank transfer (automatic),55.9,155.98,No
C03623,Female,0,No,Yes,16,Yes,No,DSL,No,No,Yes,No,Yes,Yes,Month-to-month,No,Credit card (automatic),53.14,956.1,Yes
C03624,Female,0,No,Yes,31,Yes,Yes,Fiber optic,Yes,Yes,Yes,Yes,No,Yes,Two year,Yes,Mailed check,78.81,2380.56,No
C03625,Female,1,Yes,No,12,Yes,No,DSL,Yes,No,Yes,No,Yes,No,One year,Yes,Bank transfer (automatic),97.19,1187.73,No
C03626,Female,0,Yes,No,34,Yes,Yes,No,No internet service,No internet service,No internet service,No internet service,No internet service,No internet service,Month-to-month,No,Bank transfer (automatic),20.66,665.1,No
C03627,Male,0,No,No,15,Yes,No,Fiber optic,Yes,Yes,No,No,No,Yes,One year,Yes,Electronic check,53.37,761.18,No
C03628,Female,0,Yes,No,13,Yes,Yes,Fiber optic,Yes,No,Yes,Yes,Yes,Yes,Month-to-month,Yes,Electronic check,69.17,664.35,Yes
C03629,Female,0,No,No,3,Yes,No,No,No internet service,No internet service,No internet service,No internet service,No internet service,No internet service,Month-to-month,No,Bank transfer (automatic),47.46,333.63,Yes
C03630,Female,0,Yes,Yes,1,Yes,No,Fiber optic,Yes,No,No,Yes,Yes,No,One year,No,Electronic check,95.16,18.0,No
C03631,Male,0,No,Yes,57,Yes,Yes,Fiber optic,Yes,No,Yes,No,No,Yes,Month-to-month,No,Mailed check,54.37,3073.14,No
C03632,Male,0,No,No,21,Yes,No,Fiber optic,Yes,No,No,No,No,No,Two year,No,Mailed check,38.29,729.86,No
C03633,Female,0,Yes,No,26,Yes,Yes,Fiber optic,Yes,No,No,No,No,Yes,One year,Yes,Bank transfer (automatic),68.35,1839.13,No
C03634,Female,0,No,No,14,Yes,No,Fiber optic,Yes,Yes,Yes,Yes,No,No,Month-to-month,Yes,Credit card (automatic),58.04,535.67,No
C03635,Female,0,Yes,No,4,No,No phone service,Fiber optic,No,No,Yes,Yes,No,No,Two year,Yes,Electronic check,68.47,340.27,No
C03636,Male,0,Yes,No,19,Yes,Yes,DSL,Yes,No,Yes,No,No,No,Month-to-month,Yes,Electronic check,36.94,515.37,No
C03637,Male,0,No,No,8,Yes,No,No,No internet service,No internet service,No internet service,No internet service,No internet service,No internet service,Month-to-month,Yes,Electronic check,36.05,65.3,No
C03638,Female,0,No,No,58,No,No phone service,Fiber optic,No,No,No,Yes,No,Yes,Month-to-month,Yes,Bank transfer (automatic),84.9,4568.86,No
C03639,Male,0,Yes,Yes,72,Yes,No,DSL,No,Yes,No,Yes,Yes,Yes,One year,Yes,Electronic check,76.3,5738.99,No
C03640,Female,1,Yes,No,70,Yes,No,No,No internet service,No internet service,No internet service,No internet service,No internet service,No internet service,Two year,Yes,Electronic check,18.0,1245.17,No
C03641,Male,0,Yes,Yes,24,Yes,No,No,No internet service,No internet service,No internet service,No internet service,No internet service,No internet service,Month-to-month,No,Electronic check,18.0,654.04,No
C03642,Male,0,Yes,No,31,Yes,No,Fiber optic,No,Yes,No,No,No,No,One year,Yes,Bank transfer (automatic),83.51,2630.76,No
C03643,Female,0,Yes,No,72,No,No phone service,No,No internet service,No internet service,No internet service,No internet service,No internet service,No internet service,Month-to-month,No,Bank transfer (automatic),18.0,1305.54,No
C03644,Female,0,No,No,24,Yes,No,No,No internet service,No internet service,No internet service,No internet service,No internet service,No internet service,Month-to-month,No,Electronic check,36.9,923.19,No
C03645,Female,0,Yes,No,32,Yes,Yes,No,No internet service,No internet service,No internet service,No internet service,No internet service,No internet service,Two year,Yes,Credit card (automatic),24.21,673.46,No
C03646,Female,0,No,No,31,Yes,No,DSL,No,No,No,Yes,Yes,No,Month-to-month,No,Bank transfer (automatic),56.43,2103.89,No
C03647,Male,0,Yes,Yes,39,Yes,Yes,DSL,No,Yes,No,Yes,Yes,Yes,Month-to-month,No,Electronic check,45.68,1931.64,No
C03648,Male,1,No,No,32,Yes,Yes,Fiber optic,No,No,No,No,No,No,One year,Yes,Bank transfer (automatic),61.62,1976.03,No
C03649,Male,0,No,Yes,35,Yes,No,No,No internet service,No internet service,No internet service,No internet service,No internet service,No internet service,One year,Yes,Mailed check,48.23,1679.43,No
C03650,Female,0,No,No,41,No,No phone service,No,No internet service,No internet service,No internet service,No internet service,No internet service,No internet service,Two year,No,Bank transfer (automatic),25.58,1316.28,No
C03651,Male,0,Yes,No,52,Yes,Yes,Fiber optic,No,Yes,No,Yes,Yes,Yes,Month-to-month,Yes,Mailed check,63.53,3090.56,No
C03652,Female,0,No,Yes,16,Yes,Yes,Fiber optic,Yes,Yes,No,No,No,Yes,One year,Yes,Mailed check,48.43,1243.75,No
C03653,Male,0,No,No,43,Yes,No,DSL,No,No,No,No,Yes,Yes,One year,Yes,Electronic check,44.29,1937.3,No
C03654,Female,1,No,No,3,Yes,Yes,DSL,Yes,No,Yes,No,Yes,No,Two year,No,Credit card (automatic),30.79,509.81,No
C03655,Female,0,No,No,66,Yes,Yes,Fiber optic,Yes,No,No,No,Yes,No,One year,Yes,Credit card (automatic),62.51,4560.08,No
C03656,Male,0,Yes,No,10,Yes,No,No,No internet service,No internet service,No internet service,No internet service,No internet service,No internet service,Two year,No,Mailed check,43.5,447.63,No
C03657,Female,0,No,No,16,Yes,No,Fiber optic,No,Yes,Yes,No,No,No,Month-to-month,Yes,Mailed check,89.64,1302.93,Yes
C03658,Female,0,No,Yes,52,Yes,No,Fiber optic,No,No,No,No,No,Yes,Month-to-month,No,Electronic check,54.39,2788.69,Yes
C03659,Male,1,No,No,32,Yes,No,No,No internet service,No internet service,No internet service,No internet service,No internet service,No internet service,Month-to-month,Yes,Electronic check,18.0,267.75,No
C03660,Female,0,No,No,11,Yes,No,DSL,Yes,Yes,Yes,Yes,Yes,No,Two year,Yes,Credit card (automatic),58.13,628.95,No
C03661,Female,0,No,Yes,8,Yes,No,No,No internet service,No internet service,No internet service,No internet service,No internet service,No internet service,Month-to-month,Yes,Mailed check,18.0,221.7,No
C03662,Female,0,No,No,72,Yes,Yes,Fiber optic,No,Yes,No,No,No,Yes,One year,Yes,Bank transfer (automatic),79.04,5811.97,No
C03663,Male,0,No,No,2,Yes,No,Fiber optic,No,Yes,Yes,Yes,Yes,No,Month-to-month,No,Credit card (automatic),57.25,130.99,Yes
C03664,Male,0,No,No,1,Yes,No,Fiber optic,Yes,No,No,No,Yes,No,Month-to-month,Yes,Mailed check,57.66,374.91,Yes
C03665,Female,0,Yes,Yes,35,Yes,Yes,DSL,No,Yes,No,No,No,No,Month-to-month,Yes,Credit card (automatic),50.25,1462.27,Yes
C03666,Male,0,No,No,30,Yes,No,Fiber optic,Yes,No,Yes,No,Yes,Yes,Month-to-month,No,Bank transfer (automatic),59.71,1834.55,Yes
C03667,Female,0,No,Yes,42,Yes,No,DSL,Yes,Yes,No,No,No,Yes,Month-to-month,Yes,Electronic check,20.57,1103.69,No
C03668,Female,1,Yes,No,42,Yes,No,DSL,No,No,No,Yes,Yes,Yes,One year,No,Electronic check,51.66,2417.57,No
C03669,Female,0,Yes,No,63,Yes,No,Fiber optic,No,No,No,Yes,No,Yes,Month-to-month,Yes,Electronic check,55.42,3892.27,No
C03670,Female,0,No,Yes,72,Yes,Yes,DSL,Yes,No,Yes,Yes,Yes,Yes,Month-to-month,Yes,Electronic check,28.33,2148.91,No
C03671,Female,0,No,Yes,47,Yes,No,Fiber optic,Yes,No,Yes,Yes,Yes,No,Month-to-month,Yes,Bank transfer (automatic),76.91,3528.13,No
C03672,Male,0,Yes,No,8,Yes,No,Fiber optic,No,No,No,No,No,No,One year,No,Electronic check,53.78,590.97,Yes
C03673,Female,1,No,Yes,19,Yes,No,Fiber optic,Yes,Yes,Yes,No,Yes,Yes,One year,No,Mailed check,57.9,874.19,No
C03674,Male,0,No,Yes,32,Yes,No,No,No internet service,No internet service,No internet service,No internet service,No internet service,No internet service,Two year,Yes,Electronic check,18.0,527.05,No
C03675,Male,0,Yes,No,24,Yes,Yes,DSL,No,No,No,Yes,Yes,Yes,Month-to-month,No,Bank transfer (automatic),57.59,1332.23,No
C03676,Female,0,Yes,No,5,Yes,No,DSL,No,No,No,Yes,Yes,Yes,One year,Yes,Mailed check,46.1,240.29,No
C03677,Female,0,No,No,28,Yes,Yes,Fiber optic,No,No,No,Yes,No,No,Two year,Yes,Electronic check,67.3,1727.2,No
C03678,Male,0,No,No,69,Yes,No,Fiber optic,No,Yes,Yes,Yes,No,Yes,One year,No,Bank transfer (automatic),67.77,4784.95,No
C03679,Male,0,Yes,No,17,Yes,No,No,No internet service,No internet service,No internet service,No internet service,No internet service,No internet service,Month-to-month,No,Mailed check,18.0,160.69,No
C03680,Male,1,Yes,No,35,Yes,Yes,DSL,Yes,Yes,Yes,No,Yes,Yes,One year,No,Bank transfer (automatic),36.26,1503.38,No
C03681,Female,0,Yes,Yes,30,Yes,Yes,No,No internet service,No internet service,No internet service,No internet service,No internet service,No internet service,One year,Yes,Electronic check,19.32,476.16,No
C03682,Male,1,No,No,15,Yes,Yes,DSL,No,Yes,Yes,Yes,No,No,Two year,Yes,Credit card (automatic),22.42,450.12,No
C03683,Female,0,Yes,No,26,Yes,No,Fiber optic,No,No,No,No,No,Yes,Two year,Yes,Mailed check,58.4,1898.28,No
C03684,Female,0,No,Yes,7,No,No phone service,Fiber optic,Yes,No,No,Yes,No,No,Month-to-month,No,Bank transfer (automatic),51.21,387.89,No
C03685,Female,0,Yes,No,25,Yes,No,DSL,No,No,No,No,No,No,Month-to-month,No,Credit card (automatic),77.49,2270.16,Yes
C03686,Male,0,No,No,51,Yes,No,DSL,Yes,Yes,No,Yes,No,No,Month-to-month,Yes,Bank transfer (automatic),45.86,2370.07,No
C03687,Female,0,Yes,No,45,Yes,No,Fiber optic,Yes,Yes,No,No,Yes,Yes,Month-to-month,Yes,Mailed check,93.26,4478.62,No
C03688,Female,1,No,No,14,Yes,Yes,No,No internet service,No internet service,No internet service,No internet service,No internet service,No internet service,Month-to-month,Yes,Electronic check,18.0,499.45,No
C03689,Female,1,No,No,3,Yes,No,DSL,No,No,No,No,No,No,One year,Yes,Mailed check,27.74,120.07,No
C03690,Female,1,Yes,No,51,Yes,No,DSL,No,Yes,Yes,No,Yes,Yes,Month-to-month,No,Electronic check,58.59,2948.93,Yes
C03691,Female,0,Yes,Yes,9,Yes,Yes,No,No internet service,No internet service,No internet service,No internet service,No internet service,No internet service,Month-to-month,No,Electronic check,18.0,137.02,No
C03692,Male,1,No,No,1,Yes,No,Fiber optic,No,Yes,Yes,No,Yes,No,One year,Yes,Electronic check,64.92,18.95,Yes
C03693,Female,0,Yes,Yes,18,Yes,No,DSL,No,No,Yes,No,No,Yes,One year,Yes,Credit card (automatic),49.9,716.88,No
C03694,Female,0,No,Yes,43,Yes,No,Fiber optic,No,Yes,No,Yes,Yes,No,Two year,Yes,Electronic check,75.06,3306.89,No
C03695,Male,0,Yes,No,52,Yes,No,Fiber optic,Yes,Yes,No,Yes,No,No,Month-to-month,Yes,Mailed check,86.14,4173.8,No
C03696,Female,0,Yes,Yes,72,Yes,No,No,No internet service,No internet service,No internet service,No internet service,No internet service,No internet service,Month-to-month,Yes,Mailed check,21.33,1780.03,No
C03697,Male,0,No,Yes,6,Yes,Yes,DSL,Yes,Yes,Yes,No,No,No,Two year,Yes,Credit card (automatic),44.23,409.04,No
C03698,Female,0,No,Yes,11,Yes,No,No,No internet service,No internet service,No internet service,No internet service,No internet service,No internet service,Month-to-month,Yes,Mailed check,38.34,498.99,No
C03699,Male,1,No,No,30,Yes,Yes,DSL,No,No,No,No,No,No,Two year,Yes,Credit card (automatic),36.95,1184.84,No
C03700,Male,0,Yes,Yes,53,Yes,Yes,Fiber optic,Yes,Yes,Yes,Yes,No,Yes,Month-to-month,Yes,Mailed check,86.05,4172.46,No
C03701,Female,0,Yes,No,8,Yes,Yes,Fiber optic,Yes,Yes,No,Yes,No,No,One year,No,Bank transfer (automatic),79.25,585.55,No
C03702,Female,1,No,Yes,16,Yes,No,Fiber optic,Yes,No,No,No,No,No,Month-to-month,No,Electronic check,69.45,1188.22,Yes
C03703,Female,0,Yes,No,16,Yes,Yes,DSL,No,Yes,No,No,Yes,No,Month-to-month,Yes,Bank transfer (automatic),44.23,1128.81,No
C03704,Male,1,Yes,No,47,No,No phone service,No,No internet service,No internet service,No internet service,No internet service,No internet service,No internet service,Month-to-month,Yes,Electronic check,18.0,1052.78,No
C03705,Male,0,Yes,No,8,Yes,Yes,Fiber optic,Yes,No,No,No,Yes,No,Month-to-month,No,Mailed check,76.82,572.03,Yes
C03706,Male,0,Yes,No,72,Yes,No,DSL,Yes,No,No,No,Yes,No,Month-to-month,Yes,Electronic check,32.63,1964.03,No
C03707,Female,0,No,No,22,Yes,No,Fiber optic,Yes,Yes,No,No,No,Yes,Month-to-month,Yes,Electronic check,86.08,2028.3,Yes
C03708,Male,0,No,No,10,Yes,No,DSL,No,Yes,No,Yes,Yes,Yes,Two year,Yes,Electronic check,20.23,226.71,No
C03709,Male,0,No,No,10,Yes,No,DSL,Yes,No,No,Yes,Yes,No,Month-to-month,No,Bank transfer (automatic),64.02,746.86,Yes
C03710,Female,0,No,Yes,1,Yes,Yes,DSL,No,No,No,No,No,No,Month-to-month,Yes,Mailed check,69.88,272.5,Yes
C03711,Male,0,No,No,37,Yes,Yes,Fiber optic,No,No,No,Yes,No,No,Two year,Yes,Mailed check,90.66,3487.78,No
C03712,Male,1,No,No,47,Yes,Yes,DSL,No,Yes,No,No,Yes,Yes,One year,Yes,Credit card (automatic),56.11,2628.3,No
C03713,Female,0,No,No,1,Yes,Yes,No,No internet service,No internet service,No internet service,No internet service,No internet service,No internet service,One year,No,Electronic check,18.3,277.87,No
C03714,Male,0,Yes,No,28,Yes,No,Fiber optic,No,No,Yes,No,No,Yes,One year,Yes,Bank transfer (automatic),61.21,1436.38,No
C03715,Female,0,Yes,No,48,Yes,No,No,No internet service,No internet service,No internet service,No internet service,No internet service,No internet service,Two year,Yes,Mailed check,25.48,1114.07,No
C03716,Female,0,No,No,15,Yes,Yes,No,No internet service,No internet service,No internet service,No internet service,No internet service,No internet service,Two year,Yes,Credit card (automatic),23.01,517.82,No
C03717,Female,0,Yes,No,18,Yes,Yes,DSL,No,No,Yes,Yes,No,No,Month-to-month,No,Bank transfer (automatic),54.4,1038.84,No
C03718,Female,1,Yes,No,14,Yes,Yes,DSL,No,Yes,Yes,No,Yes,No,Two year,No,Electronic check,49.23,147.84,Yes
C03719,Female,0,No,No,12,Yes,No,DSL,No,Yes,No,No,No,Yes,Month-to-month,Yes,Mailed check,34.52,18.0,Yes
C03720,Male,0,No,Yes,21,Yes,Yes,No,No internet service,No internet service,No internet service,No internet service,No internet service,No internet service,Month-to-month,No,Bank transfer (automatic),30.99,695.21,No
C03721,Male,0,No,No,5,Yes,No,Fiber optic,No,No,Yes,No,No,No,One year,No,Mailed check,66.06,58.75,No
C03722,Female,0,Yes,No,18,Yes,Yes,DSL,No,No,No,No,Yes,Yes,Month-to-month,No,Bank transfer (automatic),56.85,979.61,No
C03723,Female,0,No,No,72,Yes,No,No,No internet service,No internet service,No internet service,No internet service,No internet service,No internet service,Month-to-month,No,Credit card (automatic),42.63,3032.99,No
C03724,Male,0,No,Yes,1,Yes,No,Fiber optic,No,Yes,No,No,Yes,No,Month-to-month,No,Bank transfer (automatic),78.25,18.0,Yes
C03725,Female,0,No,Yes,5,Yes,Yes,Fiber optic,No,Yes,No,No,No,Yes,Month-to-month,Yes,Mailed check,63.59,191.62,Yes
C03726,Female,0,Yes,No,48,Yes,No,DSL,Yes,Yes,Yes,No,Yes,No,Two year,No,Credit card (automatic),48.12,2201.0,No
C03727,Female,0,Yes,Yes,4,Yes,No,DSL,Yes,No,No,No,No,Yes,One year,Yes,Credit card (automatic),55.06,171.96,No
C03728,Male,0,Yes,No,10,Yes,No,Fiber optic,No,No,No,No,Yes,Yes,Two year,Yes,Mailed check,53.61,314.81,No
C03729,Male,0,Yes,Yes,19,Yes,No,Fiber optic,No,No,No,No,No,No,Month-to-month,Yes,Credit card (automatic),69.28,1025.84,Yes
C03730,Female,0,Yes,Yes,72,Yes,No,Fiber optic,Yes,No,No,No,No,No,Two year,Yes,Credit card (automatic),63.14,4896.49,No
C03731,Female,1,Yes,No,6,Yes,No,No,No internet service,No internet service,No internet service,No internet service,No internet service,No internet service,Month-to-month,Yes,Mailed check,43.19,305.23,No
C03732,Male,0,No,Yes,72,Yes,No,DSL,Yes,Yes,No,No,Yes,Yes,Two year,Yes,Electronic check,30.84,2347.15,No
C03733,Male,0,No,No,40,No,No phone service,DSL,Yes,Yes,Yes,No,No,No,Month-to-month,Yes,Credit card (automatic),45.95,1523.43,No
C03734,Female,0,No,No,35,Yes,Yes,Fiber optic,No,No,No,No,Yes,No,One year,No,Electronic check,80.88,2556.68,Yes
C03735,Female,1,Yes,No,41,Yes,No,Fiber optic,No,Yes,No,No,Yes,No,One year,Yes,Credit card (automatic),65.95,2509.97,No
C03736,Male,1,Yes,No,1,Yes,No,Fiber optic,No,No,Yes,No,Yes,No,Month-to-month,No,Bank transfer (automatic),53.93,18.0,Yes
C03737,Male,1,Yes,No,3,Yes,No,No,No internet service,No internet service,No internet service,No internet service,No internet service,No internet service,Month-to-month,Yes,Credit card (automatic),21.38,18.0,Yes
C03738,Male,0,Yes,No,13,Yes,Yes,Fiber optic,No,Yes,No,No,Yes,No,Month-to-month,No,Electronic check,78.52,845.62,Yes
C03739,Female,0,Yes,Yes,2,Yes,Yes,Fiber optic,Yes,No,Yes,Yes,Yes,No,One year,No,Electronic check,92.64,178.08,Yes
C03740,Male,0,No,Yes,72,Yes,No,Fiber optic,Yes,No,No,No,Yes,No,One year,Yes,Electronic check,72.07,4999.12,No
C03741,Female,0,No,No,27,Yes,No,Fiber optic,Yes,No,No,Yes,No,No,Month-to-month,No,Credit card (automatic),64.4,2082.78,Yes
C03742,Male,0,No,No,21,Yes,Yes,No,No internet service,No internet service,No internet service,No internet service,No internet service,No internet service,Month-to-month,Yes,Bank transfer (automatic),18.0,304.71,No
C03743,Male,0,No,No,49,Yes,Yes,Fiber optic,Yes,No,No,No,Yes,No,Month-to-month,Yes,Electronic check,79.42,3931.88,No
C03744,Male,0,No,Yes,72,Yes,No,No,No internet service,No internet service,No internet service,No internet service,No internet service,No internet service,Month-to-month,Yes,Mailed check,31.14,2391.28,No
C03745,Male,0,No,No,72,Yes,Yes,Fiber optic,Yes,No,No,Yes,Yes,Yes,Two year,No,Credit card (automatic),82.04,5922.49,No
C03746,Female,0,No,No,50,Yes,No,DSL,No,No,Yes,No,No,Yes,Month-to-month,Yes,Mailed check,38.05,2254.18,No
C03747,Female,0,No,No,15,Yes,Yes,DSL,No,Yes,No,No,Yes,No,Month-to-month,No,Credit card (automatic),64.91,860.74,No
C03748,Male,1,No,Yes,2,Yes,Yes,Fiber optic,No,Yes,Yes,Yes,Yes,Yes,One year,Yes,Electronic check,59.89,95.8,Yes
C03749,Female,0,No,Yes,3,Yes,Yes,Fiber optic,Yes,No,Yes,Yes,No,No,Two year,Yes,Bank transfer (automatic),73.52,267.05,Yes
C03750,Male,0,Yes,Yes,1,Yes,Yes,DSL,Yes,Yes,No,Yes,Yes,No,Month-to-month,Yes,Mailed check,33.83,18.0,Yes
C03751,Male,0,No,Yes,1,Yes,No,Fiber optic,Yes,No,Yes,No,No,No,One year,No,Electronic check,53.38,18.0,Yes
C03752,Male,0,No,No,72,No,No phone service,DSL,No,No,Yes,Yes,No,No,Month-to-month,Yes,Credit card (automatic),54.33,3624.89,No
C03753,Male,0,No,Yes,72,Yes,Yes,Fiber optic,Yes,No,No,No,No,Yes,One year,Yes,Mailed check,86.06,6326.02,No
C03754,Female,0,Yes,No,35,Yes,No,No,No internet service,No internet service,No internet service,No internet service,No internet service,No internet service,Two year,Yes,Mailed check,18.0,222.59,No
C03755,Male,0,Yes,No,41,Yes,Yes,DSL,No,Yes,No,No,Yes,No,Two year,Yes,Mailed check,23.7,1228.7,No
C03756,Male,0,No,No,23,No,No phone service,DSL,No,Yes,No,No,Yes,Yes,One year,Yes,Electronic check,71.4,1538.92,No
C03757,Female,1,No,No,8,No,No phone service,Fiber optic,No,No,Yes,No,No,No,Two year,No,Mailed check,36.4,256.69,Yes
C03758,Male,0,Yes,No,72,Yes,Yes,Fiber optic,No,No,Yes,Yes,No,Yes,Two year,Yes,Bank transfer (automatic),62.48,4001.77,No
C03759,Male,0,No,No,10,Yes,No,Fiber optic,Yes,No,No,Yes,No,Yes,Two year,No,Credit card (automatic),114.8,1205.29,No
C03760,Male,0,No,Yes,43,Yes,No,Fiber optic,No,No,No,Yes,Yes,Yes,Month-to-month,Yes,Credit card (automatic),48.83,2401.39,No
C03761,Female,1,Yes,Yes,9,Yes,No,No,No internet service,No internet service,No internet service,No internet service,No internet service,No internet service,Two year,No,Credit card (automatic),27.45,22.31,No
C03762,Male,0,No,Yes,65,Yes,No,No,No internet service,No internet service,No internet service,No internet service,No internet service,No internet service,Month-to-month,Yes,Credit card (automatic),25.04,1610.72,No
C03763,Female,0,Yes,Yes,33,Yes,No,Fiber optic,No,No,No,Yes,Yes,No,Month-to-month,Yes,Mailed check,70.82,2763.67,Yes
C03764,Male,1,No,No,32,Yes,No,Fiber optic,Yes,Yes,No,Yes,No,No,Two year,Yes,Mailed check,60.3,1760.69,No
C03765,Male,1,No,No,3,Yes,Yes,DSL,No,No,No,No,Yes,No,Month-to-month,Yes,Electronic check,42.08,235.85,Yes
C03766,Female,1,No,Yes,17,Yes,No,DSL,No,Yes,No,Yes,No,Yes,Two year,Yes,Electronic check,50.99,1095.51,No
C03767,Male,0,No,No,23,Yes,No,DSL,No,No,No,No,Yes,No,One year,Yes,Electronic check,56.05,1629.57,No
C03768,Male,0,Yes,No,11,Yes,Yes,DSL,Yes,Yes,No,No,No,Yes,Month-to-month,Yes,Bank transfer (automatic),37.53,129.28,No
C03769,Female,1,No,No,68,Yes,Yes,No,No internet service,No internet service,No internet service,No internet service,No internet service,No internet service,Month-to-month,Yes,Electronic check,28.91,2259.04,No
C03770,Female,0,No,Yes,58,Yes,No,No,No internet service,No internet service,No internet service,No internet service,No internet service,No internet service,One year,No,Mailed check,18.0,555.64,No
C03771,Female,0,No,Yes,21,Yes,Yes,No,No internet service,No internet service,No internet service,No internet service,No internet service,No internet service,Month-to-month,Yes,Mailed check,18.0,264.29,No
C03772,Female,0,Yes,No,13,Yes,No,Fiber optic,No,No,No,No,No,No,One year,Yes,Credit card (automatic),73.98,944.29,No
C03773,Female,0,Yes,Yes,51,Yes,Yes,Fiber optic,No,Yes,No,No,No,No,Month-to-month,Yes,Mailed check,74.06,3777.96,No
C03774,Male,1,No,No,7,Yes,No,Fiber optic,No,No,No,No,Yes,No,One year,No,Credit card (automatic),94.77,250.96,Yes
C03775,Female,0,No,No,2,No,No phone service,No,No internet service,No internet service,No internet service,No internet service,No internet service,No internet service,One year,No,Electronic check,18.0,18.0,No
C03776,Male,0,Yes,No,1,Yes,Yes,Fiber optic,Yes,Yes,No,No,Yes,No,One year,No,Electronic check,86.6,81.97,No
C03777,Male,1,No,No,1,Yes,No,DSL,No,Yes,No,Yes,No,Yes,Month-to-month,Yes,Bank transfer (automatic),66.57,18.0,Yes
C03778,Male,0,No,Yes,21,No,No phone service,Fiber optic,Yes,Yes,No,Yes,Yes,No,One year,No,Bank transfer (automatic),87.58,2095.73,No
C03779,Female,0,No,No,9,Yes,No,Fiber optic,Yes,Yes,No,No,Yes,No,One year,Yes,Electronic check,74.65,618.95,Yes
C03780,Female,0,No,Yes,37,Yes,No,Fiber optic,Yes,No,No,No,Yes,Yes,Month-to-month,Yes,Mailed check,48.98,2021.37,Yes
C03781,Male,0,No,No,33,No,No phone service,Fiber optic,Yes,No,Yes,Yes,Yes,No,One year,Yes,Electronic check,51.28,1579.45,No
C03782,Female,0,No,Yes,24,Yes,Yes,Fiber optic,No,No,No,No,No,Yes,Month-to-month,No,Electronic check,50.61,1364.39,Yes
C03783,Female,0,Yes,No,13,No,No phone service,DSL,Yes,Yes,No,No,No,No,Month-to-month,No,Credit card (automatic),32.99,317.73,No
C03784,Female,0,No,Yes,60,Yes,Yes,DSL,No,Yes,No,No,No,No,Two year,Yes,Mailed check,59.77,3443.59,No
C03785,Female,0,No,No,39,Yes,Yes,Fiber optic,No,No,Yes,No,No,No,Month-to-month,No,Mailed check,86.79,3463.01,Yes
C03786,Male,0,No,No,10,Yes,No,DSL,No,No,Yes,Yes,No,Yes,Month-to-month,Yes,Bank transfer (automatic),56.55,463.32,No
C03787,Male,0,No,No,22,Yes,No,DSL,No,No,No,No,Yes,No,Month-to-month,No,Credit card (automatic),63.35,1076.34,Yes
C03788,Female,0,Yes,Yes,5,Yes,No,No,No internet service,No internet service,No internet service,No internet service,No internet service,No internet service,One year,Yes,Electronic check,25.25,283.67,No
C03789,Male,0,Yes,No,12,Yes,No,No,No internet service,No internet service,No internet service,No internet service,No internet service,No internet service,Two year,No,Electronic check,18.08,264.06,No
C03790,Female,0,No,No,72,Yes,No,DSL,Yes,No,No,No,Yes,Yes,Month-to-month,Yes,Mailed check,42.38,3086.01,No
C03791,Female,0,Yes,No,8,No,No phone service,DSL,No,No,No,No,Yes,No,Month-to-month,Yes,Bank transfer (automatic),49.97,558.41,Yes
C03792,Male,0,No,No,38,Yes,No,Fiber optic,No,No,Yes,No,No,No,Month-to-month,Yes,Mailed check,49.57,1876.4,Yes
C03793,Male,0,Yes,No,8,Yes,Yes,No,No internet service,No internet service,No internet service,No internet service,No internet service,No internet service,One year,No,Bank transfer (automatic),23.02,18.0,No
C03794,Male,1,Yes,Yes,72,Yes,No,Fiber optic,Yes,No,No,Yes,No,No,Month-to-month,Yes,Electronic check,49.17,3723.98,No
C03795,Female,0,Yes,No,11,Yes,No,Fiber optic,No,No,Yes,No,No,No,Month-to-month,Yes,Electronic check,74.29,1254.5,Yes
C03796,Male,0,No,No,13,Yes,No,DSL,No,No,No,Yes,Yes,No,Month-to-month,Yes,Credit card (automatic),32.33,385.82,No
C03797,Female,0,No,No,28,No,No phone service,Fiber optic,No,No,No,Yes,Yes,No,Two year,Yes,Bank transfer (automatic),74.23,1708.96,No
C03798,Male,1,No,No,28,Yes,Yes,Fiber optic,No,Yes,No,No,No,No,One year,Yes,Bank transfer (automatic),88.63,2727.42,No
C03799,Male,0,No,No,27,Yes,No,DSL,No,Yes,No,Yes,Yes,No,Two year,Yes,Mailed check,35.77,898.67,No
C03800,Female,0,Yes,No,27,Yes,No,Fiber optic,No,No,No,No,Yes,No,One year,No,Electronic check,79.53,2364.38,No
C03801,Female,0,Yes,Yes,11,Yes,Yes,Fiber optic,No,Yes,No,No,No,Yes,Two year,No,Electronic check,69.96,723.67,Yes
C03802,Female,0,No,No,18,Yes,Yes,No,No internet service,No internet service,No internet service,No internet service,No internet service,No internet service,One year,No,Credit card (automatic),32.34,524.89,No
C03803,Female,0,No,Yes,28,Yes,Yes,Fiber optic,No,No,No,Yes,Yes,No,Month-to-month,Yes,Electronic check,66.49,1509.11,Yes
C03804,Female,0,Yes,No,35,Yes,No,Fiber optic,Yes,Yes,No,Yes,No,No,Month-to-month,No,Mailed check,80.49,2710.39,No
C03805,Female,0,No,No,9,Yes,No,DSL,No,No,No,No,Yes,No,Month-to-month,No,Electronic check,56.56,217.06,Yes
C03806,Female,0,No,No,38,Yes,Yes,DSL,No,No,No,No,No,Yes,Month-to-month,No,Mailed check,48.3,1733.92,No
C03807,Female,0,Yes,No,72,No,No phone service,No,No internet service,No internet service,No internet service,No internet service,No internet service,No internet service,Two year,No,Electronic check,18.0,1435.49,No
C03808,Male,0,Yes,No,45,Yes,Yes,Fiber optic,No,No,Yes,No,No,Yes,One year,Yes,Electronic check,78.37,3382.31,No
C03809,Female,0,No,Yes,2,Yes,Yes,Fiber optic,Yes,No,Yes,No,No,No,Month-to-month,No,Electronic check,66.01,18.0,Yes
C03810,Female,0,Yes,Yes,20,Yes,Yes,Fiber optic,No,No,No,Yes,No,Yes,One year,Yes,Credit card (automatic),62.77,1214.94,No
C03811,Male,0,Yes,No,18,Yes,No,No,No internet service,No internet service,No internet service,No internet service,No internet service,No internet service,Two year,Yes,Electronic check,18.0,321.54,No
C03812,Female,0,No,Yes,13,Yes,No,DSL,No,Yes,No,Yes,Yes,No,Month-to-month,Yes,Mailed check,20.63,44.49,No
C03813,Male,1,Yes,Yes,21,Yes,No,Fiber optic,No,Yes,No,Yes,No,Yes,Two year,No,Bank transfer (automatic),76.79,1232.23,No
C03814,Male,0,No,No,18,Yes,No,Fiber optic,Yes,Yes,No,Yes,Yes,Yes,Two year,Yes,Mailed check,58.38,814.28,No
C03815,Female,1,Yes,Yes,1,Yes,Yes,DSL,Yes,No,No,No,No,No,One year,No,Mailed check,24.3,128.49,No
C03816,Male,0,No,Yes,8,Yes,Yes,No,No internet service,No internet service,No internet service,No internet service,No internet service,No internet service,Two year,Yes,Mailed check,18.0,199.24,No
C03817,Female,1,No,Yes,7,Yes,Yes,No,No internet service,No internet service,No internet service,No internet service,No internet service,No internet service,Two year,Yes,Credit card (automatic),23.49,384.82,No
C03818,Male,0,Yes,No,13,Yes,Yes,DSL,Yes,Yes,No,Yes,Yes,Yes,Two year,Yes,Mailed check,49.36,1025.98,No
C03819,Male,0,Yes,Yes,6,Yes,No,Fiber optic,No,Yes,No,No,No,No,Month-to-month,Yes,Electronic check,71.19,858.35,Yes
C03820,Male,0,No,No,2,Yes,No,DSL,Yes,No,No,No,Yes,No,Month-to-month,Yes,Electronic check,35.61,18.0,Yes
C03821,Female,0,No,Yes,7,Yes,Yes,Fiber optic,Yes,Yes,No,Yes,Yes,No,Month-to-month,Yes,Mailed check,100.14,650.91,Yes
C03822,Female,0,No,No,61,Yes,Yes,Fiber optic,No,No,Yes,Yes,No,Yes,Month-to-month,No,Electronic check,57.01,3557.02,No
C03823,Male,0,Yes,No,51,Yes,Yes,Fiber optic,No,Yes,No,Yes,Yes,No,Month-to-month,No,Credit card (automatic),72.14,3559.06,No
C03824,Male,0,No,No,18,Yes,No,DSL,Yes,Yes,No,No,Yes,No,Month-to-month,Yes,Credit card (automatic),29.98,523.88,No
C03825,Female,0,No,No,67,Yes,No,Fiber optic,Yes,Yes,Yes,No,Yes,No,Month-to-month,Yes,Electronic check,66.86,4255.03,No
C03826,Female,0,No,No,8,Yes,No,DSL,No,No,No,Yes,Yes,No,Month-to-month,Yes,Mailed check,30.72,335.5,Yes
C03827,Male,0,No,No,28,Yes,No,Fiber optic,No,No,Yes,Yes,Yes,No,Two year,Yes,Bank transfer (automatic),48.54,1332.74,No
C03828,Male,0,Yes,No,4,Yes,Yes,DSL,No,No,Yes,Yes,No,Yes,Two year,No,Electronic check,42.81,81.92,No
C03829,Female,0,No,No,57,Yes,No,Fiber optic,Yes,No,Yes,No,Yes,Yes,Two year,Yes,Bank transfer (automatic),89.26,5263.05,No
C03830,Female,0,Yes,No,4,Yes,No,No,No internet service,No internet service,No internet service,No internet service,No internet service,No internet service,Two year,Yes,Mailed check,32.22,18.0,No
C03831,Female,0,Yes,No,1,Yes,No,DSL,No,Yes,No,Yes,Yes,Yes,Two year,Yes,Bank transfer (automatic),24.34,58.8,No
C03832,Female,1,No,No,10,Yes,Yes,Fiber optic,No,Yes,Yes,Yes,Yes,No,Two year,Yes,Credit card (automatic),53.85,588.78,No
C03833,Female,0,No,Yes,72,Yes,No,Fiber optic,Yes,Yes,No,No,No,Yes,Month-to-month,Yes,Mailed check,91.61,6420.87,No
C03834,Male,0,Yes,No,4,Yes,No,No,No internet service,No internet service,No internet service,No internet service,No internet service,No internet service,Month-to-month,Yes,Electronic check,35.8,18.0,Yes
C03835,Female,0,No,No,12,Yes,No,Fiber optic,No,Yes,No,Yes,No,No,One year,Yes,Electronic check,64.16,725.92,No
C03836,Male,0,Yes,No,12,Yes,Yes,DSL,No,Yes,No,No,No,Yes,One year,No,Credit card (automatic),69.36,919.62,No
C03837,Female,0,No,No,51,Yes,Yes,DSL,No,Yes,No,No,No,No,Month-to-month,Yes,Electronic check,43.92,2346.14,No
C03838,Male,0,No,Yes,17,Yes,No,No,No internet service,No internet service,No internet service,No internet service,No internet service,No internet service,Two year,No,Credit card (automatic),18.0,238.41,No
C03839,Female,0,Yes,No,30,Yes,No,No,No internet service,No internet service,No internet service,No internet service,No internet service,No internet service,Month-to-month,No,Bank transfer (automatic),18.0,833.93,No
C03840,Female,0,Yes,No,16,Yes,No,Fiber optic,No,No,No,No,Yes,No,Month-to-month,No,Electronic check,54.42,1339.93,Yes
C03841,Male,0,Yes,Yes,25,Yes,No,Fiber optic,No,No,Yes,No,No,No,One year,No,Mailed check,81.85,2408.11,Yes
C03842,Male,0,Yes,No,2,Yes,Yes,Fiber optic,No,No,No,Yes,No,Yes,Two year,No,Bank transfer (automatic),43.81,18.0,No
C03843,Female,0,Yes,No,14,No,No phone service,Fiber optic,Yes,No,Yes,No,No,Yes,Two year,No,Bank transfer (automatic),80.4,864.25,No
C03844,Female,0,No,Yes,61,Yes,Yes,DSL,No,No,Yes,No,Yes,Yes,Two year,No,Electronic check,50.27,2983.69,No
C03845,Female,1,Yes,Yes,37,Yes,No,No,No internet service,No internet service,No internet service,No internet service,No internet service,No internet service,Month-to-month,Yes,Bank transfer (automatic),27.57,1050.49,No
C03846,Female,0,No,Yes,72,No,No phone service,DSL,Yes,Yes,Yes,No,No,No,Two year,No,Credit card (automatic),24.77,1648.98,No
C03847,Female,0,Yes,No,49,Yes,No,Fiber optic,Yes,Yes,No,No,Yes,No,Two year,No,Bank transfer (automatic),54.11,2443.35,No
C03848,Male,0,No,No,19,Yes,Yes,Fiber optic,No,Yes,No,No,No,No,Month-to-month,No,Mailed check,62.48,1522.62,Yes
C03849,Male,0,Yes,Yes,36,Yes,No,Fiber optic,No,Yes,Yes,No,Yes,No,Month-to-month,Yes,Bank transfer (automatic),53.33,2252.82,Yes
C03850,Female,0,Yes,No,47,Yes,Yes,DSL,Yes,Yes,No,No,No,No,Two year,No,Mailed check,69.99,3335.41,No
C03851,Male,0,No,Yes,10,Yes,No,Fiber optic,Yes,Yes,Yes,Yes,No,Yes,Month-to-month,Yes,Bank transfer (automatic),67.11,1085.57,Yes
C03852,Male,0,Yes,No,1,Yes,Yes,Fiber optic,No,No,Yes,Yes,Yes,Yes,Month-to-month,Yes,Electronic check,60.52,18.0,Yes
C03853,Male,0,No,Yes,16,Yes,No,DSL,No,No,No,No,Yes,No,Two year,Yes,Credit card (automatic),60.55,1076.21,Yes
C03854,Female,0,No,No,5,Yes,No,No,No internet service,No internet service,No internet service,No internet service,No internet service,No internet service,Two year,Yes,Mailed check,36.65,328.79,No
C03855,Male,0,No,No,10,No,No phone service,No,No internet service,No internet service,No internet service,No internet service,No internet service,No internet service,One year,No,Mailed check,18.0,306.6,No
C03856,Female,0,Yes,No,72,Yes,Yes,Fiber optic,No,Yes,No,Yes,Yes,No,Month-to-month,Yes,Bank transfer (automatic),41.76,3019.45,No
C03857,Male,0,Yes,Yes,60,Yes,No,Fiber optic,No,Yes,Yes,Yes,Yes,Yes,One year,No,Bank transfer (automatic),63.27,3751.35,No
C03858,Female,0,No,Yes,28,Yes,Yes,Fiber optic,No,No,No,Yes,No,Yes,One year,Yes,Electronic check,49.5,1316.58,No
C03859,Male,0,No,No,16,Yes,Yes,Fiber optic,No,No,No,No,Yes,No,Month-to-month,No,Electronic check,68.84,1023.47,Yes
C03860,Female,0,Yes,Yes,9,No,No phone service,No,No internet service,No internet service,No internet service,No internet service,No internet service,No internet service,Month-to-month,Yes,Bank transfer (automatic),39.48,647.29,No
C03861,Female,1,Yes,No,27,Yes,No,Fiber optic,No,No,No,No,Yes,Yes,Two year,Yes,Mailed check,78.91,2047.5,No
C03862,Male,0,Yes,No,24,Yes,Yes,Fiber optic,No,Yes,Yes,Yes,No,No,Month-to-month,Yes,Mailed check,78.96,1916.79,Yes
C03863,Female,0,No,No,48,Yes,No,DSL,No,Yes,Yes,Yes,No,Yes,Month-to-month,Yes,Bank transfer (automatic),72.55,3476.43,No
C03864,Female,0,Yes,No,72,Yes,No,Fiber optic,No,No,No,No,Yes,No,One year,No,Bank transfer (automatic),60.92,4424.31,No
C03865,Female,1,No,No,12,Yes,No,Fiber optic,No,Yes,Yes,No,No,No,Two year,No,Electronic check,58.07,841.96,Yes
C03866,Female,0,Yes,No,7,Yes,No,Fiber optic,No,No,Yes,Yes,Yes,No,One year,No,Credit card (automatic),67.1,631.21,Yes
C03867,Female,0,Yes,No,16,Yes,No,Fiber optic,No,No,No,No,No,Yes,Month-to-month,Yes,Electronic check,65.84,1321.56,Yes
C03868,Female,0,Yes,No,18,Yes,No,DSL,Yes,No,Yes,Yes,Yes,No,Month-to-month,No,Bank transfer (automatic),48.7,857.32,No
C03869,Female,0,No,No,1,Yes,No,Fiber optic,Yes,No,No,No,Yes,Yes,Month-to-month,Yes,Credit card (automatic),53.68,18.0,Yes
C03870,Female,0,Yes,Yes,63,Yes,Yes,No,No internet service,No internet service,No internet service,No internet service,No internet service,No internet service,Two year,Yes,Mailed check,28.17,1742.24,No
C03871,Male,0,Yes,No,72,Yes,Yes,Fiber optic,No,No,Yes,Yes,No,Yes,One year,Yes,Mailed check,53.88,4130.79,No
C03872,Male,0,Yes,Yes,72,Yes,No,Fiber optic,Yes,Yes,No,No,Yes,Yes,Month-to-month,Yes,Bank transfer (automatic),80.94,5470.96,No
C03873,Female,0,Yes,No,63,Yes,No,Fiber optic,No,Yes,Yes,Yes,No,No,Month-to-month,Yes,Electronic check,68.99,4372.99,No
C03874,Female,0,Yes,Yes,72,Yes,No,Fiber optic,Yes,Yes,Yes,Yes,No,Yes,Month-to-month,Yes,Mailed check,88.51,6304.15,No
C03875,Male,0,No,No,72,No,No phone service,DSL,No,No,No,Yes,Yes,Yes,Month-to-month,Yes,Bank transfer (automatic),52.43,3661.05,No
C03876,Male,0,No,No,37,No,No phone service,DSL,Yes,No,No,No,No,No,Month-to-month,Yes,Electronic check,32.44,1011.66,Yes
C03877,Male,0,Yes,No,5,Yes,Yes,Fiber optic,No,No,No,No,No,No,Two year,Yes,Electronic check,82.31,120.92,No
C03878,Female,0,No,No,5,Yes,Yes,DSL,No,No,Yes,Yes,Yes,Yes,Month-to-month,Yes,Credit card (automatic),26.6,266.03,No
C03879,Male,0,Yes,Yes,1,No,No phone service,Fiber optic,No,No,No,No,No,No,Two year,No,Electronic check,58.39,200.01,Yes
C03880,Female,0,Yes,No,16,Yes,No,Fiber optic,No,No,No,No,Yes,No,Two year,Yes,Electronic check,68.4,1076.13,No
C03881,Female,0,No,No,52,Yes,Yes,DSL,No,Yes,Yes,No,Yes,Yes,Two year,Yes,Electronic check,77.69,3747.61,No
C03882,Male,0,No,No,21,Yes,No,DSL,No,No,No,No,Yes,Yes,Month-to-month,Yes,Bank transfer (automatic),42.03,1038.89,Yes
C03883,Female,0,No,No,14,Yes,No,No,No internet service,No internet service,No internet service,No internet service,No internet service,No internet service,Month-to-month,No,Electronic check,26.37,548.54,No
C03884,Female,0,Yes,No,3,Yes,No,No,No internet service,No internet service,No internet service,No internet service,No internet service,No internet service,Two year,Yes,Bank transfer (automatic),18.0,333.66,No
C03885,Female,0,Yes,No,1,Yes,Yes,Fiber optic,No,No,No,Yes,Yes,No,Month-to-month,No,Electronic check,74.09,145.02,Yes
C03886,Female,0,No,No,16,Yes,No,Fiber optic,No,Yes,Yes,No,No,Yes,Month-to-month,No,Electronic check,70.62,1248.13,Yes
C03887,Male,0,No,Yes,3,Yes,Yes,DSL,No,Yes,Yes,No,Yes,No,Month-to-month,Yes,Bank transfer (automatic),18.0,18.0,Yes
C03888,Male,0,Yes,No,3,Yes,Yes,DSL,No,Yes,Yes,Yes,No,No,Two year,No,Mailed check,56.52,207.45,No
C03889,Female,0,No,No,16,No,No phone service,No,No internet service,No internet service,No internet service,No internet service,No internet service,No internet service,Two year,Yes,Bank transfer (automatic),18.0,189.54,No
C03890,Female,0,No,Yes,22,Yes,Yes,No,No internet service,No internet service,No internet service,No internet service,No internet service,No internet service,Month-to-month,No,Electronic check,29.15,215.26,Yes
C03891,Male,0,Yes,No,6,Yes,No,Fiber optic,Yes,No,No,No,No,No,One year,Yes,Bank transfer (automatic),76.23,438.77,No
C03892,Female,0,No,Yes,36,Yes,No,DSL,No,No,No,No,Yes,Yes,Month-to-month,Yes,Credit card (automatic),18.0,522.37,No
C03893,Male,0,No,Yes,17,Yes,No,Fiber optic,No,Yes,No,No,No,Yes,Month-to-month,Yes,Electronic check,99.06,1553.64,Yes
C03894,Female,1,Yes,No,3,Yes,No,Fiber optic,No,Yes,No,No,No,Yes,Two year,Yes,Electronic check,75.77,613.85,Yes
C03895,Female,0,No,No,32,Yes,Yes,No,No internet service,No internet service,No internet service,No internet service,No internet service,No internet service,Month-to-month,No,Credit card (automatic),18.0,337.72,No
C03896,Male,0,Yes,Yes,14,No,No phone service,Fiber optic,Yes,Yes,No,No,No,No,Month-to-month,No,Bank transfer (automatic),63.6,756.56,Yes
C03897,Male,0,Yes,No,1,Yes,No,DSL,No,No,Yes,No,Yes,No,Month-to-month,Yes,Electronic check,46.14,18.0,Yes
C03898,Male,0,No,No,72,Yes,No,DSL,No,Yes,No,Yes,No,No,Two year,Yes,Electronic check,38.69,2710.09,No
C03899,Male,0,No,Yes,27,Yes,Yes,DSL,No,Yes,No,No,Yes,Yes,Month-to-month,Yes,Credit card (automatic),36.78,654.0,No
C03900,Female,0,No,No,20,Yes,Yes,DSL,No,No,No,Yes,No,No,Month-to-month,No,Mailed check,52.22,1151.23,Yes
C03901,Male,0,No,No,62,Yes,No,DSL,Yes,No,Yes,Yes,No,Yes,Month-to-month,No,Electronic check,54.39,3255.13,No
C03902,Female,0,No,No,72,Yes,No,Fiber optic,No,Yes,No,No,Yes,No,Two year,Yes,Bank transfer (automatic),57.48,4470.53,No
C03903,Male,0,No,Yes,7,Yes,Yes,DSL,No,No,No,No,No,No,Month-to-month,Yes,Mailed check,18.36,18.0,No
C03904,Male,0,Yes,No,53,Yes,Yes,No,No internet service,No internet service,No internet service,No internet service,No internet service,No internet service,Month-to-month,Yes,Bank transfer (automatic),20.16,940.68,No
C03905,Female,0,No,Yes,56,No,No phone service,Fiber optic,No,No,Yes,Yes,No,No,One year,No,Electronic check,87.54,4752.33,No
C03906,Male,0,No,Yes,1,Yes,No,No,No internet service,No internet service,No internet service,No internet service,No internet service,No internet service,Month-to-month,Yes,Electronic check,25.56,271.16,Yes
C03907,Male,1,Yes,No,39,Yes,No,DSL,Yes,Yes,Yes,No,Yes,No,One year,No,Mailed check,61.66,2621.71,No
C03908,Male,0,No,Yes,2,Yes,Yes,No,No internet service,No internet service,No internet service,No internet service,No internet service,No internet service,Month-to-month,No,Bank transfer (automatic),18.0,18.0,No
C03909,Male,0,No,Yes,28,Yes,Yes,Fiber optic,No,No,No,Yes,No,No,Two year,No,Electronic check,59.89,1462.33,No
C03910,Female,0,No,No,35,Yes,Yes,DSL,Yes,No,No,Yes,No,Yes,One year,Yes,Electronic check,30.39,1054.35,No
C03911,Female,0,Yes,No,14,Yes,Yes,Fiber optic,No,No,Yes,No,Yes,Yes,Two year,No,Bank transfer (automatic),53.73,809.28,Yes
C03912,Male,0,No,Yes,68,Yes,Yes,DSL,No,No,Yes,Yes,No,Yes,Month-to-month,Yes,Electronic check,26.34,1898.87,No
C03913,Male,1,Yes,No,51,Yes,No,DSL,No,Yes,No,No,No,No,Month-to-month,Yes,Mailed check,30.15,1446.84,No
C03914,Male,0,Yes,Yes,72,Yes,Yes,Fiber optic,No,No,Yes,No,Yes,No,One year,Yes,Mailed check,73.39,5163.31,No
C03915,Female,1,No,No,12,Yes,No,Fiber optic,Yes,Yes,No,Yes,No,Yes,Two year,Yes,Electronic check,77.58,1010.23,Yes
C03916,Female,0,No,Yes,1,Yes,Yes,No,No internet service,No internet service,No internet service,No internet service,No internet service,No internet service,Two year,Yes,Credit card (automatic),18.0,231.41,No
C03917,Female,0,Yes,No,53,Yes,Yes,No,No internet service,No internet service,No internet service,No internet service,No internet service,No internet service,Two year,Yes,Mailed check,49.47,2869.88,No
C03918,Female,1,Yes,No,8,Yes,Yes,Fiber optic,No,No,Yes,No,Yes,No,Month-to-month,Yes,Mailed check,84.04,598.77,Yes
C03919,Male,0,No,Yes,20,Yes,No,No,No internet service,No internet service,No internet service,No internet service,No internet service,No internet service,Month-to-month,Yes,Bank transfer (automatic),42.66,654.95,Yes
C03920,Male,0,No,No,54,Yes,Yes,DSL,No,Yes,Yes,No,Yes,Yes,One year,Yes,Electronic check,36.77,1628.79,No
C03921,Male,0,No,No,7,Yes,No,DSL,No,Yes,No,No,No,Yes,Month-to-month,No,Credit card (automatic),31.67,134.76,Yes
C03922,Female,1,No,No,11,Yes,Yes,DSL,No,Yes,No,Yes,Yes,No,Two year,No,Credit card (automatic),43.77,393.39,No
C03923,Male,0,Yes,No,18,Yes,No,DSL,Yes,No,No,Yes,Yes,Yes,Month-to-month,Yes,Electronic check,42.07,788.08,No
C03924,Female,1,Yes,No,10,Yes,No,Fiber optic,No,No,No,Yes,Yes,No,One year,Yes,Credit card (automatic),71.69,607.4,Yes
C03925,Female,0,Yes,No,19,Yes,No,No,No internet service,No internet service,No internet service,No internet service,No internet service,No internet service,Two year,Yes,Electronic check,24.19,256.29,No
C03926,Male,0,Yes,No,1,Yes,No,DSL,Yes,Yes,Yes,Yes,No,No,Month-to-month,No,Electronic check,61.79,18.0,Yes
C03927,Male,0,Yes,No,7,Yes,Yes,Fiber optic,No,No,No,No,No,No,One year,Yes,Bank transfer (automatic),76.63,678.34,No
C03928,Male,0,Yes,No,57,Yes,No,DSL,No,Yes,No,No,No,Yes,Month-to-month,No,Credit card (automatic),44.8,2183.74,No
C03929,Female,1,No,No,17,Yes,No,Fiber optic,No,Yes,No,Yes,No,No,Month-to-month,Yes,Electronic check,85.5,1449.55,Yes
C03930,Female,0,Yes,No,32,Yes,Yes,DSL,No,No,No,No,No,No,Month-to-month,No,Credit card (automatic),56.74,1964.62,No
C03931,Male,0,No,No,8,No,No phone service,Fiber optic,No,No,Yes,No,No,No,Month-to-month,No,Electronic check,78.33,380.01,Yes
C03932,Male,0,No,No,33,No,No phone service,DSL,No,Yes,No,Yes,No,No,Two year,Yes,Mailed check,32.32,1127.44,No
C03933,Female,0,No,Yes,72,Yes,Yes,No,No internet service,No internet service,No internet service,No internet service,No internet service,No internet service,Month-to-month,No,Bank transfer (automatic),18.0,1535.23,No
C03934,Male,0,No,No,28,Yes,No,DSL,Yes,Yes,Yes,Yes,Yes,No,One year,Yes,Mailed check,27.18,588.85,No
C03935,Female,1,No,No,31,Yes,Yes,DSL,Yes,Yes,No,Yes,No,No,Month-to-month,Yes,Credit card (automatic),19.81,600.42,Yes
C03936,Female,1,Yes,No,3,Yes,No,No,No internet service,No internet service,No internet service,No internet service,No internet service,No internet service,Two year,No,Credit card (automatic),19.59,18.0,No
C03937,Male,0,Yes,No,16,Yes,Yes,Fiber optic,Yes,No,Yes,No,No,No,Month-to-month,No,Mailed check,70.28,1117.35,Yes
C03938,Male,1,Yes,No,63,No,No phone service,Fiber optic,No,No,Yes,No,Yes,Yes,Month-to-month,Yes,Electronic check,56.14,3272.71,No
C03939,Male,1,Yes,No,57,Yes,Yes,No,No internet service,No internet service,No internet service,No internet service,No internet service,No internet service,Month-to-month,Yes,Credit card (automatic),18.0,830.58,No
C03940,Male,0,No,No,23,Yes,No,Fiber optic,Yes,No,Yes,No,No,Yes,Two year,No,Mailed check,65.94,1711.39,No
C03941,Female,0,No,No,72,Yes,No,DSL,No,No,No,Yes,No,Yes,Month-to-month,No,Bank transfer (automatic),48.9,3376.9,No
C03942,Female,1,No,Yes,4,Yes,No,Fiber optic,No,No,No,No,Yes,Yes,One year,No,Mailed check,67.72,229.12,Yes
C03943,Female,0,Yes,No,34,No,No phone service,Fiber optic,Yes,Yes,No,No,No,Yes,Month-to-month,Yes,Electronic check,77.79,2551.07,Yes
C03944,Male,1,No,No,9,Yes,No,Fiber optic,No,Yes,Yes,No,No,No,One year,Yes,Credit card (automatic),59.48,891.89,Yes
C03945,Female,0,Yes,No,33,Yes,No,Fiber optic,Yes,No,Yes,Yes,Yes,Yes,Month-to-month,Yes,Mailed check,71.84,1997.4,No
C03946,Male,0,No,No,2,Yes,No,No,No internet service,No internet service,No internet service,No internet service,No internet service,No internet service,One year,No,Electronic check,38.8,146.01,No
C03947,Male,0,Yes,No,72,Yes,No,DSL,Yes,No,Yes,No,Yes,Yes,Two year,No,Electronic check,71.31,4918.37,No
C03948,Male,0,Yes,Yes,49,Yes,Yes,DSL,No,Yes,No,No,No,Yes,Month-to-month,No,Bank transfer (automatic),36.69,1728.7,No
C03949,Male,0,Yes,No,7,Yes,Yes,Fiber optic,No,Yes,No,Yes,Yes,No,Two year,No,Credit card (automatic),72.43,527.37,No
C03950,Male,0,No,Yes,32,Yes,No,DSL,No,No,Yes,No,No,No,Month-to-month,No,Electronic check,45.73,1388.06,Yes
C03951,Male,0,Yes,No,45,No,No phone service,Fiber optic,No,No,Yes,No,No,Yes,Month-to-month,Yes,Electronic check,76.96,3474.17,Yes
C03952,Female,0,Yes,Yes,7,Yes,No,Fiber optic,Yes,Yes,No,No,Yes,No,One year,Yes,Electronic check,72.91,376.31,Yes
C03953,Male,0,No,No,3,Yes,No,No,No internet service,No internet service,No internet service,No internet service,No internet service,No internet service,Month-to-month,No,Mailed check,48.47,18.0,Yes
C03954,Female,1,No,No,13,Yes,No,Fiber optic,No,No,Yes,No,Yes,No,Two year,Yes,Credit card (automatic),59.43,708.66,Yes
C03955,Female,0,Yes,Yes,4,Yes,Yes,Fiber optic,No,No,No,No,Yes,No,Month-to-month,Yes,Electronic check,78.98,310.99,Yes
C03956,Male,0,No,No,26,Yes,No,DSL,No,No,Yes,No,Yes,Yes,One year,Yes,Bank transfer (automatic),63.0,1388.85,No
C03957,Male,0,Yes,Yes,17,Yes,Yes,DSL,No,No,No,No,No,No,Month-to-month,Yes,Electronic check,66.58,1018.08,Yes
C03958,Male,0,Yes,Yes,19,Yes,No,DSL,No,No,No,Yes,Yes,No,Month-to-month,Yes,Electronic check,63.51,1229.85,No
C03959,Female,0,Yes,No,25,Yes,Yes,DSL,No,Yes,Yes,Yes,No,No,Month-to-month,No,Electronic check,64.41,1577.47,No
C03960,Male,0,Yes,No,72,Yes,Yes,No,No internet service,No internet service,No internet service,No internet service,No internet service,No internet service,Month-to-month,Yes,Bank transfer (automatic),21.47,1677.15,No
C03961,Female,0,No,Yes,50,Yes,Yes,DSL,No,No,No,No,No,No,Month-to-month,Yes,Mailed check,38.87,1826.0,No
C03962,Male,0,No,No,31,Yes,Yes,No,No internet service,No internet service,No internet service,No internet service,No internet service,No internet service,Month-to-month,No,Credit card (automatic),23.68,972.6,No
C03963,Male,0,Yes,No,14,Yes,No,No,No internet service,No internet service,No internet service,No internet service,No internet service,No internet service,One year,Yes,Electronic check,37.08,390.3,No
C03964,Female,1,No,Yes,1,Yes,No,Fiber optic,Yes,Yes,No,No,No,No,One year,No,Electronic check,39.53,18.0,Yes
C03965,Female,0,No,No,3,Yes,No,No,No internet service,No internet service,No internet service,No internet service,No internet service,No internet service,Two year,Yes,Electronic check,18.0,18.0,No
C03966,Male,1,Yes,No,42,No,No phone service,No,No internet service,No internet service,No internet service,No internet service,No internet service,No internet service,Two year,Yes,Mailed check,18.0,605.0,No
C03967,Female,1,Yes,No,14,Yes,Yes,Fiber optic,No,Yes,No,No,Yes,Yes,Month-to-month,No,Bank transfer (automatic),52.83,607.9,Yes
C03968,Female,1,No,No,13,Yes,No,Fiber optic,No,Yes,No,Yes,No,Yes,One year,Yes,Electronic check,62.96,949.82,No
C03969,Female,1,No,No,70,Yes,No,No,No internet service,No internet service,No internet service,No internet service,No internet service,No internet service,Month-to-month,Yes,Electronic check,23.48,1302.84,No
C03970,Female,0,No,No,21,Yes,No,No,No internet service,No internet service,No internet service,No internet service,No internet service,No internet service,One year,Yes,Bank transfer (automatic),24.61,897.38,No
C03971,Female,0,No,No,72,No,No phone service,DSL,No,Yes,Yes,No,No,No,Month-to-month,No,Mailed check,54.99,4034.66,No
C03972,Male,0,Yes,No,69,No,No phone service,Fiber optic,Yes,No,No,Yes,No,Yes,Month-to-month,No,Bank transfer (automatic),85.94,5953.72,No
C03973,Male,0,No,Yes,2,Yes,No,Fiber optic,No,Yes,No,No,Yes,Yes,One year,No,Electronic check,97.02,18.0,Yes
C03974,Female,0,Yes,No,72,Yes,No,Fiber optic,Yes,Yes,No,No,No,Yes,Month-to-month,No,Credit card (automatic),66.42,5395.95,No
C03975,Male,0,No,No,2,No,No phone service,Fiber optic,Yes,No,Yes,No,Yes,No,One year,Yes,Credit card (automatic),80.32,278.3,Yes
C03976,Male,1,No,No,72,Yes,Yes,Fiber optic,Yes,No,Yes,No,No,Yes,One year,Yes,Bank transfer (automatic),81.48,6289.38,No
C03977,Female,1,Yes,No,19,Yes,Yes,DSL,No,No,Yes,Yes,Yes,Yes,Two year,Yes,Credit card (automatic),27.04,565.98,No
C03978,Male,0,Yes,No,45,Yes,No,Fiber optic,Yes,No,No,Yes,No,No,Month-to-month,No,Mailed check,83.95,3697.05,No
C03979,Female,0,No,Yes,39,Yes,No,Fiber optic,No,Yes,No,No,No,Yes,One year,Yes,Credit card (automatic),69.51,2898.22,No
C03980,Female,1,Yes,No,23,Yes,No,No,No internet service,No internet service,No internet service,No internet service,No internet service,No internet service,One year,Yes,Credit card (automatic),22.69,59.13,No
C03981,Male,0,No,Yes,30,No,No phone service,Fiber optic,No,No,Yes,Yes,Yes,Yes,Two year,No,Credit card (automatic),61.55,1622.84,No
C03982,Female,0,No,No,72,Yes,No,DSL,No,No,Yes,Yes,Yes,No,Month-to-month,Yes,Credit card (automatic),38.34,2496.5,No
C03983,Female,0,No,No,72,Yes,No,Fiber optic,Yes,No,Yes,No,Yes,No,One year,No,Credit card (automatic),78.62,5937.64,No
C03984,Female,0,Yes,Yes,33,Yes,Yes,Fiber optic,Yes,No,No,Yes,No,No,One year,No,Mailed check,74.23,2045.49,No
C03985,Female,0,No,No,34,Yes,Yes,DSL,Yes,Yes,No,No,Yes,Yes,Two year,No,Credit card (automatic),63.82,2238.2,No
C03986,Female,1,No,No,9,Yes,Yes,Fiber optic,Yes,No,Yes,Yes,No,Yes,Month-to-month,Yes,Bank transfer (automatic),68.66,862.37,Yes
C03987,Male,0,No,No,56,Yes,Yes,No,No internet service,No internet service,No internet service,No internet service,No internet service,No internet service,Month-to-month,Yes,Credit card (automatic),31.83,1922.89,No
C03988,Male,0,No,Yes,32,Yes,No,DSL,No,Yes,No,No,No,No,One year,No,Credit card (automatic),58.3,2225.5,No
C03989,Female,0,No,No,56,Yes,Yes,DSL,Yes,No,Yes,Yes,Yes,No,Month-to-month,Yes,Bank transfer (automatic),32.06,1747.85,No
C03990,Female,0,No,No,34,Yes,No,Fiber optic,Yes,No,Yes,Yes,No,No,Month-to-month,No,Mailed check,53.14,2058.66,No
C03991,Male,1,Yes,No,11,Yes,No,Fiber optic,No,No,No,No,No,No,Month-to-month,Yes,Mailed check,59.96,822.37,Yes
C03992,Female,0,No,No,6,Yes,No,DSL,No,Yes,Yes,Yes,No,No,One year,No,Electronic check,57.58,18.0,No
C03993,Male,0,Yes,No,2,Yes,Yes,DSL,No,No,No,No,No,Yes,Month-to-month,Yes,Bank transfer (automatic),53.19,18.0,Yes
C03994,Female,0,Yes,No,28,Yes,Yes,DSL,No,No,Yes,Yes,No,No,One year,Yes,Electronic check,43.11,733.47,No
C03995,Female,0,Yes,No,10,Yes,No,Fiber optic,No,No,Yes,No,Yes,No,One year,Yes,Electronic check,74.2,83.0,Yes
C03996,Female,0,No,No,31,Yes,No,No,No internet service,No internet service,No internet service,No internet service,No internet service,No internet service,Month-to-month,No,Electronic check,18.0,648.8,Yes
C03997,Female,0,No,No,1,Yes,Yes,No,No internet service,No internet service,No internet service,No internet service,No internet service,No internet service,Month-to-month,No,Mailed check,18.03,18.0,Yes
C03998,Female,0,No,No,15,Yes,Yes,Fiber optic,Yes,No,Yes,Yes,No,No,One year,Yes,Electronic check,82.25,931.9,No
C03999,Female,0,Yes,No,9,No,No phone service,Fiber optic,Yes,Yes,No,No,No,No,Month-to-month,Yes,Mailed check,71.92,626.31,Yes
C04000,Female,0,Yes,No,14,Yes,No,DSL,Yes,No,No,No,No,No,One year,Yes,Bank transfer (automatic),38.99,657.15,No
C04001,Male,1,Yes,No,1,Yes,No,No,No internet service,No internet service,No internet service,No internet service,No internet service,No internet service,Month-to-month,Yes,Electronic check,24.43,427.56,No
C04002,Male,1,No,No,41,Yes,Yes,Fiber optic,Yes,No,Yes,Yes,Yes,No,Month-to-month,Yes,Electronic check,58.31,2474.29,Yes
C04003,Male,0,Yes,No,3,Yes,No,Fiber optic,Yes,No,No,Yes,Yes,No,Month-to-month,No,Electronic check,64.83,639.42,Yes
C04004,Female,0,Yes,Yes,1,Yes,Yes,Fiber optic,No,No,Yes,Yes,No,No,Month-to-month,Yes,Electronic check,72.33,101.22,Yes
C04005,Female,0,Yes,No,72,Yes,No,DSL,Yes,No,No,Yes,Yes,No,Two year,No,Electronic check,35.42,2434.99,No
C04006,Female,1,No,Yes,6,No,No phone service,Fiber optic,Yes,No,Yes,No,No,No,Month-to-month,No,Credit card (automatic),57.31,304.75,Yes
C04007,Female,0,No,Yes,56,Yes,No,No,No internet service,No internet service,No internet service,No internet service,No internet service,No internet service,Two year,Yes,Electronic check,34.33,2031.42,No
C04008,Female,0,No,Yes,72,No,No phone service,Fiber optic,Yes,Yes,Yes,No,No,No,Two year,Yes,Bank transfer (automatic),66.49,4260.48,No
C04009,Female,0,Yes,No,24,No,No phone service,Fiber optic,No,No,Yes,Yes,No,Yes,Month-to-month,No,Electronic check,50.07,1234.08,Yes
C04010,Female,0,Yes,No,23,Yes,No,DSL,No,No,No,No,Yes,No,Two year,No,Mailed check,39.91,937.85,No
C04011,Male,0,Yes,Yes,14,Yes,No,No,No internet service,No internet service,No internet service,No internet service,No internet service,No internet service,One year,Yes,Electronic check,28.12,527.89,No
C04012,Female,0,Yes,No,17,Yes,No,No,No internet service,No internet service,No internet service,No internet service,No internet service,No internet service,Month-to-month,No,Credit card (automatic),18.0,618.06,No
C04013,Male,0,Yes,Yes,21,Yes,Yes,Fiber optic,No,No,Yes,No,No,No,Month-to-month,Yes,Mailed check,71.54,1349.54,Yes
C04014,Male,0,Yes,No,5,Yes,Yes,Fiber optic,Yes,No,No,No,No,No,Month-to-month,Yes,Mailed check,57.52,193.51,Yes
C04015,Female,0,Yes,No,14,Yes,Yes,DSL,Yes,No,Yes,No,Yes,No,Month-to-month,No,Credit card (automatic),47.26,678.7,No
C04016,Female,0,Yes,Yes,54,Yes,Yes,DSL,Yes,No,No,No,No,No,One year,No,Electronic check,33.25,1779.97,No
C04017,Male,0,Yes,Yes,6,Yes,Yes,Fiber optic,No,No,No,No,Yes,No,Month-to-month,No,Electronic check,70.0,538.86,Yes
C04018,Male,0,No,No,41,Yes,Yes,Fiber optic,Yes,No,Yes,No,No,Yes,Month-to-month,No,Mailed check,79.74,3078.07,No
C04019,Female,1,No,No,33,Yes,No,Fiber optic,Yes,Yes,Yes,Yes,No,No,Month-to-month,Yes,Mailed check,73.4,2561.42,Yes
C04020,Female,0,No,Yes,1,Yes,No,Fiber optic,No,Yes,No,Yes,No,No,Month-to-month,Yes,Credit card (automatic),44.75,18.0,Yes
C04021,Male,0,Yes,No,1,No,No phone service,Fiber optic,No,Yes,No,No,No,No,One year,Yes,Mailed check,81.48,212.49,Yes
C04022,Female,0,Yes,No,13,Yes,Yes,No,No internet service,No internet service,No internet service,No internet service,No internet service,No internet service,Month-to-month,No,Electronic check,28.27,754.23,No
C04023,Female,1,No,No,37,Yes,No,DSL,No,No,Yes,Yes,No,No,Month-to-month,No,Electronic check,39.25,1510.74,No
C04024,Female,0,Yes,No,12,No,No phone service,Fiber optic,No,No,Yes,No,No,No,Two year,No,Electronic check,42.35,518.85,No
C04025,Male,0,No,No,35,Yes,No,DSL,Yes,No,No,No,No,No,Two year,Yes,Electronic check,34.28,1259.59,No
C04026,Male,1,No,No,35,Yes,No,Fiber optic,No,No,No,Yes,No,No,Month-to-month,Yes,Electronic check,78.71,2421.58,Yes
C04027,Male,0,No,No,52,Yes,Yes,Fiber optic,Yes,No,Yes,Yes,No,No,Month-to-month,No,Electronic check,63.95,3103.08,No
C04028,Female,0,No,No,3,Yes,No,DSL,No,Yes,Yes,Yes,No,Yes,Month-to-month,No,Electronic check,42.61,170.18,Yes
C04029,Female,0,No,Yes,27,No,No phone service,DSL,Yes,No,Yes,No,No,No,Month-to-month,Yes,Electronic check,46.28,1350.04,Yes
C04030,Male,0,No,No,2,Yes,No,Fiber optic,Yes,Yes,No,No,Yes,Yes,Month-to-month,No,Mailed check,86.43,18.0,Yes
C04031,Male,1,Yes,Yes,6,Yes,No,DSL,No,Yes,Yes,Yes,Yes,No,Two year,No,Credit card (automatic),37.36,285.54,No
C04032,Male,0,Yes,Yes,12,Yes,No,DSL,No,No,Yes,Yes,Yes,No,Month-to-month,No,Mailed check,59.93,708.29,Yes
C04033,Female,0,Yes,No,39,Yes,No,DSL,No,No,No,No,No,No,Two year,Yes,Mailed check,52.79,2013.47,No
C04034,Male,0,Yes,No,72,Yes,No,DSL,No,No,No,Yes,No,No,Two year,Yes,Electronic check,66.69,4509.78,No
C04035,Male,0,Yes,Yes,13,Yes,No,Fiber optic,No,No,No,No,Yes,No,One year,Yes,Electronic check,53.07,676.68,Yes
C04036,Female,0,Yes,No,23,Yes,No,Fiber optic,Yes,No,Yes,Yes,Yes,No,Two year,No,Bank transfer (automatic),70.25,2307.72,No
C04037,Female,0,No,No,9,Yes,No,No,No internet service,No internet service,No internet service,No internet service,No internet service,No internet service,Two year,No,Electronic check,44.37,247.25,No
C04038,Female,0,Yes,No,36,Yes,No,DSL,No,Yes,No,No,Yes,Yes,Month-to-month,No,Electronic check,48.68,1904.59,No
C04039,Male,0,Yes,Yes,14,Yes,Yes,No,No internet service,No internet service,No internet service,No internet service,No internet service,No internet service,One year,Yes,Bank transfer (automatic),18.0,486.44,No
C04040,Female,0,Yes,No,21,Yes,No,DSL,No,No,Yes,Yes,Yes,Yes,Two year,Yes,Bank transfer (automatic),35.46,962.65,No
C04041,Female,0,No,No,26,Yes,Yes,DSL,Yes,No,Yes,Yes,No,Yes,Month-to-month,No,Credit card (automatic),56.3,1354.92,No
C04042,Male,0,Yes,No,37,Yes,Yes,No,No internet service,No internet service,No internet service,No internet service,No internet service,No internet service,Two year,Yes,Electronic check,25.25,488.67,No
C04043,Female,0,No,No,1,Yes,Yes,Fiber optic,No,Yes,Yes,No,No,Yes,One year,Yes,Bank transfer (automatic),61.64,18.0,Yes
C04044,Male,0,No,No,25,Yes,Yes,Fiber optic,Yes,No,No,Yes,Yes,No,One year,No,Electronic check,84.9,2260.59,No
C04045,Male,0,No,No,18,Yes,Yes,No,No internet service,No internet service,No internet service,No internet service,No internet service,No internet service,Month-to-month,No,Electronic check,46.0,885.36,Yes
C04046,Female,0,Yes,No,4,Yes,Yes,Fiber optic,No,No,Yes,No,Yes,Yes,Two year,Yes,Credit card (automatic),68.29,483.66,No
C04047,Female,0,No,No,7,Yes,No,No,No internet service,No internet service,No internet service,No internet service,No internet service,No internet service,Month-to-month,No,Electronic check,24.93,261.23,Yes
C04048,Female,0,No,No,68,Yes,Yes,DSL,No,No,No,No,No,Yes,Month-to-month,No,Electronic check,41.13,2962.89,No
C04049,Female,1,Yes,Yes,65,Yes,Yes,No,No internet service,No internet service,No internet service,No internet service,No internet service,No internet service,Month-to-month,Yes,Mailed check,18.0,1400.19,No
C04050,Female,0,Yes,No,1,No,No phone service,Fiber optic,No,Yes,Yes,Yes,No,Yes,Month-to-month,No,Electronic check,76.87,18.0,Yes
C04051,Female,0,Yes,No,37,Yes,No,Fiber optic,Yes,Yes,Yes,No,No,No,One year,Yes,Credit card (automatic),73.71,2470.34,No
C04052,Male,0,No,Yes,25,Yes,Yes,DSL,No,No,Yes,Yes,Yes,No,Month-to-month,Yes,Credit card (automatic),32.5,773.05,No
C04053,Male,0,Yes,No,72,Yes,No,DSL,No,No,Yes,Yes,Yes,Yes,One year,No,Electronic check,51.6,3885.18,No
C04054,Female,0,No,No,72,Yes,No,Fiber optic,Yes,No,Yes,No,Yes,Yes,Month-to-month,No,Electronic check,54.66,4276.01,No
C04055,Male,1,Yes,No,27,Yes,Yes,Fiber optic,Yes,Yes,Yes,Yes,No,No,Month-to-month,Yes,Mailed check,87.28,2676.34,Yes
C04056,Female,0,No,Yes,4,Yes,No,Fiber optic,Yes,No,Yes,Yes,Yes,Yes,Month-to-month,Yes,Bank transfer (automatic),95.08,808.48,Yes
C04057,Male,0,No,No,19,Yes,No,Fiber optic,Yes,Yes,Yes,No,No,No,One year,No,Mailed check,52.26,1141.72,No
C04058,Male,0,Yes,No,41,Yes,No,Fiber optic,Yes,No,Yes,No,No,No,One year,No,Bank transfer (automatic),77.74,3165.93,No
C04059,Male,0,Yes,No,72,Yes,Yes,Fiber optic,Yes,No,No,No,No,No,Month-to-month,Yes,Credit card (automatic),68.78,5209.7,No
C04060,Female,0,Yes,Yes,14,Yes,Yes,Fiber optic,No,Yes,No,No,No,Yes,Month-to-month,Yes,Electronic check,73.2,1149.14,Yes
C04061,Male,0,Yes,No,49,Yes,Yes,DSL,No,Yes,No,No,No,No,One year,Yes,Credit card (automatic),66.37,3145.43,No
C04062,Female,0,No,No,36,Yes,Yes,Fiber optic,No,No,No,No,No,No,Two year,Yes,Mailed check,41.99,1642.79,No
C04063,Male,0,Yes,No,2,Yes,Yes,Fiber optic,No,Yes,Yes,No,Yes,Yes,Month-to-month,Yes,Bank transfer (automatic),58.94,264.52,Yes
C04064,Male,0,No,Yes,26,Yes,No,No,No internet service,No internet service,No internet service,No internet service,No internet service,No internet service,One year,Yes,Credit card (automatic),37.63,943.7,No
C04065,Male,0,Yes,No,6,Yes,No,Fiber optic,No,Yes,Yes,Yes,No,No,Month-to-month,No,Electronic check,49.52,434.53,Yes
C04066,Male,0,Yes,No,36,Yes,No,No,No internet service,No internet service,No internet service,No internet service,No internet service,No internet service,Two year,Yes,Mailed check,18.0,560.88,No
C04067,Male,0,No,Yes,30,Yes,Yes,DSL,Yes,No,No,No,No,No,One year,Yes,Electronic check,51.86,1916.72,No
C04068,Female,0,No,Yes,72,Yes,Yes,DSL,No,No,Yes,No,No,No,Two year,Yes,Bank transfer (automatic),41.85,3159.81,No
C04069,Female,1,Yes,Yes,72,Yes,Yes,Fiber optic,No,Yes,Yes,No,No,No,Month-to-month,Yes,Electronic check,76.72,5799.33,No
C04070,Male,0,No,Yes,1,Yes,No,Fiber optic,No,Yes,No,Yes,Yes,Yes,Month-to-month,No,Mailed check,84.95,380.49,Yes
C04071,Male,1,Yes,No,2,Yes,No,Fiber optic,No,No,Yes,No,No,Yes,Month-to-month,Yes,Credit card (automatic),81.79,18.0,Yes
C04072,Male,1,No,No,46,Yes,No,Fiber optic,Yes,Yes,No,No,Yes,No,One year,No,Electronic check,64.01,3057.45,No
C04073,Male,1,Yes,Yes,37,Yes,Yes,Fiber optic,Yes,Yes,No,No,No,No,Two year,No,Credit card (automatic),87.68,3504.76,No
C04074,Female,0,Yes,No,51,Yes,Yes,DSL,No,No,Yes,Yes,No,No,Month-to-month,Yes,Mailed check,70.83,3736.4,No
C04075,Male,0,No,No,9,Yes,No,DSL,Yes,No,No,No,Yes,No,Month-to-month,Yes,Electronic check,31.83,233.19,No
C04076,Female,0,Yes,Yes,60,Yes,No,No,No internet service,No internet service,No internet service,No internet service,No internet service,No internet service,Month-to-month,Yes,Electronic check,18.0,1017.26,No
C04077,Male,0,Yes,No,18,Yes,Yes,No,No internet service,No internet service,No internet service,No internet service,No internet service,No internet service,One year,Yes,Electronic check,29.15,240.92,No
C04078,Female,0,Yes,Yes,9,Yes,Yes,No,No internet service,No internet service,No internet service,No internet service,No internet service,No internet service,Month-to-month,Yes,Electronic check,35.09,557.9,Yes
C04079,Male,0,No,No,1,Yes,Yes,Fiber optic,Yes,Yes,Yes,No,No,No,Two year,Yes,Mailed check,78.0,18.0,No
C04080,Male,0,No,Yes,65,Yes,Yes,Fiber optic,Yes,No,Yes,No,No,Yes,One year,No,Mailed check,70.44,5030.95,No
C04081,Female,0,No,No,24,No,No phone service,No,No internet service,No internet service,No internet service,No internet service,No internet service,No internet service,Month-to-month,Yes,Electronic check,24.44,177.97,No
C04082,Male,1,No,Yes,72,Yes,Yes,No,No internet service,No internet service,No internet service,No internet service,No internet service,No internet service,Two year,No,Bank transfer (automatic),23.73,1331.86,No
C04083,Male,1,No,No,40,Yes,No,No,No internet service,No internet service,No internet service,No internet service,No internet service,No internet service,Month-to-month,Yes,Mailed check,20.68,642.59,No
C04084,Male,1,Yes,No,2,Yes,No,Fiber optic,No,Yes,Yes,Yes,Yes,No,Two year,Yes,Bank transfer (automatic),65.08,18.0,Yes
C04085,Female,0,Yes,No,28,Yes,Yes,DSL,Yes,No,Yes,No,No,No,Month-to-month,No,Credit card (automatic),60.78,1695.76,Yes
C04086,Male,1,No,No,1,Yes,No,Fiber optic,No,No,Yes,No,No,No,Month-to-month,Yes,Electronic check,71.4,56.02,Yes
C04087,Male,0,Yes,Yes,26,Yes,Yes,Fiber optic,No,No,Yes,No,No,No,One year,Yes,Mailed check,68.64,1932.98,No
C04088,Female,0,Yes,No,13,Yes,No,No,No internet service,No internet service,No internet service,No internet service,No internet service,No internet service,One year,Yes,Credit card (automatic),20.97,18.0,No
C04089,Female,0,No,No,32,Yes,Yes,DSL,No,Yes,No,Yes,Yes,Yes,One year,Yes,Bank transfer (automatic),39.45,1081.89,No
C04090,Female,1,No,No,24,Yes,Yes,DSL,No,Yes,No,Yes,No,No,Month-to-month,Yes,Electronic check,35.3,1246.26,Yes
C04091,Male,1,Yes,Yes,9,Yes,No,DSL,Yes,No,No,Yes,No,Yes,Month-to-month,Yes,Bank transfer (automatic),37.04,393.76,No
C04092,Male,0,Yes,Yes,5,No,No phone service,DSL,Yes,Yes,No,Yes,No,No,Two year,No,Mailed check,57.82,547.52,No
C04093,Male,0,No,No,16,Yes,Yes,Fiber optic,Yes,Yes,No,No,No,Yes,Month-to-month,Yes,Credit card (automatic),71.41,1393.81,Yes
C04094,Female,0,No,Yes,72,Yes,No,No,No internet service,No internet service,No internet service,No internet service,No internet service,No internet service,Month-to-month,No,Electronic check,32.03,2272.98,No
C04095,Male,0,Yes,No,18,No,No phone service,Fiber optic,Yes,No,No,Yes,Yes,No,Month-to-month,No,Electronic check,86.3,1654.94,No
C04096,Male,1,Yes,Yes,44,Yes,No,DSL,Yes,Yes,No,No,No,No,Month-to-month,No,Credit card (automatic),32.48,1693.96,No
C04097,Female,1,No,No,1,Yes,No,Fiber optic,No,No,No,No,No,Yes,Month-to-month,Yes,Mailed check,66.84,288.5,Yes
C04098,Female,0,Yes,No,15,Yes,Yes,Fiber optic,Yes,No,No,Yes,Yes,No,Month-to-month,No,Bank transfer (automatic),92.54,1073.51,Yes
C04099,Female,0,No,Yes,27,Yes,Yes,Fiber optic,No,Yes,Yes,No,No,No,Month-to-month,Yes,Credit card (automatic),71.48,1653.35,Yes
C04100,Female,0,Yes,No,44,Yes,No,Fiber optic,No,No,No,No,Yes,No,Month-to-month,No,Electronic check,75.89,3198.13,Yes
C04101,Female,0,Yes,No,24,Yes,No,DSL,Yes,No,No,No,Yes,No,Month-to-month,No,Electronic check,40.9,1016.13,No
C04102,Male,0,Yes,No,23,Yes,Yes,No,No internet service,No internet service,No internet service,No internet service,No internet service,No internet service,One year,Yes,Electronic check,45.12,1075.76,No
C04103,Female,0,No,No,46,Yes,No,Fiber optic,No,Yes,No,No,Yes,No,Month-to-month,Yes,Electronic check,63.3,2900.43,No
C04104,Male,0,No,Yes,12,Yes,No,Fiber optic,No,Yes,No,No,No,No,Two year,Yes,Credit card (automatic),65.29,832.91,Yes
C04105,Male,0,Yes,Yes,3,Yes,No,No,No internet service,No internet service,No internet service,No internet service,No internet service,No internet service,Month-to-month,Yes,Bank transfer (automatic),23.72,187.67,No
C04106,Female,0,No,No,13,Yes,No,No,No internet service,No internet service,No internet service,No internet service,No internet service,No internet service,Month-to-month,No,Bank transfer (automatic),22.4,551.45,No
C04107,Female,0,Yes,No,5,No,No phone service,No,No internet service,No internet service,No internet service,No internet service,No internet service,No internet service,Month-to-month,No,Credit card (automatic),18.0,141.14,No
C04108,Female,0,No,No,72,Yes,No,DSL,Yes,Yes,No,No,Yes,Yes,Month-to-month,No,Credit card (automatic),60.15,4247.42,No
C04109,Male,0,Yes,Yes,27,No,No phone service,No,No internet service,No internet service,No internet service,No internet service,No internet service,No internet service,Two year,Yes,Credit card (automatic),34.86,804.6,No
C04110,Female,0,No,No,18,Yes,No,Fiber optic,No,No,Yes,No,No,No,One year,Yes,Bank transfer (automatic),59.88,919.68,No
C04111,Female,1,Yes,No,72,Yes,No,DSL,Yes,Yes,No,Yes,No,No,Two year,Yes,Mailed check,37.99,2692.31,No
C04112,Female,0,No,Yes,72,Yes,No,No,No internet service,No internet service,No internet service,No internet service,No internet service,No internet service,Month-to-month,No,Electronic check,18.0,1453.72,No
C04113,Female,1,No,No,17,Yes,Yes,DSL,No,Yes,No,No,Yes,No,One year,Yes,Credit card (automatic),35.76,523.94,No
C04114,Female,1,Yes,No,66,Yes,Yes,No,No internet service,No internet service,No internet service,No internet service,No internet service,No internet service,Month-to-month,Yes,Electronic check,32.98,2398.95,No
C04115,Male,0,Yes,No,2,Yes,No,DSL,No,No,No,No,No,Yes,One year,Yes,Electronic check,42.14,18.0,No
C04116,Male,0,Yes,No,69,Yes,Yes,Fiber optic,No,No,Yes,No,No,No,Two year,No,Bank transfer (automatic),70.84,4773.41,No
C04117,Male,0,No,No,11,Yes,Yes,DSL,No,Yes,No,No,No,No,Month-to-month,Yes,Credit card (automatic),40.16,68.35,Yes
C04118,Female,1,Yes,Yes,26,No,No phone service,No,No internet service,No internet service,No internet service,No internet service,No internet service,No internet service,Month-to-month,No,Bank transfer (automatic),30.42,551.0,No
C04119,Female,1,No,No,10,Yes,No,DSL,No,No,Yes,No,No,No,One year,Yes,Mailed check,18.0,19.25,No
C04120,Female,0,No,Yes,72,Yes,No,Fiber optic,No,No,Yes,No,No,No,Two year,Yes,Credit card (automatic),111.9,7786.65,No
C04121,Male,0,Yes,No,2,Yes,Yes,Fiber optic,Yes,No,No,No,Yes,Yes,Month-to-month,Yes,Electronic check,72.71,183.75,Yes
C04122,Female,0,Yes,No,18,Yes,Yes,Fiber optic,No,Yes,No,No,Yes,No,One year,Yes,Electronic check,71.23,1288.92,Yes
C04123,Female,0,No,No,31,No,No phone service,Fiber optic,No,No,No,No,Yes,No,Month-to-month,Yes,Mailed check,47.45,1286.94,No
C04124,Female,0,No,No,30,Yes,No,DSL,No,Yes,No,Yes,Yes,No,Month-to-month,Yes,Credit card (automatic),72.77,1994.33,Yes
C04125,Male,0,No,No,42,Yes,No,Fiber optic,Yes,Yes,Yes,No,No,No,Month-to-month,No,Electronic check,54.07,2376.32,No
C04126,Female,0,Yes,Yes,41,Yes,Yes,DSL,No,Yes,Yes,No,No,No,Two year,No,Mailed check,74.69,3111.16,No
C04127,Male,0,Yes,Yes,50,Yes,Yes,No,No internet service,No internet service,No internet service,No internet service,No internet service,No internet service,Two year,No,Electronic check,18.0,907.16,No
C04128,Female,0,No,No,8,Yes,Yes,Fiber optic,Yes,No,Yes,Yes,No,No,One year,No,Electronic check,82.14,572.68,Yes
C04129,Male,0,No,No,14,No,No phone service,Fiber optic,No,Yes,Yes,Yes,No,No,Month-to-month,Yes,Credit card (automatic),56.34,1007.3,Yes
C04130,Male,1,No,No,15,Yes,Yes,Fiber optic,Yes,No,No,No,No,Yes,Month-to-month,No,Electronic check,93.36,1277.54,Yes
C04131,Male,0,Yes,No,72,No,No phone service,No,No internet service,No internet service,No internet service,No internet service,No internet service,No internet service,One year,No,Electronic check,18.0,1210.05,No
C04132,Female,0,Yes,No,16,Yes,Yes,DSL,No,No,No,Yes,Yes,Yes,Month-to-month,Yes,Electronic check,35.67,310.89,No
C04133,Female,0,Yes,Yes,8,Yes,No,DSL,No,Yes,Yes,No,No,No,Month-to-month,No,Mailed check,32.61,482.01,No
C04134,Male,0,No,No,32,Yes,Yes,Fiber optic,No,Yes,Yes,Yes,No,No,Month-to-month,No,Mailed check,81.51,2811.94,Yes
C04135,Male,0,Yes,No,17,Yes,Yes,Fiber optic,No,No,Yes,No,No,No,Month-to-month,No,Electronic check,63.1,1139.11,Yes
C04136,Female,0,No,No,9,Yes,Yes,Fiber optic,Yes,No,No,Yes,No,Yes,Month-to-month,Yes,Credit card (automatic),82.24,843.6,Yes
C04137,Female,0,No,No,40,Yes,Yes,Fiber optic,Yes,No,Yes,No,No,Yes,Month-to-month,No,Credit card (automatic),59.29,2146.7,No
C04138,Male,1,Yes,Yes,6,Yes,No,DSL,No,No,No,Yes,No,No,Month-to-month,Yes,Mailed check,56.83,18.0,Yes
C04139,Female,0,Yes,No,32,Yes,Yes,DSL,No,No,Yes,No,No,Yes,Month-to-month,No,Electronic check,53.89,1715.43,Yes
C04140,Female,1,No,No,18,Yes,No,DSL,No,No,Yes,No,No,No,Month-to-month,Yes,Electronic check,45.59,1283.82,Yes
C04141,Female,0,Yes,Yes,12,Yes,No,Fiber optic,Yes,No,Yes,No,Yes,Yes,Month-to-month,Yes,Mailed check,89.05,1036.13,Yes
C04142,Female,0,Yes,No,72,Yes,No,No,No internet service,No internet service,No internet service,No internet service,No internet service,No internet service,Two year,Yes,Credit card (automatic),29.06,1790.08,No
C04143,Male,0,Yes,No,12,Yes,Yes,Fiber optic,No,Yes,Yes,No,No,Yes,Month-to-month,No,Mailed check,62.23,1327.42,Yes
C04144,Female,0,No,No,13,Yes,Yes,No,No internet service,No internet service,No internet service,No internet service,No internet service,No internet service,Month-to-month,Yes,Mailed check,42.73,714.22,Yes
C04145,Female,0,No,No,65,Yes,No,DSL,No,Yes,Yes,Yes,No,No,Month-to-month,Yes,Credit card (automatic),62.21,3970.67,No
C04146,Male,0,No,No,4,Yes,No,DSL,No,No,Yes,No,Yes,No,Month-to-month,Yes,Credit card (automatic),56.07,91.97,Yes
C04147,Male,0,No,Yes,3,Yes,No,DSL,No,Yes,Yes,Yes,Yes,Yes,One year,No,Mailed check,42.66,138.45,No
C04148,Female,0,No,Yes,10,Yes,No,Fiber optic,Yes,Yes,No,No,No,No,Month-to-month,No,Credit card (automatic),68.18,395.16,Yes
C04149,Female,0,No,No,28,Yes,No,DSL,Yes,Yes,Yes,No,Yes,No,One year,No,Electronic check,24.7,816.27,No
C04150,Female,0,No,Yes,15,Yes,Yes,No,No internet service,No internet service,No internet service,No internet service,No internet service,No internet service,One year,Yes,Electronic check,18.0,170.64,No
C04151,Female,1,Yes,No,30,Yes,Yes,DSL,No,No,Yes,No,Yes,No,Month-to-month,Yes,Mailed check,58.96,2004.41,Yes
C04152,Male,1,Yes,No,5,Yes,No,Fiber optic,No,No,No,Yes,No,No,Two year,Yes,Mailed check,52.12,311.67,Yes
C04153,Male,0,No,No,9,Yes,No,Fiber optic,Yes,No,No,No,No,No,Month-to-month,No,Electronic check,66.41,264.54,Yes
C04154,Male,1,No,No,26,Yes,No,DSL,No,Yes,No,Yes,Yes,No,Month-to-month,Yes,Mailed check,58.25,1279.92,No
C04155,Female,0,Yes,Yes,7,Yes,No,Fiber optic,Yes,Yes,Yes,No,Yes,No,One year,No,Bank transfer (automatic),45.89,114.22,No
C04156,Female,0,No,No,17,Yes,No,Fiber optic,Yes,No,Yes,Yes,No,No,Two year,Yes,Electronic check,72.0,678.88,Yes
C04157,Female,0,Yes,No,27,Yes,No,DSL,Yes,Yes,No,No,No,No,Month-to-month,Yes,Mailed check,53.0,1287.32,No
C04158,Female,1,Yes,No,72,Yes,Yes,No,No internet service,No internet service,No internet service,No internet service,No internet service,No internet service,One year,No,Electronic check,18.0,1482.95,No
C04159,Male,0,No,No,2,Yes,No,Fiber optic,No,No,Yes,No,Yes,Yes,Month-to-month,Yes,Credit card (automatic),55.61,300.47,Yes
C04160,Male,0,Yes,Yes,19,Yes,Yes,DSL,Yes,No,Yes,Yes,Yes,No,Month-to-month,Yes,Bank transfer (automatic),31.61,607.37,No
C04161,Female,0,No,No,16,Yes,No,Fiber optic,No,No,Yes,No,No,Yes,Month-to-month,No,Electronic check,82.02,1605.32,Yes
C04162,Male,0,Yes,No,55,Yes,Yes,DSL,No,No,No,No,Yes,No,Month-to-month,Yes,Electronic check,36.21,1879.88,No
C04163,Female,0,Yes,No,72,Yes,No,No,No internet service,No internet service,No internet service,No internet service,No internet service,No internet service,Month-to-month,No,Mailed check,18.0,1119.64,No
C04164,Female,0,No,No,72,Yes,No,Fiber optic,Yes,No,No,No,No,No,Two year,No,Electronic check,69.56,4690.13,No
C04165,Male,0,No,Yes,15,No,No phone service,Fiber optic,No,No,Yes,Yes,Yes,Yes,Two year,Yes,Mailed check,64.29,1387.79,No
C04166,Female,0,Yes,No,11,Yes,Yes,DSL,Yes,Yes,Yes,Yes,Yes,No,Month-to-month,Yes,Mailed check,59.05,455.42,No
C04167,Female,0,No,Yes,19,Yes,Yes,No,No internet service,No internet service,No internet service,No internet service,No internet service,No internet service,One year,No,Mailed check,42.82,664.25,No
C04168,Male,0,No,No,13,Yes,Yes,DSL,Yes,Yes,No,Yes,No,Yes,Month-to-month,No,Mailed check,19.79,392.45,Yes
C04169,Female,0,Yes,No,40,Yes,No,Fiber optic,No,No,Yes,No,Yes,No,One year,No,Electronic check,66.14,2626.87,No
C04170,Female,0,Yes,No,7,Yes,No,Fiber optic,No,Yes,Yes,Yes,No,Yes,Two year,No,Bank transfer (automatic),91.64,255.75,Yes
C04171,Male,1,No,Yes,34,Yes,No,Fiber optic,No,Yes,Yes,No,No,No,Month-to-month,Yes,Bank transfer (automatic),56.94,2054.92,Yes
C04172,Female,0,No,No,72,Yes,Yes,No,No internet service,No internet service,No internet service,No internet service,No internet service,No internet service,Month-to-month,Yes,Bank transfer (automatic),19.19,1304.87,No
C04173,Male,0,Yes,No,10,No,No phone service,No,No internet service,No internet service,No internet service,No internet service,No internet service,No internet service,Month-to-month,Yes,Electronic check,44.39,630.46,No
C04174,Female,0,Yes,No,36,Yes,Yes,DSL,No,Yes,No,No,No,Yes,Month-to-month,Yes,Credit card (automatic),35.32,1010.98,No
C04175,Male,1,Yes,Yes,4,Yes,Yes,Fiber optic,Yes,No,No,Yes,No,Yes,Month-to-month,No,Mailed check,79.22,292.48,Yes
C04176,Male,1,Yes,No,4,Yes,Yes,DSL,No,No,Yes,No,No,No,Month-to-month,No,Electronic check,43.12,18.0,Yes
C04177,Male,0,No,Yes,3,Yes,Yes,Fiber optic,No,No,No,Yes,Yes,No,Month-to-month,Yes,Electronic check,85.45,246.92,Yes
C04178,Female,0,No,No,4,Yes,Yes,Fiber optic,No,No,No,No,No,Yes,Month-to-month,Yes,Bank transfer (automatic),80.22,196.54,Yes
C04179,Male,0,Yes,No,7,Yes,No,Fiber optic,No,No,No,No,No,No,Two year,Yes,Credit card (automatic),60.04,364.46,No
C04180,Male,0,No,No,26,Yes,Yes,No,No internet service,No internet service,No internet service,No internet service,No internet service,No internet service,Two year,No,Electronic check,18.0,471.99,No
C04181,Male,0,No,Yes,46,Yes,Yes,Fiber optic,No,No,Yes,No,No,No,Two year,No,Bank transfer (automatic),61.91,2722.89,No
C04182,Male,0,No,No,4,Yes,Yes,Fiber optic,No,No,Yes,Yes,No,No,Two year,Yes,Electronic check,55.57,406.81,Yes
C04183,Male,0,No,Yes,65,Yes,No,Fiber optic,No,Yes,Yes,No,No,No,Month-to-month,Yes,Bank transfer (automatic),73.31,4770.06,No
C04184,Female,0,No,No,59,Yes,Yes,DSL,No,No,Yes,Yes,No,No,Two year,Yes,Electronic check,22.21,1103.12,No
C04185,Female,0,No,No,41,Yes,No,Fiber optic,No,No,No,No,No,No,Month-to-month,Yes,Credit card (automatic),52.01,2194.07,Yes
C04186,Female,0,Yes,No,17,No,No phone service,DSL,No,No,No,No,Yes,No,Month-to-month,Yes,Electronic check,26.92,502.38,No
C04187,Female,0,No,Yes,1,Yes,No,Fiber optic,No,No,No,No,No,Yes,Month-to-month,Yes,Mailed check,38.24,119.7,Yes
C04188,Female,0,No,Yes,42,Yes,No,Fiber optic,No,No,No,No,No,No,One year,Yes,Mailed check,62.05,2891.11,No
C04189,Female,0,Yes,No,67,Yes,No,DSL,Yes,Yes,Yes,Yes,Yes,Yes,Two year,Yes,Bank transfer (automatic),47.48,3162.72,No
C04190,Female,0,Yes,No,13,Yes,No,DSL,No,No,Yes,Yes,Yes,No,Month-to-month,Yes,Electronic check,41.1,687.18,No
C04191,Male,0,Yes,No,40,Yes,No,Fiber optic,Yes,No,No,No,Yes,Yes,Month-to-month,Yes,Credit card (automatic),21.78,653.36,No
C04192,Female,0,No,Yes,2,Yes,No,Fiber optic,No,Yes,No,Yes,No,No,Month-to-month,Yes,Electronic check,88.2,326.91,Yes
C04193,Male,0,No,Yes,39,Yes,No,No,No internet service,No internet service,No internet service,No internet service,No internet service,No internet service,Month-to-month,Yes,Mailed check,18.0,377.15,No
C04194,Male,0,No,No,2,Yes,No,DSL,No,Yes,Yes,Yes,No,No,Month-to-month,Yes,Mailed check,47.71,18.0,Yes
C04195,Female,0,Yes,No,28,Yes,No,Fiber optic,Yes,No,No,Yes,Yes,No,Month-to-month,No,Electronic check,97.24,2405.36,Yes
C04196,Male,0,No,No,29,Yes,No,Fiber optic,Yes,Yes,No,Yes,Yes,No,One year,Yes,Credit card (automatic),92.42,2314.98,No
C04197,Male,0,Yes,No,11,Yes,Yes,Fiber optic,No,No,No,Yes,Yes,No,One year,No,Bank transfer (automatic),54.45,998.93,No
C04198,Male,0,No,No,2,Yes,No,Fiber optic,No,No,No,Yes,No,Yes,Month-to-month,Yes,Mailed check,66.8,121.72,Yes
C04199,Male,0,Yes,No,72,Yes,No,Fiber optic,No,No,Yes,No,No,Yes,Month-to-month,Yes,Bank transfer (automatic),114.24,7999.56,No
C04200,Female,0,No,Yes,24,Yes,No,Fiber optic,No,No,No,Yes,Yes,No,Month-to-month,No,Mailed check,52.05,1139.02,Yes
C04201,Female,0,No,No,27,Yes,No,Fiber optic,No,No,No,No,No,Yes,Month-to-month,Yes,Bank transfer (automatic),61.59,1953.06,Yes
C04202,Female,0,No,No,30,Yes,No,Fiber optic,No,No,No,No,No,No,Month-to-month,No,Electronic check,61.38,1816.83,Yes
C04203,Female,1,No,No,70,Yes,No,Fiber optic,No,Yes,Yes,Yes,Yes,No,One year,Yes,Credit card (automatic),33.27,2416.22,No
C04204,Female,0,No,No,1,Yes,No,Fiber optic,No,Yes,Yes,No,No,Yes,Month-to-month,No,Electronic check,78.54,18.0,Yes
C04205,Female,0,Yes,No,71,Yes,No,DSL,Yes,Yes,No,Yes,Yes,No,Month-to-month,Yes,Mailed check,46.09,2873.05,No
C04206,Female,0,No,No,8,Yes,No,Fiber optic,Yes,No,Yes,Yes,No,No,Month-to-month,Yes,Credit card (automatic),88.08,676.28,Yes
C04207,Female,0,No,No,2,Yes,No,Fiber optic,No,No,Yes,No,Yes,Yes,Two year,Yes,Electronic check,59.74,85.48,Yes
C04208,Female,0,Yes,No,34,Yes,No,DSL,Yes,No,No,No,No,No,Month-to-month,No,Electronic check,42.65,1778.82,No
C04209,Female,0,No,No,72,Yes,Yes,Fiber optic,No,No,Yes,No,No,Yes,One year,Yes,Bank transfer (automatic),83.93,5770.11,No
C04210,Male,1,No,No,1,Yes,Yes,Fiber optic,No,Yes,Yes,Yes,No,Yes,One year,No,Credit card (automatic),82.2,100.71,Yes
C04211,Female,0,No,Yes,17,Yes,Yes,DSL,No,Yes,Yes,No,No,No,Two year,No,Credit card (automatic),40.67,795.17,No
C04212,Male,0,No,Yes,24,No,No phone service,DSL,No,No,No,No,No,No,Month-to-month,No,Electronic check,44.64,1126.74,Yes
C04213,Male,1,No,No,9,Yes,No,DSL,No,No,Yes,No,Yes,Yes,One year,Yes,Electronic check,30.43,237.57,Yes
C04214,Male,0,No,No,72,No,No phone service,Fiber optic,Yes,No,No,Yes,No,Yes,Month-to-month,Yes,Bank transfer (automatic),90.55,6443.18,No
C04215,Male,0,No,No,32,Yes,Yes,DSL,Yes,No,Yes,No,No,No,Month-to-month,Yes,Electronic check,62.13,1938.24,Yes
C04216,Female,0,No,No,59,Yes,Yes,Fiber optic,Yes,No,Yes,No,Yes,No,Two year,Yes,Electronic check,84.11,4827.06,No
C04217,Male,0,No,No,17,Yes,Yes,Fiber optic,Yes,Yes,Yes,No,Yes,No,Two year,No,Mailed check,59.31,895.63,No
C04218,Female,0,Yes,Yes,13,Yes,Yes,Fiber optic,No,Yes,Yes,Yes,No,No,Month-to-month,Yes,Electronic check,70.78,932.41,No
C04219,Female,0,Yes,No,25,Yes,No,No,No internet service,No internet service,No internet service,No internet service,No internet service,No internet service,One year,No,Electronic check,24.16,745.83,No
C04220,Male,0,Yes,Yes,18,Yes,No,No,No internet service,No internet service,No internet service,No internet service,No internet service,No internet service,Two year,No,Electronic check,18.0,18.0,No
C04221,Female,0,No,No,40,Yes,No,Fiber optic,No,Yes,No,Yes,No,No,Month-to-month,Yes,Credit card (automatic),67.42,2814.45,No
C04222,Male,1,No,No,9,Yes,No,DSL,No,Yes,No,Yes,No,No,Two year,Yes,Mailed check,37.07,343.48,No
C04223,Male,0,No,No,19,Yes,No,DSL,No,Yes,No,No,No,Yes,Month-to-month,Yes,Credit card (automatic),31.5,620.89,Yes
C04224,Female,0,No,Yes,72,Yes,Yes,No,No internet service,No internet service,No internet service,No internet service,No internet service,No internet service,Two year,Yes,Mailed check,18.0,847.18,No
C04225,Female,0,Yes,No,45,Yes,No,DSL,No,Yes,No,No,No,No,Month-to-month,Yes,Credit card (automatic),60.97,2956.76,No
C04226,Male,0,Yes,No,5,Yes,No,No,No internet service,No internet service,No internet service,No internet service,No internet service,No internet service,Month-to-month,Yes,Electronic check,18.0,177.64,No
C04227,Female,1,No,No,69,Yes,No,Fiber optic,No,No,Yes,No,No,No,One year,Yes,Electronic check,69.98,4842.25,No
C04228,Female,0,Yes,Yes,28,No,No phone service,DSL,Yes,Yes,Yes,No,No,Yes,Two year,Yes,Mailed check,46.99,1222.64,No
C04229,Female,0,Yes,No,36,Yes,Yes,No,No internet service,No internet service,No internet service,No internet service,No internet service,No internet service,Month-to-month,No,Electronic check,29.73,745.05,No
C04230,Male,0,No,No,11,Yes,No,No,No internet service,No internet service,No internet service,No internet service,No internet service,No internet service,One year,Yes,Mailed check,44.59,543.47,No
C04231,Male,1,Yes,No,18,Yes,Yes,Fiber optic,No,No,No,No,No,No,Two year,Yes,Bank transfer (automatic),74.65,1295.01,Yes
C04232,Female,0,No,Yes,52,Yes,No,Fiber optic,Yes,No,No,Yes,No,No,Month-to-month,Yes,Electronic check,72.02,3577.99,No
C04233,Female,0,Yes,Yes,12,Yes,No,Fiber optic,Yes,No,Yes,No,No,No,Month-to-month,No,Mailed check,78.14,1067.48,Yes
C04234,Female,0,No,No,5,Yes,Yes,Fiber optic,No,No,No,No,No,Yes,Month-to-month,Yes,Credit card (automatic),52.49,477.64,Yes
C04235,Female,1,Yes,No,15,Yes,Yes,Fiber optic,No,Yes,Yes,Yes,Yes,Yes,Two year,Yes,Mailed check,84.15,1208.45,Yes
C04236,Female,0,Yes,No,2,Yes,No,Fiber optic,Yes,No,No,No,No,Yes,One year,Yes,Mailed check,77.53,18.0,No
C04237,Male,0,No,No,40,Yes,No,DSL,Yes,No,Yes,No,No,No,Two year,No,Bank transfer (automatic),53.47,2269.8,No
C04238,Female,0,No,Yes,5,Yes,No,DSL,No,Yes,Yes,Yes,No,No,Month-to-month,Yes,Credit card (automatic),37.55,19.39,Yes
C04239,Male,0,No,Yes,10,Yes,Yes,DSL,No,No,No,Yes,No,No,Month-to-month,Yes,Credit card (automatic),37.88,184.18,Yes
C04240,Female,0,Yes,Yes,68,Yes,No,Fiber optic,Yes,Yes,No,No,No,Yes,One year,Yes,Electronic check,75.47,5191.77,No
C04241,Male,1,Yes,No,24,Yes,Yes,Fiber optic,No,No,No,No,Yes,Yes,Two year,No,Electronic check,67.92,1744.94,Yes
C04242,Female,1,No,No,12,Yes,Yes,DSL,Yes,No,No,Yes,No,No,Month-to-month,No,Electronic check,54.02,945.03,No
C04243,Male,1,Yes,Yes,25,Yes,No,Fiber optic,Yes,No,Yes,No,Yes,Yes,Month-to-month,No,Credit card (automatic),71.83,1647.08,No
C04244,Female,0,Yes,Yes,7,Yes,No,DSL,No,Yes,Yes,Yes,No,Yes,Month-to-month,Yes,Mailed check,45.93,448.29,No
C04245,Male,0,No,No,1,Yes,No,Fiber optic,No,Yes,Yes,No,Yes,Yes,Month-to-month,Yes,Bank transfer (automatic),57.76,34.71,Yes
C04246,Male,1,Yes,No,29,Yes,Yes,No,No internet service,No internet service,No internet service,No internet service,No internet service,No internet service,One year,Yes,Bank transfer (automatic),18.0,264.91,No
C04247,Male,0,Yes,No,40,Yes,No,No,No internet service,No internet service,No internet service,No internet service,No internet service,No internet service,Month-to-month,Yes,Bank transfer (automatic),23.85,978.57,No
C04248,Male,0,Yes,No,67,Yes,No,No,No internet service,No internet service,No internet service,No internet service,No internet service,No internet service,Month-to-month,No,Electronic check,19.79,1270.3,No
C04249,Male,0,No,No,47,Yes,No,Fiber optic,Yes,No,No,No,Yes,Yes,Month-to-month,Yes,Mailed check,73.76,3207.39,No
C04250,Male,1,Yes,Yes,72,Yes,No,Fiber optic,No,No,No,Yes,Yes,Yes,Month-to-month,No,Mailed check,80.39,5885.21,No
C04251,Female,0,No,Yes,72,Yes,No,No,No internet service,No internet service,No internet service,No internet service,No internet service,No internet service,Month-to-month,No,Bank transfer (automatic),18.0,1373.9,No
C04252,Male,1,Yes,Yes,43,Yes,Yes,DSL,No,No,No,No,No,Yes,Two year,Yes,Credit card (automatic),36.72,1826.5,No
C04253,Female,0,No,Yes,64,Yes,No,No,No internet service,No internet service,No internet service,No internet service,No internet service,No internet service,One year,Yes,Electronic check,18.0,1127.84,No
C04254,Female,0,Yes,No,35,Yes,Yes,Fiber optic,No,Yes,Yes,Yes,Yes,No,One year,No,Electronic check,94.15,3042.54,No
C04255,Female,0,No,No,5,Yes,No,Fiber optic,Yes,Yes,No,Yes,No,No,Month-to-month,No,Bank transfer (automatic),78.94,732.84,Yes
C04256,Female,0,No,Yes,6,No,No phone service,Fiber optic,No,Yes,No,No,No,Yes,One year,Yes,Credit card (automatic),41.1,528.12,Yes
C04257,Female,0,No,No,3,Yes,No,Fiber optic,No,No,Yes,Yes,Yes,No,One year,No,Electronic check,62.11,33.09,No
C04258,Male,1,No,No,72,Yes,No,No,No internet service,No internet service,No internet service,No internet service,No internet service,No internet service,One year,No,Mailed check,25.7,1612.05,No
C04259,Male,0,No,No,35,Yes,No,DSL,Yes,Yes,No,No,No,Yes,Two year,No,Mailed check,38.44,1291.11,No
C04260,Male,0,Yes,No,49,Yes,No,Fiber optic,Yes,Yes,No,Yes,Yes,Yes,Month-to-month,No,Bank transfer (automatic),65.54,3069.6,No
C04261,Female,0,No,No,12,Yes,No,Fiber optic,No,No,Yes,Yes,No,Yes,Month-to-month,Yes,Mailed check,77.07,690.04,Yes
C04262,Male,0,No,Yes,19,Yes,Yes,Fiber optic,No,Yes,Yes,No,Yes,Yes,One year,Yes,Bank transfer (automatic),43.54,484.55,No
C04263,Male,0,No,No,1,Yes,Yes,Fiber optic,No,Yes,Yes,Yes,No,No,Two year,Yes,Mailed check,60.18,18.0,Yes
C04264,Male,0,Yes,No,70,Yes,No,No,No internet service,No internet service,No internet service,No internet service,No internet service,No internet service,One year,No,Electronic check,18.0,671.23,No
C04265,Male,1,No,No,61,No,No phone service,Fiber optic,Yes,Yes,Yes,No,No,No,Month-to-month,Yes,Mailed check,62.72,3722.22,Yes
C04266,Male,0,Yes,No,49,Yes,Yes,Fiber optic,No,Yes,No,No,Yes,No,Month-to-month,Yes,Electronic check,56.18,2659.6,No
C04267,Female,0,No,No,1,No,No phone service,Fiber optic,Yes,No,Yes,No,Yes,Yes,Month-to-month,Yes,Electronic check,87.87,188.75,Yes
C04268,Male,0,Yes,No,6,Yes,No,Fiber optic,No,No,No,No,No,No,One year,Yes,Bank transfer (automatic),63.37,270.67,No
C04269,Female,0,Yes,No,13,Yes,No,Fiber optic,No,No,No,Yes,No,No,Month-to-month,Yes,Mailed check,99.97,1286.84,Yes
C04270,Female,1,No,No,9,Yes,No,No,No internet service,No internet service,No internet service,No internet service,No internet service,No internet service,Two year,Yes,Credit card (automatic),28.75,152.12,No
C04271,Female,0,No,No,58,No,No phone service,DSL,Yes,No,No,No,Yes,No,Month-to-month,No,Electronic check,18.0,1043.96,No
C04272,Female,1,No,No,6,No,No phone service,DSL,No,Yes,Yes,No,Yes,No,Month-to-month,Yes,Bank transfer (automatic),54.51,483.85,Yes
C04273,Female,0,No,No,24,Yes,No,Fiber optic,No,No,No,Yes,No,Yes,One year,Yes,Bank transfer (automatic),49.0,1163.04,No
C04274,Male,0,No,Yes,27,Yes,Yes,Fiber optic,No,Yes,No,No,Yes,No,Two year,Yes,Bank transfer (automatic),84.09,2122.06,No
C04275,Male,1,No,No,17,No,No phone service,Fiber optic,No,No,No,No,No,No,Month-to-month,Yes,Mailed check,65.12,1119.3,Yes
C04276,Male,0,No,No,8,Yes,No,No,No internet service,No internet service,No internet service,No internet service,No internet service,No internet service,Month-to-month,No,Mailed check,30.63,161.55,No
C04277,Female,0,No,Yes,72,Yes,No,DSL,Yes,No,Yes,Yes,No,No,Month-to-month,Yes,Bank transfer (automatic),41.35,2929.5,No
C04278,Male,0,Yes,No,17,Yes,No,Fiber optic,Yes,No,Yes,Yes,No,Yes,One year,Yes,Credit card (automatic),48.59,704.41,No
C04279,Male,0,Yes,No,41,Yes,No,No,No internet service,No internet service,No internet service,No internet service,No internet service,No internet service,Two year,No,Electronic check,18.0,883.08,No
C04280,Female,0,No,No,6,Yes,No,No,No internet service,No internet service,No internet service,No internet service,No internet service,No internet service,One year,Yes,Electronic check,27.65,465.2,No
C04281,Female,0,No,Yes,55,Yes,Yes,Fiber optic,Yes,Yes,Yes,No,Yes,No,Month-to-month,Yes,Mailed check,47.74,2518.96,Yes
C04282,Female,0,Yes,No,7,Yes,No,Fiber optic,No,No,Yes,No,No,No,One year,Yes,Bank transfer (automatic),71.55,453.05,No
C04283,Female,0,Yes,Yes,35,Yes,Yes,No,No internet service,No internet service,No internet service,No internet service,No internet service,No internet service,Month-to-month,Yes,Credit card (automatic),18.0,663.65,No
C04284,Male,1,No,No,22,Yes,No,No,No internet service,No internet service,No internet service,No internet service,No internet service,No internet service,Month-to-month,Yes,Bank transfer (automatic),47.56,1187.8,No
C04285,Female,0,Yes,No,5,Yes,No,Fiber optic,No,No,Yes,No,Yes,Yes,Two year,No,Electronic check,78.29,446.47,Yes
C04286,Female,0,No,No,1,Yes,No,Fiber optic,No,No,Yes,Yes,No,Yes,Two year,Yes,Electronic check,39.72,137.47,Yes
C04287,Male,1,No,No,72,No,No phone service,DSL,No,No,No,Yes,Yes,No,Two year,Yes,Mailed check,52.0,3901.6,No
C04288,Male,0,Yes,Yes,4,Yes,Yes,Fiber optic,Yes,No,Yes,No,No,No,One year,Yes,Bank transfer (automatic),57.98,193.68,No
C04289,Female,0,No,No,39,Yes,No,Fiber optic,No,No,Yes,No,No,Yes,Month-to-month,Yes,Mailed check,79.92,3212.71,Yes
C04290,Male,0,No,No,33,Yes,Yes,DSL,No,Yes,No,Yes,Yes,Yes,Month-to-month,No,Mailed check,71.27,2387.17,Yes
C04291,Female,0,No,Yes,13,Yes,Yes,No,No internet service,No internet service,No internet service,No internet service,No internet service,No internet service,Month-to-month,Yes,Electronic check,23.0,202.71,No
C04292,Female,0,Yes,No,6,Yes,No,Fiber optic,No,No,Yes,Yes,Yes,No,Two year,Yes,Bank transfer (automatic),54.82,531.87,No
C04293,Male,0,Yes,No,6,Yes,No,Fiber optic,No,Yes,Yes,No,Yes,Yes,Month-to-month,Yes,Bank transfer (automatic),38.86,197.46,Yes
C04294,Male,0,No,No,28,Yes,No,DSL,Yes,No,Yes,No,No,Yes,Month-to-month,No,Credit card (automatic),43.11,1042.1,No
C04295,Female,0,Yes,Yes,25,Yes,Yes,DSL,No,No,No,Yes,Yes,No,Month-to-month,Yes,Bank transfer (automatic),56.77,1525.84,No
C04296,Female,0,Yes,No,66,Yes,No,DSL,No,No,Yes,No,Yes,Yes,Month-to-month,No,Mailed check,52.4,3576.82,No
C04297,Female,0,Yes,No,32,Yes,Yes,Fiber optic,No,No,No,Yes,No,No,Month-to-month,Yes,Credit card (automatic),69.62,2210.18,No
C04298,Male,0,Yes,Yes,54,Yes,Yes,DSL,Yes,Yes,Yes,Yes,No,No,One year,Yes,Electronic check,18.0,856.15,No
C04299,Female,1,Yes,Yes,1,Yes,No,DSL,Yes,Yes,No,No,No,No,Two year,Yes,Electronic check,21.8,18.0,No
C04300,Female,0,Yes,Yes,35,Yes,Yes,No,No internet service,No internet service,No internet service,No internet service,No internet service,No internet service,One year,No,Bank transfer (automatic),18.0,494.6,No
C04301,Female,0,No,No,8,Yes,Yes,DSL,No,Yes,No,No,No,Yes,Month-to-month,No,Mailed check,45.99,382.46,Yes
C04302,Female,0,No,No,9,Yes,No,No,No internet service,No internet service,No internet service,No internet service,No internet service,No internet service,Month-to-month,No,Bank transfer (automatic),30.36,83.59,No
C04303,Female,1,Yes,No,40,Yes,Yes,DSL,No,No,Yes,Yes,Yes,No,One year,No,Credit card (automatic),43.68,2246.71,No
C04304,Male,1,No,Yes,50,Yes,Yes,No,No internet service,No internet service,No internet service,No internet service,No internet service,No internet service,Two year,Yes,Credit card (automatic),24.44,1168.86,No
C04305,Female,0,Yes,No,14,Yes,No,Fiber optic,No,No,Yes,No,No,Yes,One year,Yes,Credit card (automatic),80.98,867.43,No
C04306,Female,0,No,No,49,Yes,No,DSL,No,No,No,No,No,No,Month-to-month,No,Mailed check,53.08,2694.29,No
C04307,Female,0,Yes,Yes,18,Yes,No,No,No internet service,No internet service,No internet service,No internet service,No internet service,No internet service,Month-to-month,Yes,Bank transfer (automatic),18.0,597.0,No
C04308,Female,0,Yes,No,62,Yes,Yes,DSL,No,No,No,No,No,No,One year,No,Bank transfer (automatic),32.49,2254.45,No
C04309,Male,0,No,Yes,1,Yes,No,Fiber optic,Yes,Yes,Yes,No,Yes,No,One year,No,Electronic check,60.09,193.98,Yes
C04310,Male,0,Yes,No,2,Yes,No,Fiber optic,Yes,Yes,Yes,No,No,No,Month-to-month,Yes,Mailed check,77.12,360.22,Yes
C04311,Male,0,No,No,47,Yes,Yes,DSL,No,No,No,Yes,No,Yes,One year,No,Mailed check,40.91,1729.53,No
C04312,Female,0,Yes,No,31,Yes,No,DSL,No,No,No,Yes,No,Yes,Two year,No,Bank transfer (automatic),41.82,1833.47,No
C04313,Female,0,Yes,No,26,Yes,No,DSL,No,No,Yes,Yes,Yes,Yes,Month-to-month,Yes,Bank transfer (automatic),19.83,524.22,No
C04314,Male,0,No,No,30,Yes,No,No,No internet service,No internet service,No internet service,No internet service,No internet service,No internet service,One year,No,Credit card (automatic),34.68,1038.59,No
C04315,Male,1,No,Yes,72,Yes,No,Fiber optic,Yes,No,No,No,No,Yes,Month-to-month,Yes,Electronic check,83.15,6026.38,Yes
C04316,Male,0,Yes,No,34,Yes,No,DSL,Yes,No,No,Yes,Yes,No,One year,Yes,Bank transfer (automatic),28.52,932.62,No
C04317,Female,0,Yes,No,33,Yes,No,DSL,Yes,No,No,No,No,Yes,One year,Yes,Bank transfer (automatic),32.04,1273.19,No
C04318,Female,0,Yes,No,45,No,No phone service,DSL,No,No,Yes,No,Yes,No,Two year,Yes,Electronic check,33.06,1500.69,No
C04319,Male,0,No,Yes,64,Yes,Yes,DSL,No,Yes,No,Yes,Yes,Yes,Month-to-month,Yes,Bank transfer (automatic),41.12,2476.61,No
C04320,Male,0,No,Yes,9,Yes,Yes,Fiber optic,No,Yes,No,No,No,No,Month-to-month,Yes,Bank transfer (automatic),95.52,400.89,Yes
C04321,Male,0,Yes,No,30,Yes,No,No,No internet service,No internet service,No internet service,No internet service,No internet service,No internet service,Month-to-month,Yes,Electronic check,25.04,494.09,No
C04322,Female,0,No,Yes,28,Yes,No,DSL,No,Yes,No,Yes,Yes,Yes,One year,No,Credit card (automatic),41.08,1212.15,No
C04323,Female,1,Yes,Yes,4,Yes,Yes,Fiber optic,Yes,Yes,No,No,No,Yes,Month-to-month,Yes,Mailed check,67.47,278.46,Yes
C04324,Female,0,Yes,No,23,Yes,No,Fiber optic,Yes,No,No,No,No,No,Month-to-month,No,Electronic check,66.58,1532.25,Yes
C04325,Male,1,Yes,No,2,Yes,Yes,DSL,Yes,No,Yes,Yes,No,No,Two year,No,Mailed check,61.2,167.12,No
C04326,Male,0,No,No,6,Yes,No,DSL,No,No,No,No,Yes,No,Month-to-month,Yes,Mailed check,51.43,322.47,Yes
C04327,Female,1,Yes,No,72,Yes,No,DSL,Yes,Yes,No,Yes,No,No,Month-to-month,Yes,Electronic check,32.81,2717.18,No
C04328,Male,0,No,No,4,Yes,No,No,No internet service,No internet service,No internet service,No internet service,No internet service,No internet service,Month-to-month,No,Electronic check,24.53,18.0,No
C04329,Female,0,No,Yes,27,Yes,Yes,Fiber optic,No,No,No,No,Yes,Yes,One year,No,Bank transfer (automatic),60.57,1743.56,No
C04330,Male,0,Yes,No,12,No,No phone service,DSL,No,No,Yes,Yes,No,Yes,Month-to-month,Yes,Electronic check,40.5,1056.68,No
C04331,Male,0,Yes,No,25,Yes,No,No,No internet service,No internet service,No internet service,No internet service,No internet service,No internet service,Month-to-month,Yes,Bank transfer (automatic),18.0,517.3,No
C04332,Male,0,Yes,No,8,Yes,No,No,No internet service,No internet service,No internet service,No internet service,No internet service,No internet service,Month-to-month,Yes,Electronic check,20.03,189.08,No
C04333,Male,0,No,No,18,Yes,Yes,Fiber optic,Yes,No,Yes,Yes,No,Yes,Month-to-month,Yes,Electronic check,68.25,1590.47,Yes
C04334,Female,0,No,Yes,64,Yes,No,Fiber optic,No,No,No,No,Yes,No,One year,No,Bank transfer (automatic),76.02,5083.8,No
C04335,Male,0,Yes,Yes,15,Yes,No,Fiber optic,Yes,No,Yes,Yes,No,No,Two year,No,Electronic check,78.83,1198.71,No
C04336,Female,0,Yes,No,13,Yes,Yes,DSL,Yes,No,No,No,Yes,No,Month-to-month,No,Credit card (automatic),34.99,204.55,Yes
C04337,Female,1,Yes,No,18,Yes,Yes,No,No internet service,No internet service,No internet service,No internet service,No internet service,No internet service,One year,Yes,Electronic check,18.0,274.76,No
C04338,Female,0,Yes,Yes,3,Yes,No,Fiber optic,No,No,No,No,Yes,No,Month-to-month,No,Electronic check,47.49,312.28,Yes
C04339,Male,0,No,Yes,15,Yes,Yes,Fiber optic,No,No,No,No,Yes,Yes,Month-to-month,No,Bank transfer (automatic),88.57,1413.07,Yes
C04340,Female,0,Yes,No,1,Yes,Yes,DSL,No,Yes,Yes,No,No,Yes,Month-to-month,No,Electronic check,36.88,18.0,Yes
C04341,Female,0,Yes,No,22,Yes,No,Fiber optic,Yes,Yes,No,Yes,No,Yes,Month-to-month,Yes,Mailed check,88.82,2151.8,No
C04342,Female,0,No,No,60,Yes,No,Fiber optic,No,No,No,No,No,No,Two year,Yes,Electronic check,76.19,4584.84,No
C04343,Male,0,Yes,Yes,25,Yes,No,DSL,No,Yes,No,No,No,Yes,Month-to-month,Yes,Electronic check,72.72,1615.41,Yes
C04344,Male,0,No,No,29,Yes,Yes,DSL,Yes,No,No,Yes,No,No,Month-to-month,No,Electronic check,68.17,1776.95,No
C04345,Female,0,Yes,No,1,Yes,No,Fiber optic,Yes,Yes,Yes,No,No,No,One year,No,Credit card (automatic),107.11,170.69,Yes
C04346,Male,1,No,No,62,Yes,No,Fiber optic,Yes,No,No,Yes,Yes,Yes,Month-to-month,Yes,Bank transfer (automatic),80.06,5187.43,Yes
C04347,Female,0,Yes,Yes,15,Yes,Yes,DSL,No,No,No,No,Yes,Yes,Two year,Yes,Credit card (automatic),43.74,447.61,No
C04348,Female,0,No,No,72,Yes,No,DSL,No,No,No,Yes,No,Yes,Month-to-month,Yes,Credit card (automatic),59.7,4306.56,No
C04349,Male,0,Yes,No,4,Yes,No,No,No internet service,No internet service,No internet service,No internet service,No internet service,No internet service,One year,No,Mailed check,26.63,109.3,No
C04350,Female,0,No,Yes,72,Yes,Yes,DSL,Yes,No,No,No,No,No,Two year,No,Credit card (automatic),54.5,4222.6,No
C04351,Male,0,Yes,Yes,32,Yes,Yes,DSL,Yes,Yes,No,No,No,No,Two year,No,Electronic check,30.94,802.35,No
C04352,Male,0,No,No,1,Yes,No,Fiber optic,Yes,No,Yes,No,No,No,One year,No,Electronic check,99.36,88.46,No
C04353,Female,1,Yes,No,72,No,No phone service,DSL,Yes,No,Yes,No,No,Yes,Month-to-month,Yes,Mailed check,46.14,3191.03,No
C04354,Male,0,No,No,1,Yes,No,Fiber optic,Yes,No,Yes,No,No,Yes,Month-to-month,Yes,Electronic check,69.47,18.0,Yes
C04355,Male,0,No,No,41,Yes,No,Fiber optic,No,Yes,No,No,Yes,Yes,Month-to-month,Yes,Credit card (automatic),64.81,2647.94,Yes
C04356,Female,0,No,No,70,Yes,No,DSL,No,Yes,Yes,Yes,Yes,No,Month-to-month,No,Mailed check,48.49,3739.04,No
C04357,Female,0,No,Yes,6,Yes,Yes,DSL,Yes,Yes,No,No,Yes,No,Two year,Yes,Credit card (automatic),40.34,371.36,No
C04358,Male,0,Yes,No,13,Yes,No,DSL,No,No,No,No,Yes,No,Month-to-month,No,Electronic check,35.96,127.02,No
C04359,Male,0,Yes,No,26,Yes,No,Fiber optic,No,No,No,No,No,Yes,One year,Yes,Bank transfer (automatic),62.95,1584.62,No
C04360,Female,0,No,No,36,Yes,Yes,Fiber optic,Yes,No,Yes,Yes,No,No,Two year,Yes,Electronic check,52.41,1834.79,No
C04361,Male,0,Yes,Yes,65,No,No phone service,Fiber optic,Yes,No,No,No,Yes,Yes,Month-to-month,Yes,Mailed check,60.11,4207.04,No
C04362,Male,0,Yes,Yes,45,No,No phone service,Fiber optic,Yes,No,No,Yes,No,Yes,Month-to-month,Yes,Credit card (automatic),57.35,2500.61,No
C04363,Male,0,Yes,No,14,Yes,Yes,DSL,No,Yes,Yes,No,No,No,Month-to-month,No,Electronic check,65.25,811.79,Yes
C04364,Male,0,Yes,Yes,55,Yes,Yes,No,No internet service,No internet service,No internet service,No internet service,No internet service,No internet service,Month-to-month,No,Mailed check,29.36,1454.69,No
C04365,Male,0,No,Yes,72,Yes,Yes,Fiber optic,Yes,No,No,No,Yes,No,Two year,Yes,Mailed check,78.23,5852.35,No
C04366,Male,1,No,Yes,8,Yes,No,Fiber optic,Yes,No,No,Yes,No,No,One year,Yes,Bank transfer (automatic),96.5,676.67,Yes
C04367,Male,0,No,Yes,2,Yes,No,DSL,Yes,No,Yes,Yes,Yes,No,Two year,Yes,Credit card (automatic),64.2,365.81,No
C04368,Female,0,Yes,No,17,Yes,Yes,DSL,No,Yes,Yes,No,No,Yes,Two year,No,Electronic check,58.59,1205.53,No
C04369,Female,0,No,No,68,No,No phone service,No,No internet service,No internet service,No internet service,No internet service,No internet service,No internet service,Two year,No,Mailed check,18.0,1112.01,No
C04370,Female,0,No,Yes,5,Yes,Yes,Fiber optic,No,No,No,Yes,Yes,Yes,Month-to-month,No,Electronic check,98.62,297.36,Yes
C04371,Female,0,No,No,69,Yes,No,Fiber optic,Yes,Yes,No,Yes,Yes,No,Month-to-month,Yes,Electronic check,71.07,4719.77,Yes
C04372,Female,0,No,No,72,Yes,Yes,DSL,No,No,No,No,No,No,One year,Yes,Mailed check,63.45,4644.32,No
C04373,Male,0,No,No,1,Yes,Yes,Fiber optic,No,No,No,No,Yes,Yes,One year,Yes,Electronic check,86.06,273.83,Yes
C04374,Male,1,Yes,No,21,Yes,No,No,No internet service,No internet service,No internet service,No internet service,No internet service,No internet service,Month-to-month,No,Electronic check,24.18,660.81,Yes
C04375,Male,1,Yes,No,12,Yes,No,No,No internet service,No internet service,No internet service,No internet service,No internet service,No internet service,Month-to-month,No,Electronic check,36.3,414.69,Yes
C04376,Male,0,Yes,Yes,16,Yes,No,Fiber optic,Yes,Yes,No,No,Yes,No,Month-to-month,No,Mailed check,59.76,621.26,No
C04377,Female,0,No,No,19,Yes,No,Fiber optic,Yes,Yes,No,Yes,No,No,Two year,Yes,Electronic check,86.51,1490.81,Yes
C04378,Male,0,No,No,43,Yes,No,No,No internet service,No internet service,No internet service,No internet service,No internet service,No internet service,One year,No,Mailed check,18.0,828.19,No
C04379,Male,0,No,No,28,Yes,No,No,No internet service,No internet service,No internet service,No internet service,No internet service,No internet service,Month-to-month,No,Credit card (automatic),35.36,718.19,No
C04380,Female,0,No,No,72,Yes,Yes,No,No internet service,No internet service,No internet service,No internet service,No internet service,No internet service,Month-to-month,No,Credit card (automatic),33.41,2349.74,No
C04381,Male,0,No,No,12,Yes,No,No,No internet service,No internet service,No internet service,No internet service,No internet service,No internet service,Two year,Yes,Mailed check,18.0,348.74,No
C04382,Male,0,No,No,24,Yes,Yes,Fiber optic,No,No,No,No,No,No,Month-to-month,No,Credit card (automatic),82.66,1961.24,Yes
C04383,Female,0,No,No,53,Yes,Yes,Fiber optic,Yes,No,Yes,Yes,Yes,Yes,One year,Yes,Bank transfer (automatic),56.77,2995.0,No
C04384,Male,0,Yes,No,14,Yes,No,Fiber optic,Yes,No,Yes,Yes,Yes,No,Two year,Yes,Electronic check,58.59,1050.12,No
C04385,Male,0,Yes,Yes,20,Yes,No,Fiber optic,Yes,No,No,Yes,No,Yes,Month-to-month,Yes,Bank transfer (automatic),58.23,883.73,Yes
C04386,Male,0,Yes,Yes,36,Yes,Yes,Fiber optic,Yes,No,Yes,No,No,Yes,Month-to-month,No,Bank transfer (automatic),63.54,2330.41,No
C04387,Male,0,Yes,No,63,Yes,No,DSL,No,No,No,No,No,No,Month-to-month,Yes,Credit card (automatic),46.44,3037.16,No
C04388,Male,0,No,Yes,17,Yes,Yes,DSL,No,No,Yes,Yes,Yes,No,Month-to-month,Yes,Mailed check,64.32,869.39,Yes
C04389,Female,0,Yes,No,24,Yes,No,DSL,No,No,No,Yes,No,Yes,Month-to-month,No,Bank transfer (automatic),57.2,1555.68,No
C04390,Female,0,No,No,72,Yes,No,Fiber optic,No,Yes,No,No,No,Yes,One year,Yes,Mailed check,72.67,5166.34,No
C04391,Female,0,Yes,No,1,Yes,No,DSL,No,Yes,Yes,Yes,No,No,One year,Yes,Electronic check,49.38,133.8,No
C04392,Female,0,Yes,No,19,Yes,No,Fiber optic,No,No,No,No,No,Yes,Two year,No,Bank transfer (automatic),63.11,1278.58,No
C04393,Female,0,No,No,32,Yes,No,No,No internet service,No internet service,No internet service,No internet service,No internet service,No internet service,Month-to-month,Yes,Credit card (automatic),28.91,1120.94,No
C04394,Female,0,No,Yes,1,Yes,No,No,No internet service,No internet service,No internet service,No internet service,No internet service,No internet service,Month-to-month,No,Electronic check,25.1,18.0,No
C04395,Male,0,Yes,No,29,Yes,Yes,Fiber optic,No,Yes,Yes,No,No,No,Month-to-month,No,Electronic check,67.85,2214.75,Yes
C04396,Female,0,No,No,1,No,No phone service,Fiber optic,No,Yes,Yes,No,No,No,One year,No,Mailed check,93.08,18.0,Yes
C04397,Female,0,Yes,No,62,Yes,No,No,No internet service,No internet service,No internet service,No internet service,No internet service,No internet service,Two year,Yes,Credit card (automatic),36.07,2438.23,No
C04398,Male,0,No,No,52,Yes,No,No,No internet service,No internet service,No internet service,No internet service,No internet service,No internet service,Month-to-month,Yes,Bank transfer (automatic),34.72,1701.07,No
C04399,Male,0,No,No,1,No,No phone service,Fiber optic,No,Yes,Yes,No,Yes,Yes,Month-to-month,Yes,Mailed check,81.82,198.19,Yes
C04400,Female,1,Yes,No,1,Yes,No,Fiber optic,No,No,No,Yes,No,Yes,One year,Yes,Credit card (automatic),66.15,22.31,No
C04401,Male,0,No,No,44,Yes,No,Fiber optic,No,No,No,No,Yes,No,Month-to-month,Yes,Electronic check,78.49,3556.68,No
C04402,Female,0,No,No,14,Yes,Yes,DSL,No,Yes,No,No,Yes,No,Month-to-month,No,Credit card (automatic),44.8,818.28,Yes
C04403,Male,0,No,No,27,Yes,No,No,No internet service,No internet service,No internet service,No internet service,No internet service,No internet service,One year,Yes,Credit card (automatic),18.42,570.72,No
C04404,Female,0,No,Yes,10,Yes,No,DSL,Yes,Yes,Yes,No,Yes,Yes,Two year,Yes,Credit card (automatic),42.0,320.66,No
C04405,Male,0,Yes,No,6,Yes,No,Fiber optic,Yes,Yes,No,Yes,No,Yes,One year,No,Electronic check,50.46,402.56,No
C04406,Male,0,No,No,11,Yes,Yes,DSL,No,No,Yes,Yes,Yes,Yes,One year,Yes,Mailed check,18.0,270.7,No
C04407,Female,0,No,No,9,Yes,Yes,DSL,No,No,No,No,Yes,No,One year,Yes,Mailed check,81.96,701.25,No
C04408,Female,0,No,Yes,19,Yes,No,Fiber optic,No,Yes,No,No,No,Yes,Month-to-month,Yes,Electronic check,99.61,1440.28,Yes
C04409,Female,0,Yes,No,43,Yes,Yes,Fiber optic,Yes,No,Yes,No,No,No,One year,No,Electronic check,89.35,3901.15,No
C04410,Female,0,No,No,25,No,No phone service,DSL,No,No,Yes,Yes,No,Yes,Month-to-month,Yes,Electronic check,29.89,595.62,No
C04411,Female,1,No,No,30,Yes,Yes,DSL,No,No,Yes,No,No,No,One year,No,Bank transfer (automatic),27.98,906.02,No
C04412,Male,0,No,No,20,Yes,Yes,No,No internet service,No internet service,No internet service,No internet service,No internet service,No internet service,Two year,Yes,Credit card (automatic),26.0,821.66,No
C04413,Female,0,Yes,Yes,12,Yes,Yes,Fiber optic,No,No,No,No,Yes,No,Month-to-month,No,Electronic check,69.14,1175.21,Yes
C04414,Female,0,Yes,No,4,Yes,No,Fiber optic,Yes,Yes,No,No,No,Yes,Month-to-month,Yes,Bank transfer (automatic),52.86,190.12,Yes
C04415,Male,0,Yes,No,14,Yes,No,DSL,Yes,No,Yes,No,Yes,Yes,One year,Yes,Electronic check,50.05,939.47,No
C04416,Male,1,Yes,No,35,Yes,No,DSL,No,No,Yes,Yes,No,Yes,Month-to-month,Yes,Bank transfer (automatic),52.48,1940.37,No
C04417,Female,1,No,No,42,Yes,No,Fiber optic,No,Yes,No,No,No,Yes,One year,No,Mailed check,56.64,2574.97,No
C04418,Male,0,No,Yes,20,No,No phone service,Fiber optic,Yes,No,No,No,No,Yes,Month-to-month,No,Electronic check,87.36,1544.68,Yes
C04419,Male,0,No,No,33,Yes,Yes,No,No internet service,No internet service,No internet service,No internet service,No internet service,No internet service,One year,No,Mailed check,18.23,691.34,No
C04420,Female,0,No,No,7,Yes,Yes,DSL,No,Yes,No,Yes,No,Yes,Month-to-month,Yes,Bank transfer (automatic),38.7,187.97,No
C04421,Male,0,Yes,Yes,62,Yes,No,No,No internet service,No internet service,No internet service,No internet service,No internet service,No internet service,Month-to-month,No,Electronic check,19.62,1374.79,No
C04422,Male,0,Yes,No,64,Yes,No,Fiber optic,No,No,No,Yes,No,No,Month-to-month,Yes,Mailed check,50.05,3434.57,No
C04423,Female,1,No,No,12,Yes,No,Fiber optic,No,Yes,Yes,No,Yes,Yes,Month-to-month,No,Electronic check,82.12,776.85,Yes
C04424,Female,1,No,No,25,Yes,No,Fiber optic,No,Yes,No,No,No,No,Month-to-month,No,Credit card (automatic),78.9,1793.54,Yes
C04425,Male,1,No,No,29,Yes,Yes,No,No internet service,No internet service,No internet service,No internet service,No internet service,No internet service,Month-to-month,Yes,Credit card (automatic),18.0,496.05,No
C04426,Male,0,Yes,No,20,Yes,Yes,DSL,No,Yes,No,Yes,No,No,Month-to-month,Yes,Bank transfer (automatic),53.17,1262.91,No
C04427,Female,0,No,No,72,Yes,No,No,No internet service,No internet service,No internet service,No internet service,No internet service,No internet service,One year,Yes,Bank transfer (automatic),18.0,1223.56,No
C04428,Male,0,Yes,No,43,Yes,Yes,DSL,Yes,No,No,Yes,No,No,Month-to-month,Yes,Mailed check,27.96,1223.58,No
C04429,Male,0,No,Yes,35,Yes,Yes,No,No internet service,No internet service,No internet service,No internet service,No internet service,No internet service,Month-to-month,No,Bank transfer (automatic),20.71,484.64,No
C04430,Male,0,No,No,23,Yes,Yes,Fiber optic,Yes,No,No,No,No,No,Month-to-month,Yes,Credit card (automatic),86.74,2038.08,Yes
C04431,Female,0,No,No,2,No,No phone service,No,No internet service,No internet service,No internet service,No internet service,No internet service,No internet service,One year,Yes,Credit card (automatic),18.0,18.0,No
C04432,Male,0,Yes,Yes,3,No,No phone service,Fiber optic,No,Yes,No,No,No,No,Month-to-month,Yes,Credit card (automatic),62.35,221.8,Yes
C04433,Male,0,No,No,11,No,No phone service,DSL,Yes,Yes,No,Yes,Yes,No,Two year,Yes,Electronic check,88.54,1242.18,No
C04434,Female,1,Yes,No,7,Yes,No,DSL,Yes,No,No,Yes,Yes,No,Month-to-month,No,Credit card (automatic),32.97,565.21,No
C04435,Male,1,Yes,No,72,Yes,Yes,DSL,No,Yes,Yes,No,No,No,Two year,No,Bank transfer (automatic),65.07,4471.16,No
C04436,Male,1,No,Yes,16,No,No phone service,Fiber optic,No,Yes,Yes,Yes,Yes,Yes,Month-to-month,Yes,Mailed check,52.18,746.13,Yes
C04437,Female,0,Yes,No,66,No,No phone service,Fiber optic,No,No,No,Yes,No,No,Month-to-month,Yes,Mailed check,76.89,5010.04,No
C04438,Female,0,No,No,54,Yes,Yes,DSL,No,Yes,Yes,No,No,No,Month-to-month,Yes,Electronic check,41.69,2278.23,No
C04439,Female,0,Yes,No,53,Yes,No,DSL,Yes,Yes,No,Yes,No,Yes,Month-to-month,No,Electronic check,48.68,2692.97,No
C04440,Female,0,No,No,7,Yes,Yes,Fiber optic,No,Yes,No,No,Yes,No,One year,No,Mailed check,57.07,739.91,No
C04441,Male,1,No,No,18,No,No phone service,DSL,No,No,No,Yes,Yes,No,Month-to-month,No,Bank transfer (automatic),34.47,773.48,Yes
C04442,Male,1,Yes,Yes,12,Yes,Yes,Fiber optic,Yes,No,No,Yes,No,No,Two year,No,Bank transfer (automatic),82.44,1020.7,No
C04443,Female,0,No,No,72,Yes,No,DSL,Yes,No,No,No,No,No,Month-to-month,Yes,Mailed check,61.96,4775.87,No
C04444,Female,0,No,Yes,66,Yes,No,No,No internet service,No internet service,No internet service,No internet service,No internet service,No internet service,Month-to-month,Yes,Credit card (automatic),18.0,1020.0,No
C04445,Male,0,No,No,9,Yes,No,DSL,No,No,Yes,No,Yes,No,Month-to-month,Yes,Credit card (automatic),48.87,370.51,Yes
C04446,Female,0,No,Yes,12,Yes,No,No,No internet service,No internet service,No internet service,No internet service,No internet service,No internet service,Month-to-month,Yes,Electronic check,48.29,970.33,No
C04447,Male,1,No,No,24,Yes,Yes,DSL,Yes,No,No,Yes,Yes,No,Month-to-month,No,Bank transfer (automatic),54.49,1017.95,Yes
C04448,Female,0,Yes,No,10,Yes,No,DSL,No,No,Yes,No,Yes,Yes,Two year,No,Electronic check,62.26,662.41,No
C04449,Male,0,Yes,No,55,Yes,No,No,No internet service,No internet service,No internet service,No internet service,No internet service,No internet service,Two year,Yes,Credit card (automatic),18.0,1007.4,No
C04450,Female,0,Yes,No,54,Yes,No,DSL,No,Yes,Yes,No,No,No,One year,Yes,Mailed check,19.84,1188.41,No
C04451,Female,0,No,Yes,41,Yes,Yes,No,No internet service,No internet service,No internet service,No internet service,No internet service,No internet service,One year,Yes,Mailed check,18.0,406.81,No
C04452,Male,0,No,No,37,Yes,Yes,Fiber optic,Yes,Yes,Yes,Yes,Yes,Yes,Two year,No,Bank transfer (automatic),60.56,1887.55,No
C04453,Female,1,No,No,25,Yes,No,Fiber optic,Yes,No,No,Yes,Yes,Yes,Month-to-month,Yes,Electronic check,79.39,2079.44,Yes
C04454,Male,0,No,No,13,Yes,No,No,No internet service,No internet service,No internet service,No internet service,No internet service,No internet service,Month-to-month,Yes,Mailed check,18.0,313.19,No
C04455,Male,0,No,Yes,58,Yes,No,DSL,No,No,No,Yes,Yes,No,Month-to-month,No,Mailed check,56.57,3078.41,No
C04456,Male,0,Yes,Yes,62,No,No phone service,No,No internet service,No internet service,No internet service,No internet service,No internet service,No internet service,Month-to-month,Yes,Credit card (automatic),24.57,1807.86,No
C04457,Male,0,Yes,No,1,Yes,Yes,Fiber optic,No,No,No,Yes,No,No,Month-to-month,No,Electronic check,68.92,460.46,Yes
C04458,Male,0,No,No,16,Yes,No,Fiber optic,No,No,No,No,Yes,No,Two year,No,Electronic check,79.24,1116.73,Yes
C04459,Female,0,Yes,No,1,Yes,No,Fiber optic,Yes,Yes,No,Yes,No,No,Two year,No,Electronic check,59.12,256.32,No
C04460,Female,0,No,Yes,58,Yes,No,Fiber optic,No,Yes,No,Yes,No,Yes,Month-to-month,Yes,Mailed check,58.97,3496.53,No
C04461,Male,0,Yes,No,6,No,No phone service,DSL,Yes,Yes,No,Yes,No,Yes,One year,Yes,Electronic check,51.92,304.75,No
C04462,Female,0,Yes,No,35,Yes,No,DSL,No,No,No,No,No,No,Month-to-month,Yes,Credit card (automatic),55.75,1968.53,No
C04463,Male,0,No,Yes,14,Yes,Yes,Fiber optic,No,No,Yes,Yes,Yes,No,Month-to-month,Yes,Electronic check,76.01,756.87,Yes
C04464,Female,0,Yes,No,54,Yes,No,Fiber optic,No,Yes,No,Yes,No,No,Month-to-month,Yes,Mailed check,75.23,4240.38,No
C04465,Female,0,No,No,22,Yes,No,Fiber optic,No,Yes,Yes,No,Yes,Yes,Month-to-month,Yes,Electronic check,63.73,1350.22,Yes
C04466,Female,0,Yes,No,12,Yes,No,Fiber optic,Yes,No,Yes,No,No,No,Month-to-month,Yes,Electronic check,93.4,1580.41,Yes
C04467,Female,0,No,Yes,12,No,No phone service,Fiber optic,Yes,No,Yes,Yes,No,No,One year,No,Credit card (automatic),55.49,262.8,No
C04468,Male,0,No,No,12,Yes,No,Fiber optic,No,No,No,No,Yes,Yes,Month-to-month,No,Credit card (automatic),56.98,783.68,Yes
C04469,Male,0,No,Yes,49,Yes,No,Fiber optic,No,No,Yes,Yes,Yes,Yes,Month-to-month,No,Electronic check,67.26,3069.58,Yes
C04470,Female,1,No,No,39,Yes,Yes,Fiber optic,No,No,Yes,No,Yes,No,One year,Yes,Credit card (automatic),66.95,2558.37,No
C04471,Female,0,Yes,No,12,Yes,No,No,No internet service,No internet service,No internet service,No internet service,No internet service,No internet service,One year,Yes,Electronic check,18.0,18.0,No
C04472,Male,0,Yes,No,21,Yes,No,No,No internet service,No internet service,No internet service,No internet service,No internet service,No internet service,Month-to-month,Yes,Electronic check,18.0,251.62,No
C04473,Female,1,Yes,Yes,2,Yes,Yes,DSL,Yes,No,No,Yes,No,No,Month-to-month,Yes,Electronic check,56.07,43.48,No
C04474,Male,0,No,No,56,Yes,No,Fiber optic,No,Yes,No,Yes,Yes,Yes,Month-to-month,Yes,Credit card (automatic),96.72,5499.15,No
C04475,Male,0,No,Yes,9,Yes,Yes,Fiber optic,No,Yes,No,Yes,No,No,One year,Yes,Bank transfer (automatic),71.32,727.91,Yes
C04476,Male,0,Yes,No,70,No,No phone service,No,No internet service,No internet service,No internet service,No internet service,No internet service,No internet service,One year,Yes,Bank transfer (automatic),18.0,1096.47,No
C04477,Female,0,No,Yes,29,Yes,Yes,Fiber optic,Yes,No,Yes,No,Yes,No,Two year,Yes,Electronic check,80.87,2338.44,Yes
C04478,Male,0,Yes,No,26,Yes,No,Fiber optic,No,No,Yes,No,Yes,No,Month-to-month,Yes,Mailed check,72.11,2149.55,Yes
C04479,Female,0,Yes,No,5,Yes,No,Fiber optic,No,No,Yes,Yes,No,No,Month-to-month,No,Credit card (automatic),60.76,339.99,Yes
C04480,Male,0,No,Yes,2,Yes,No,DSL,No,No,No,Yes,Yes,Yes,One year,No,Credit card (automatic),63.75,355.06,No
C04481,Female,1,Yes,No,25,Yes,Yes,Fiber optic,Yes,No,Yes,Yes,No,Yes,Two year,Yes,Credit card (automatic),67.35,1895.59,No
C04482,Female,0,Yes,No,20,Yes,Yes,Fiber optic,No,No,Yes,Yes,No,No,Two year,Yes,Electronic check,88.18,1731.92,Yes
C04483,Female,0,No,No,4,Yes,No,Fiber optic,Yes,Yes,Yes,No,No,No,Month-to-month,Yes,Mailed check,103.87,225.13,Yes
C04484,Male,0,No,Yes,57,Yes,Yes,Fiber optic,Yes,Yes,No,No,No,No,One year,Yes,Electronic check,81.82,4873.44,No
C04485,Male,0,Yes,No,17,No,No phone service,No,No internet service,No internet service,No internet service,No internet service,No internet service,No internet service,Month-to-month,Yes,Electronic check,18.0,302.82,No
C04486,Female,0,No,Yes,9,Yes,No,DSL,No,No,No,No,No,Yes,One year,No,Electronic check,41.93,311.13,No
C04487,Female,0,No,No,49,Yes,No,Fiber optic,Yes,No,Yes,Yes,No,No,Month-to-month,No,Bank transfer (automatic),58.62,2848.06,No
C04488,Female,0,Yes,No,72,Yes,No,Fiber optic,No,Yes,Yes,Yes,No,Yes,Month-to-month,Yes,Credit card (automatic),69.87,4794.23,No
C04489,Male,0,No,No,11,Yes,Yes,DSL,No,No,No,No,Yes,Yes,Month-to-month,Yes,Electronic check,54.19,1063.58,Yes
C04490,Male,1,Yes,No,47,Yes,No,Fiber optic,Yes,No,Yes,Yes,No,No,Month-to-month,Yes,Mailed check,75.13,3456.93,No
C04491,Male,0,Yes,No,33,No,No phone service,Fiber optic,No,Yes,No,Yes,Yes,No,Month-to-month,Yes,Electronic check,82.45,2729.69,Yes
C04492,Male,0,Yes,Yes,72,Yes,No,DSL,No,Yes,No,No,Yes,Yes,Two year,No,Electronic check,52.12,3513.36,No
C04493,Female,0,No,No,7,Yes,No,Fiber optic,Yes,Yes,Yes,Yes,Yes,No,Month-to-month,No,Electronic check,74.97,262.58,Yes
C04494,Female,0,Yes,No,72,Yes,No,No,No internet service,No internet service,No internet service,No internet service,No internet service,No internet service,Month-to-month,No,Credit card (automatic),18.0,1408.51,No
C04495,Male,0,Yes,No,12,No,No phone service,DSL,Yes,No,Yes,No,Yes,Yes,Two year,Yes,Mailed check,67.54,643.64,No
C04496,Male,0,Yes,Yes,16,Yes,No,No,No internet service,No internet service,No internet service,No internet service,No internet service,No internet service,Two year,No,Electronic check,18.0,460.89,No
C04497,Female,0,Yes,No,14,Yes,No,DSL,No,No,Yes,Yes,Yes,No,Month-to-month,No,Electronic check,53.52,1014.77,Yes
C04498,Male,0,No,No,10,Yes,No,DSL,No,No,No,No,No,Yes,Month-to-month,Yes,Bank transfer (automatic),58.39,516.72,Yes
C04499,Male,0,Yes,No,37,Yes,No,DSL,Yes,No,Yes,Yes,No,No,Month-to-month,Yes,Electronic check,34.12,1321.75,No
C04500,Male,0,No,No,28,Yes,No,DSL,No,No,No,No,No,Yes,Month-to-month,Yes,Electronic check,34.68,987.79,Yes
C04501,Male,0,No,No,11,No,No phone service,Fiber optic,No,Yes,Yes,No,Yes,Yes,Month-to-month,Yes,Electronic check,57.29,939.76,Yes
C04502,Male,0,No,No,4,No,No phone service,Fiber optic,No,No,No,No,Yes,No,One year,No,Mailed check,72.73,137.63,Yes
C04503,Male,0,No,No,12,Yes,No,DSL,No,Yes,No,No,No,Yes,One year,No,Credit card (automatic),34.91,53.43,No
C04504,Female,0,Yes,No,15,Yes,No,Fiber optic,No,No,Yes,No,Yes,Yes,One year,No,Electronic check,49.27,725.92,No
C04505,Male,0,Yes,Yes,15,Yes,No,Fiber optic,No,No,Yes,Yes,Yes,Yes,Month-to-month,Yes,Mailed check,62.58,968.54,Yes
C04506,Male,0,No,No,14,Yes,Yes,DSL,Yes,No,No,No,Yes,No,Month-to-month,Yes,Bank transfer (automatic),82.31,1097.35,Yes
C04507,Female,0,Yes,No,1,Yes,No,DSL,No,Yes,Yes,No,Yes,No,One year,Yes,Electronic check,70.25,110.61,Yes
C04508,Female,0,No,No,19,Yes,No,DSL,No,No,No,No,No,No,Month-to-month,Yes,Electronic check,43.42,598.13,Yes
C04509,Female,0,Yes,No,57,Yes,Yes,DSL,No,Yes,No,No,Yes,Yes,Month-to-month,Yes,Mailed check,62.96,3518.37,No
C04510,Male,0,Yes,Yes,6,Yes,Yes,Fiber optic,No,No,No,Yes,No,No,Month-to-month,Yes,Credit card (automatic),55.17,350.36,Yes
C04511,Female,0,Yes,No,5,Yes,No,DSL,No,No,Yes,No,No,Yes,Two year,No,Mailed check,73.21,446.32,Yes
C04512,Male,1,Yes,No,20,Yes,No,Fiber optic,Yes,Yes,No,No,Yes,No,Month-to-month,Yes,Mailed check,53.99,1378.26,Yes
C04513,Male,1,No,No,14,Yes,Yes,DSL,No,Yes,Yes,Yes,No,No,Month-to-month,No,Mailed check,58.86,455.34,Yes
C04514,Male,0,Yes,No,26,Yes,No,Fiber optic,No,No,No,No,No,No,Two year,Yes,Mailed check,64.16,1530.02,No
C04515,Female,0,No,Yes,72,Yes,Yes,Fiber optic,No,No,No,Yes,No,No,One year,No,Credit card (automatic),48.45,3594.75,No
C04516,Female,0,No,Yes,45,No,No phone service,Fiber optic,Yes,No,No,No,Yes,No,Month-to-month,No,Bank transfer (automatic),47.89,2259.09,No
C04517,Female,0,No,No,37,Yes,Yes,Fiber optic,No,No,No,Yes,No,No,One year,No,Electronic check,66.6,2623.55,No
C04518,Female,0,Yes,Yes,17,Yes,No,Fiber optic,Yes,Yes,No,Yes,No,Yes,Month-to-month,Yes,Electronic check,64.79,1246.1,Yes
C04519,Female,0,No,Yes,10,Yes,Yes,DSL,Yes,No,No,Yes,No,Yes,Two year,No,Credit card (automatic),57.42,423.4,No
C04520,Male,1,Yes,No,24,Yes,Yes,Fiber optic,Yes,No,No,No,No,Yes,One year,Yes,Bank transfer (automatic),67.22,1622.91,No
C04521,Male,1,No,No,69,Yes,Yes,Fiber optic,Yes,No,No,No,Yes,Yes,Month-to-month,No,Electronic check,86.27,5962.76,Yes
C04522,Male,0,Yes,Yes,66,Yes,Yes,DSL,No,No,No,Yes,No,Yes,Month-to-month,Yes,Mailed check,59.91,3797.09,No
C04523,Male,0,Yes,Yes,18,Yes,Yes,Fiber optic,No,Yes,Yes,Yes,Yes,No,Month-to-month,Yes,Mailed check,64.03,1338.78,Yes
C04524,Female,0,No,No,9,Yes,Yes,Fiber optic,No,No,No,No,No,No,Two year,No,Credit card (automatic),99.12,489.94,Yes
C04525,Female,0,No,Yes,8,Yes,No,No,No internet service,No internet service,No internet service,No internet service,No internet service,No internet service,Month-to-month,Yes,Credit card (automatic),18.0,18.0,No
C04526,Male,0,Yes,No,1,Yes,No,Fiber optic,No,No,No,Yes,Yes,No,One year,No,Electronic check,74.69,217.53,No
C04527,Female,0,Yes,No,59,Yes,Yes,DSL,No,No,Yes,No,No,No,Two year,Yes,Bank transfer (automatic),43.59,2378.91,No
C04528,Female,0,No,No,9,Yes,No,No,No internet service,No internet service,No internet service,No internet service,No internet service,No internet service,Two year,Yes,Credit card (automatic),18.0,337.51,No
C04529,Male,0,No,No,14,Yes,Yes,DSL,Yes,No,Yes,Yes,Yes,No,Month-to-month,Yes,Electronic check,33.85,294.53,Yes
C04530,Male,0,Yes,Yes,53,No,No phone service,No,No internet service,No internet service,No internet service,No internet service,No internet service,No internet service,Month-to-month,Yes,Mailed check,18.0,1005.97,No
C04531,Female,1,No,Yes,4,Yes,Yes,DSL,No,No,No,No,Yes,No,Two year,Yes,Electronic check,37.45,18.0,No
C04532,Female,0,No,No,19,Yes,No,DSL,Yes,No,Yes,Yes,No,Yes,Month-to-month,Yes,Electronic check,71.07,1212.37,Yes
C04533,Male,0,No,No,4,Yes,Yes,DSL,Yes,No,No,No,No,No,Month-to-month,Yes,Credit card (automatic),50.31,270.17,Yes
C04534,Male,0,No,No,18,Yes,No,Fiber optic,No,Yes,Yes,No,No,Yes,Two year,Yes,Bank transfer (automatic),110.36,1858.43,Yes
C04535,Male,0,Yes,Yes,1,Yes,Yes,DSL,Yes,Yes,No,No,Yes,No,Two year,Yes,Bank transfer (automatic),44.03,18.0,No
C04536,Female,0,No,No,23,No,No phone service,Fiber optic,No,No,No,Yes,Yes,Yes,Month-to-month,Yes,Electronic check,52.25,1464.26,Yes
C04537,Male,0,Yes,No,50,Yes,No,DSL,No,No,No,No,Yes,No,One year,No,Mailed check,28.17,948.77,No
C04538,Male,1,Yes,No,36,Yes,No,DSL,Yes,No,No,Yes,No,Yes,Month-to-month,No,Bank transfer (automatic),46.35,1777.75,No
C04539,Female,0,No,Yes,22,Yes,No,DSL,Yes,No,Yes,Yes,Yes,Yes,Two year,No,Mailed check,61.79,1319.36,No
C04540,Female,0,Yes,No,56,Yes,No,DSL,No,No,No,No,Yes,Yes,Two year,Yes,Bank transfer (automatic),61.82,3631.21,No
C04541,Female,0,No,Yes,8,Yes,Yes,Fiber optic,Yes,No,Yes,No,Yes,Yes,Month-to-month,Yes,Credit card (automatic),59.27,198.81,Yes
C04542,Female,1,Yes,No,56,No,No phone service,Fiber optic,Yes,No,Yes,No,No,Yes,Month-to-month,No,Bank transfer (automatic),58.9,3474.37,No
C04543,Female,0,Yes,No,10,Yes,No,Fiber optic,No,No,No,Yes,No,No,One year,Yes,Credit card (automatic),70.03,273.55,No
C04544,Male,0,No,No,14,Yes,Yes,Fiber optic,No,No,Yes,No,Yes,No,One year,No,Mailed check,89.43,1266.71,Yes
C04545,Male,0,Yes,No,4,Yes,No,DSL,No,No,Yes,No,Yes,No,Month-to-month,Yes,Credit card (automatic),46.63,18.0,Yes
C04546,Female,0,Yes,No,3,Yes,No,DSL,Yes,No,Yes,No,Yes,Yes,Month-to-month,No,Credit card (automatic),54.2,18.0,Yes
C04547,Female,0,No,Yes,72,Yes,Yes,No,No internet service,No internet service,No internet service,No internet service,No internet service,No internet service,Month-to-month,No,Mailed check,18.0,1311.93,No
C04548,Female,0,Yes,Yes,6,Yes,Yes,DSL,No,No,Yes,Yes,No,Yes,One year,Yes,Electronic check,35.69,18.0,No
C04549,Female,0,Yes,Yes,12,No,No phone service,Fiber optic,No,Yes,No,Yes,No,No,Month-to-month,No,Electronic check,82.08,1069.88,Yes
C04550,Female,0,No,Yes,24,No,No phone service,Fiber optic,Yes,No,Yes,No,Yes,No,Month-to-month,No,Mailed check,48.77,1196.29,No
C04551,Male,0,Yes,Yes,13,Yes,No,Fiber optic,No,No,No,Yes,No,No,Month-to-month,No,Bank transfer (automatic),88.79,1133.65,Yes
C04552,Male,0,No,No,65,Yes,No,No,No internet service,No internet service,No internet service,No internet service,No internet service,No internet service,Two year,Yes,Bank transfer (automatic),40.26,2326.41,No
C04553,Male,0,Yes,No,72,Yes,No,No,No internet service,No internet service,No internet service,No internet service,No internet service,No internet service,Month-to-month,No,Bank transfer (automatic),18.0,1372.47,No
C04554,Male,0,Yes,Yes,12,Yes,Yes,No,No internet service,No internet service,No internet service,No internet service,No internet service,No internet service,Month-to-month,Yes,Bank transfer (automatic),18.0,592.19,No
C04555,Female,0,Yes,Yes,3,Yes,Yes,Fiber optic,Yes,No,Yes,No,No,No,Two year,Yes,Mailed check,75.42,348.68,No
C04556,Male,0,Yes,No,7,Yes,No,No,No internet service,No internet service,No internet service,No internet service,No internet service,No internet service,Month-to-month,Yes,Credit card (automatic),18.0,420.34,No
C04557,Female,1,Yes,No,20,No,No phone service,Fiber optic,No,No,Yes,No,Yes,Yes,One year,Yes,Bank transfer (automatic),86.75,2063.89,Yes
C04558,Female,1,Yes,Yes,10,Yes,Yes,DSL,No,No,No,Yes,No,Yes,Month-to-month,No,Bank transfer (automatic),41.9,18.0,Yes
C04559,Female,0,Yes,No,19,Yes,Yes,DSL,No,No,No,No,No,No,Two year,Yes,Bank transfer (automatic),50.4,973.53,No
C04560,Male,0,Yes,No,45,Yes,Yes,DSL,No,Yes,No,No,No,No,One year,Yes,Electronic check,41.51,1660.74,No
C04561,Female,0,No,No,17,Yes,Yes,Fiber optic,No,No,No,No,No,No,Two year,Yes,Electronic check,76.58,1456.73,No
C04562,Male,1,No,No,7,Yes,Yes,DSL,No,Yes,No,Yes,Yes,Yes,One year,Yes,Electronic check,35.82,18.0,No
C04563,Male,0,Yes,No,14,Yes,Yes,Fiber optic,No,No,Yes,No,No,No,One year,Yes,Electronic check,81.36,1446.35,No
C04564,Female,0,No,Yes,43,Yes,Yes,No,No internet service,No internet service,No internet service,No internet service,No internet service,No internet service,Month-to-month,Yes,Electronic check,24.86,779.94,No
C04565,Female,0,No,Yes,17,Yes,No,No,No internet service,No internet service,No internet service,No internet service,No internet service,No internet service,One year,Yes,Mailed check,18.0,420.62,No
C04566,Female,1,No,No,9,No,No phone service,Fiber optic,No,No,Yes,No,Yes,No,Two year,Yes,Electronic check,57.13,650.27,Yes
C04567,Male,0,No,No,17,Yes,No,DSL,No,No,No,Yes,Yes,No,Month-to-month,Yes,Electronic check,30.6,519.54,Yes
C04568,Female,0,No,No,19,No,No phone service,DSL,Yes,Yes,Yes,Yes,No,Yes,One year,No,Bank transfer (automatic),51.24,763.91,No
C04569,Male,0,Yes,Yes,11,Yes,No,DSL,No,No,Yes,No,No,No,Month-to-month,No,Electronic check,76.89,849.51,Yes
C04570,Female,0,No,No,72,Yes,No,DSL,No,Yes,No,No,No,No,Month-to-month,Yes,Electronic check,29.87,2556.38,No
C04571,Female,0,No,No,46,Yes,Yes,Fiber optic,Yes,No,No,No,No,Yes,One year,No,Credit card (automatic),61.02,2869.75,No
C04572,Male,0,Yes,No,37,Yes,No,DSL,Yes,No,Yes,Yes,Yes,No,Month-to-month,No,Mailed check,67.52,2798.04,No
C04573,Male,0,Yes,No,61,Yes,Yes,DSL,Yes,Yes,Yes,No,Yes,No,One year,Yes,Electronic check,58.46,3717.98,No
C04574,Male,1,No,No,35,No,No phone service,DSL,Yes,No,Yes,No,Yes,Yes,Two year,No,Mailed check,64.47,2404.1,No
C04575,Male,0,No,No,50,Yes,No,Fiber optic,No,Yes,No,No,Yes,No,Month-to-month,Yes,Mailed check,62.31,2989.22,Yes
C04576,Male,0,Yes,No,17,Yes,Yes,Fiber optic,No,No,Yes,No,No,No,One year,Yes,Credit card (automatic),86.6,1364.12,No
C04577,Male,0,Yes,No,22,No,No phone service,No,No internet service,No internet service,No internet service,No internet service,No internet service,No internet service,Month-to-month,No,Electronic check,53.38,1551.77,No
C04578,Female,0,No,Yes,1,Yes,No,DSL,Yes,No,No,Yes,Yes,Yes,Month-to-month,No,Bank transfer (automatic),57.94,38.13,No
C04579,Female,0,Yes,No,10,Yes,Yes,Fiber optic,Yes,No,No,No,Yes,Yes,Month-to-month,No,Credit card (automatic),87.66,928.84,Yes
C04580,Male,0,No,Yes,14,Yes,Yes,Fiber optic,Yes,No,No,No,No,Yes,Month-to-month,Yes,Bank transfer (automatic),43.07,948.55,Yes
C04581,Female,0,Yes,No,31,Yes,Yes,No,No internet service,No internet service,No internet service,No internet service,No internet service,No internet service,Two year,Yes,Mailed check,50.78,1818.16,No
C04582,Male,1,Yes,No,19,Yes,No,Fiber optic,Yes,Yes,No,No,Yes,No,Month-to-month,No,Bank transfer (automatic),80.99,1647.94,Yes
C04583,Female,1,Yes,Yes,29,Yes,Yes,Fiber optic,No,No,No,No,No,No,Month-to-month,No,Electronic check,76.94,2231.49,Yes
C04584,Female,1,Yes,Yes,39,No,No phone service,Fiber optic,Yes,No,No,No,No,No,One year,Yes,Bank transfer (automatic),77.81,3262.67,No
C04585,Male,0,Yes,No,1,Yes,Yes,DSL,No,Yes,Yes,Yes,No,No,Two year,Yes,Bank transfer (automatic),42.15,143.24,No
C04586,Male,0,No,No,9,Yes,Yes,Fiber optic,No,No,No,No,Yes,No,Month-to-month,Yes,Mailed check,68.17,433.79,Yes
C04587,Male,0,No,Yes,5,Yes,No,No,No internet service,No internet service,No internet service,No internet service,No internet service,No internet service,Two year,No,Mailed check,36.76,75.07,No
C04588,Female,0,Yes,Yes,6,Yes,Yes,Fiber optic,Yes,No,Yes,No,Yes,No,Two year,Yes,Mailed check,94.75,445.3,No
C04589,Male,0,No,No,22,Yes,No,No,No internet service,No internet service,No internet service,No internet service,No internet service,No internet service,One year,No,Mailed check,18.0,371.73,No
C04590,Female,0,No,No,43,Yes,No,DSL,No,No,No,Yes,Yes,No,Month-to-month,Yes,Electronic check,35.82,1839.57,No
C04591,Male,0,Yes,No,10,Yes,No,DSL,No,Yes,No,No,No,Yes,Month-to-month,Yes,Bank transfer (automatic),54.63,229.2,Yes
C04592,Female,0,Yes,No,55,Yes,No,Fiber optic,Yes,No,No,No,No,Yes,Month-to-month,No,Mailed check,79.19,4086.02,No
C04593,Female,0,Yes,No,71,Yes,No,DSL,Yes,Yes,Yes,No,No,No,Two year,Yes,Electronic check,34.11,2317.77,No
C04594,Male,0,No,Yes,13,Yes,No,DSL,Yes,Yes,Yes,Yes,Yes,Yes,One year,No,Electronic check,60.31,1073.98,No
C04595,Female,0,No,No,36,Yes,No,Fiber optic,Yes,Yes,No,Yes,No,No,Month-to-month,No,Credit card (automatic),47.44,1361.88,No
C04596,Female,0,Yes,No,3,Yes,No,Fiber optic,No,No,No,Yes,No,No,Two year,Yes,Bank transfer (automatic),52.37,84.98,Yes
C04597,Male,0,No,Yes,43,Yes,Yes,Fiber optic,No,No,No,No,No,No,Month-to-month,Yes,Credit card (automatic),68.9,3275.46,Yes
C04598,Female,0,Yes,No,5,Yes,No,No,No internet service,No internet service,No internet service,No internet service,No internet service,No internet service,One year,Yes,Mailed check,18.37,197.05,No
C04599,Male,1,Yes,No,37,Yes,Yes,Fiber optic,Yes,Yes,Yes,No,No,Yes,Month-to-month,No,Bank transfer (automatic),75.74,2962.4,No
C04600,Male,0,Yes,No,17,Yes,Yes,Fiber optic,No,Yes,No,Yes,No,Yes,Month-to-month,Yes,Electronic check,78.06,1247.69,Yes
C04601,Male,1,No,No,72,Yes,No,No,No internet service,No internet service,No internet service,No internet service,No internet service,No internet service,One year,Yes,Electronic check,18.0,1427.83,No
C04602,Male,0,Yes,No,19,Yes,Yes,Fiber optic,No,No,Yes,No,No,No,Two year,No,Bank transfer (automatic),87.79,1583.74,No
C04603,Female,0,No,No,1,Yes,No,Fiber optic,No,Yes,No,No,No,Yes,One year,No,Electronic check,63.08,18.0,Yes
C04604,Female,0,Yes,No,20,Yes,Yes,DSL,No,No,Yes,Yes,Yes,No,Two year,Yes,Electronic check,56.12,1080.77,No
C04605,Female,0,Yes,No,50,Yes,No,Fiber optic,No,Yes,Yes,No,Yes,No,Two year,No,Electronic check,55.71,2492.3,No
C04606,Male,0,No,No,33,Yes,No,No,No internet service,No internet service,No internet service,No internet service,No internet service,No internet service,Month-to-month,No,Mailed check,18.0,800.75,No
C04607,Female,0,No,No,72,Yes,No,No,No internet service,No internet service,No internet service,No internet service,No internet service,No internet service,One year,No,Credit card (automatic),18.34,1371.59,No
C04608,Female,0,No,No,59,Yes,No,DSL,No,No,Yes,No,No,No,Month-to-month,No,Mailed check,21.38,1053.23,No
C04609,Male,0,No,Yes,23,Yes,Yes,Fiber optic,Yes,No,No,Yes,Yes,No,Month-to-month,No,Bank transfer (automatic),65.45,1482.74,No
C04610,Male,0,No,Yes,7,Yes,No,No,No internet service,No internet service,No internet service,No internet service,No internet service,No internet service,Month-to-month,Yes,Mailed check,33.76,55.17,No
C04611,Female,0,Yes,No,1,Yes,Yes,DSL,No,No,Yes,No,No,No,Two year,Yes,Bank transfer (automatic),35.26,45.0,No
C04612,Male,0,Yes,No,72,Yes,Yes,No,No internet service,No internet service,No internet service,No internet service,No internet service,No internet service,Month-to-month,No,Credit card (automatic),23.29,1782.6,No
C04613,Male,0,No,Yes,72,Yes,No,Fiber optic,No,Yes,No,No,No,No,One year,Yes,Credit card (automatic),86.53,6127.4,No
C04614,Male,0,No,Yes,10,Yes,No,DSL,No,Yes,No,No,Yes,No,Month-to-month,Yes,Electronic check,50.65,499.73,Yes
C04615,Male,0,No,No,32,Yes,Yes,Fiber optic,Yes,No,Yes,No,Yes,Yes,Month-to-month,No,Mailed check,81.51,2324.96,Yes
C04616,Female,0,Yes,No,41,Yes,No,No,No internet service,No internet service,No internet service,No internet service,No internet service,No internet service,Month-to-month,Yes,Bank transfer (automatic),30.16,1468.03,No
C04617,Male,0,Yes,No,27,Yes,No,DSL,No,No,Yes,Yes,No,Yes,One year,No,Mailed check,38.3,1256.63,No
C04618,Male,1,No,Yes,59,Yes,Yes,Fiber optic,No,No,No,Yes,No,No,One year,Yes,Electronic check,67.63,3819.78,No
C04619,Male,0,Yes,No,2,No,No phone service,No,No internet service,No internet service,No internet service,No internet service,No internet service,No internet service,One year,Yes,Bank transfer (automatic),18.0,253.64,No
C04620,Male,0,Yes,No,72,No,No phone service,DSL,No,No,No,Yes,Yes,No,One year,No,Electronic check,58.2,4370.01,No
C04621,Male,0,Yes,Yes,15,Yes,No,Fiber optic,Yes,Yes,Yes,Yes,Yes,Yes,One year,No,Credit card (automatic),32.76,384.19,No
C04622,Male,0,Yes,No,20,Yes,Yes,Fiber optic,Yes,Yes,No,No,No,No,Month-to-month,No,Electronic check,61.8,1331.71,Yes
C04623,Male,0,No,No,18,Yes,Yes,DSL,No,Yes,Yes,No,Yes,Yes,Month-to-month,Yes,Bank transfer (automatic),50.36,1088.04,No
C04624,Male,0,No,Yes,24,Yes,No,DSL,Yes,No,No,No,No,No,Month-to-month,Yes,Electronic check,40.24,1355.37,Yes
C04625,Female,0,Yes,No,29,Yes,No,Fiber optic,Yes,Yes,Yes,Yes,No,Yes,Month-to-month,Yes,Bank transfer (automatic),96.85,2660.71,Yes
C04626,Male,0,Yes,No,39,Yes,No,Fiber optic,No,No,No,No,No,No,Month-to-month,Yes,Electronic check,82.23,2997.53,Yes
C04627,Female,0,No,Yes,23,Yes,No,DSL,Yes,No,No,Yes,Yes,Yes,Month-to-month,Yes,Electronic check,35.84,870.85,Yes
C04628,Male,0,Yes,Yes,36,Yes,No,DSL,No,No,No,No,No,Yes,Month-to-month,Yes,Electronic check,66.68,2099.06,Yes
C04629,Male,0,No,Yes,13,Yes,No,No,No internet service,No internet service,No internet service,No internet service,No internet service,No internet service,One year,Yes,Electronic check,19.94,108.06,No
C04630,Male,0,No,No,72,No,No phone service,No,No internet service,No internet service,No internet service,No internet service,No internet service,No internet service,Two year,Yes,Electronic check,30.47,2376.12,No
C04631,Male,1,No,Yes,2,Yes,Yes,Fiber optic,No,Yes,No,No,No,No,One year,Yes,Electronic check,62.7,101.2,Yes
C04632,Female,0,No,No,25,Yes,Yes,DSL,Yes,No,No,No,No,No,Month-to-month,Yes,Electronic check,56.37,1410.37,Yes
C04633,Male,0,Yes,No,2,Yes,No,DSL,No,No,No,Yes,Yes,Yes,Two year,No,Mailed check,63.14,348.92,No
C04634,Male,0,No,No,18,Yes,No,DSL,No,Yes,No,No,No,No,One year,No,Electronic check,63.75,1105.09,No
C04635,Female,1,Yes,No,9,Yes,No,Fiber optic,No,No,No,No,Yes,No,Month-to-month,No,Electronic check,50.14,355.67,Yes
C04636,Female,0,Yes,No,72,Yes,No,Fiber optic,No,No,No,No,No,No,One year,Yes,Electronic check,67.04,4672.48,No
C04637,Male,0,Yes,No,1,Yes,Yes,DSL,No,No,Yes,No,No,No,One year,No,Credit card (automatic),49.38,18.0,No
C04638,Female,0,Yes,No,15,Yes,Yes,DSL,Yes,No,No,No,No,No,Two year,No,Electronic check,31.4,856.48,No
C04639,Female,0,Yes,No,48,No,No phone service,Fiber optic,No,Yes,No,Yes,Yes,No,Month-to-month,Yes,Mailed check,65.85,2947.21,No
C04640,Female,0,Yes,No,6,Yes,Yes,Fiber optic,No,Yes,Yes,Yes,No,No,Two year,Yes,Electronic check,50.39,112.67,No
C04641,Male,0,No,No,54,Yes,No,Fiber optic,No,No,No,No,No,Yes,Two year,Yes,Mailed check,95.26,5427.94,No
C04642,Male,1,No,No,62,Yes,No,Fiber optic,Yes,No,No,No,No,No,Month-to-month,Yes,Credit card (automatic),67.73,4013.03,No
C04643,Male,0,Yes,No,39,Yes,Yes,Fiber optic,Yes,Yes,No,No,No,No,Two year,No,Mailed check,71.91,2826.05,No
C04644,Female,0,No,No,7,Yes,Yes,Fiber optic,No,No,No,No,No,No,One year,Yes,Electronic check,63.92,572.76,No
C04645,Male,0,Yes,No,10,Yes,No,DSL,No,Yes,No,Yes,Yes,No,One year,Yes,Mailed check,32.57,166.11,No
C04646,Female,0,No,No,5,Yes,Yes,DSL,No,No,Yes,No,No,Yes,Two year,No,Mailed check,62.56,349.33,No
C04647,Male,1,Yes,Yes,6,Yes,No,DSL,Yes,No,Yes,No,Yes,No,Month-to-month,Yes,Credit card (automatic),29.37,418.75,No
C04648,Male,0,No,No,1,Yes,No,No,No internet service,No internet service,No internet service,No internet service,No internet service,No internet service,Month-to-month,No,Credit card (automatic),34.23,335.36,No
C04649,Female,0,Yes,Yes,62,Yes,Yes,DSL,Yes,Yes,Yes,No,No,No,Month-to-month,Yes,Credit card (automatic),18.0,1130.21,No
C04650,Male,0,No,Yes,24,Yes,No,DSL,No,Yes,No,No,Yes,No,Month-to-month,Yes,Electronic check,21.98,465.62,No
C04651,Female,0,Yes,No,12,Yes,No,DSL,Yes,No,Yes,No,No,No,Month-to-month,Yes,Electronic check,49.57,745.95,Yes
C04652,Female,0,Yes,No,10,Yes,No,DSL,Yes,Yes,Yes,No,No,Yes,Month-to-month,No,Electronic check,39.05,244.34,Yes
C04653,Male,1,Yes,No,25,Yes,No,No,No internet service,No internet service,No internet service,No internet service,No internet service,No internet service,Month-to-month,Yes,Mailed check,48.96,1371.0,Yes
C04654,Female,1,Yes,No,12,Yes,Yes,DSL,No,No,Yes,Yes,Yes,No,Month-to-month,Yes,Electronic check,72.6,1071.69,Yes
C04655,Male,0,No,Yes,63,Yes,No,Fiber optic,Yes,Yes,No,No,No,No,Two year,No,Bank transfer (automatic),77.0,5041.06,No
C04656,Male,0,No,No,7,Yes,Yes,Fiber optic,Yes,Yes,No,No,Yes,No,One year,Yes,Credit card (automatic),58.53,396.72,No
C04657,Female,0,Yes,No,68,Yes,No,DSL,No,No,Yes,Yes,No,No,Month-to-month,Yes,Mailed check,52.4,3493.82,No
C04658,Male,1,No,Yes,34,Yes,Yes,No,No internet service,No internet service,No internet service,No internet service,No internet service,No internet service,Month-to-month,Yes,Bank transfer (automatic),25.44,1190.43,No
C04659,Female,0,Yes,No,72,Yes,Yes,DSL,No,No,Yes,Yes,Yes,No,Month-to-month,Yes,Electronic check,48.85,3513.24,No
C04660,Male,0,No,No,1,Yes,No,DSL,No,No,Yes,No,No,Yes,Month-to-month,Yes,Credit card (automatic),18.0,197.27,Yes
C04661,Male,0,Yes,No,1,Yes,Yes,DSL,No,No,No,No,No,Yes,Two year,Yes,Credit card (automatic),79.69,48.81,No
C04662,Male,0,No,No,22,Yes,No,DSL,No,Yes,No,No,Yes,No,Month-to-month,Yes,Credit card (automatic),48.5,931.33,Yes
C04663,Male,1,Yes,No,72,Yes,No,Fiber optic,No,No,No,No,No,Yes,Month-to-month,No,Credit card (automatic),76.66,5383.99,No
C04664,Male,0,No,No,41,Yes,No,Fiber optic,No,No,Yes,Yes,No,No,Two year,Yes,Electronic check,58.11,2463.55,No
C04665,Female,0,Yes,No,31,Yes,No,Fiber optic,Yes,Yes,No,No,No,No,Two year,Yes,Mailed check,58.03,2055.13,No
C04666,Female,0,No,No,1,Yes,Yes,DSL,Yes,Yes,No,No,No,No,Month-to-month,Yes,Electronic check,48.01,69.49,Yes
C04667,Female,0,No,No,13,Yes,No,Fiber optic,No,Yes,No,No,Yes,Yes,Month-to-month,Yes,Credit card (automatic),58.93,753.31,Yes
C04668,Female,0,Yes,No,13,Yes,No,DSL,No,No,Yes,Yes,Yes,No,Month-to-month,No,Credit card (automatic),37.0,449.08,No
C04669,Female,0,No,Yes,24,Yes,Yes,No,No internet service,No internet service,No internet service,No internet service,No internet service,No internet service,Two year,Yes,Bank transfer (automatic),20.06,469.63,No
C04670,Female,0,No,No,9,No,No phone service,No,No internet service,No internet service,No internet service,No internet service,No internet service,No internet service,One year,Yes,Electronic check,18.0,648.25,No
C04671,Male,0,No,No,9,Yes,No,DSL,No,Yes,No,No,Yes,No,Two year,Yes,Electronic check,55.21,881.98,No
C04672,Male,0,No,No,31,Yes,Yes,Fiber optic,Yes,Yes,No,No,No,Yes,Month-to-month,No,Credit card (automatic),78.03,2332.06,Yes
C04673,Female,0,No,No,72,Yes,No,No,No internet service,No internet service,No internet service,No internet service,No internet service,No internet service,Two year,No,Mailed check,18.0,1137.3,No
C04674,Female,0,No,No,34,Yes,Yes,DSL,No,No,Yes,No,Yes,No,Month-to-month,No,Bank transfer (automatic),25.9,972.5,Yes
C04675,Male,0,No,No,35,Yes,No,DSL,No,Yes,No,Yes,No,Yes,Month-to-month,Yes,Credit card (automatic),70.3,2514.28,No
C04676,Male,0,Yes,No,72,Yes,Yes,Fiber optic,No,No,Yes,Yes,Yes,Yes,Month-to-month,Yes,Bank transfer (automatic),70.06,4895.98,No
C04677,Male,0,No,No,5,Yes,No,DSL,No,No,Yes,Yes,No,Yes,One year,Yes,Credit card (automatic),18.0,382.89,No
C04678,Female,0,No,No,1,Yes,Yes,No,No internet service,No internet service,No internet service,No internet service,No internet service,No internet service,Month-to-month,No,Bank transfer (automatic),18.0,99.88,No
C04679,Female,0,No,No,43,Yes,No,No,No internet service,No internet service,No internet service,No internet service,No internet service,No internet service,Month-to-month,No,Mailed check,19.11,889.64,No
C04680,Female,1,Yes,No,18,Yes,Yes,No,No internet service,No internet service,No internet service,No internet service,No internet service,No internet service,One year,Yes,Bank transfer (automatic),33.41,543.53,No
C04681,Male,0,Yes,No,17,Yes,No,DSL,No,Yes,Yes,Yes,Yes,No,Month-to-month,Yes,Mailed check,49.44,1030.96,Yes
C04682,Male,0,No,No,8,Yes,Yes,DSL,No,No,Yes,Yes,Yes,Yes,Two year,No,Bank transfer (automatic),28.15,18.0,No
C04683,Female,0,No,Yes,22,Yes,No,Fiber optic,No,No,No,Yes,No,Yes,Month-to-month,Yes,Credit card (automatic),90.26,1966.83,Yes
C04684,Female,0,Yes,Yes,18,Yes,No,No,No internet service,No internet service,No internet service,No internet service,No internet service,No internet service,Two year,No,Credit card (automatic),18.0,65.27,No
C04685,Male,1,Yes,No,13,Yes,Yes,Fiber optic,Yes,Yes,Yes,No,No,Yes,Two year,Yes,Mailed check,73.58,827.35,Yes
C04686,Male,0,Yes,No,18,Yes,Yes,No,No internet service,No internet service,No internet service,No internet service,No internet service,No internet service,Month-to-month,No,Credit card (automatic),18.0,18.0,No
C04687,Male,1,No,No,15,Yes,No,No,No internet service,No internet service,No internet service,No internet service,No internet service,No internet service,Month-to-month,No,Electronic check,46.24,293.66,No
C04688,Male,0,Yes,No,72,Yes,Yes,Fiber optic,Yes,No,No,No,Yes,Yes,Two year,Yes,Mailed check,92.14,6698.65,No
C04689,Female,1,No,No,72,Yes,No,DSL,Yes,Yes,No,No,No,No,One year,No,Mailed check,61.22,4452.65,No
C04690,Male,1,No,No,58,Yes,No,DSL,Yes,No,Yes,Yes,Yes,No,Two year,No,Electronic check,43.15,2792.61,No
C04691,Male,1,No,Yes,72,Yes,Yes,Fiber optic,Yes,No,No,No,No,No,Month-to-month,Yes,Credit card (automatic),75.91,5642.79,No
C04692,Male,0,Yes,No,9,Yes,No,No,No internet service,No internet service,No internet service,No internet service,No internet service,No internet service,Month-to-month,Yes,Credit card (automatic),18.0,18.0,No
C04693,Female,0,No,No,59,Yes,Yes,Fiber optic,No,No,No,Yes,No,Yes,Month-to-month,Yes,Electronic check,65.97,4095.52,No
C04694,Female,0,No,No,16,Yes,No,No,No internet service,No internet service,No internet service,No internet service,No internet service,No internet service,Month-to-month,Yes,Mailed check,18.0,496.46,No
C04695,Male,0,Yes,No,43,Yes,No,Fiber optic,No,No,Yes,Yes,Yes,No,Month-to-month,Yes,Electronic check,96.62,4019.94,No
C04696,Male,1,No,Yes,7,No,No phone service,DSL,No,Yes,No,No,Yes,Yes,Two year,No,Electronic check,55.05,978.65,Yes
C04697,Male,0,No,No,53,Yes,Yes,No,No internet service,No internet service,No internet service,No internet service,No internet service,No internet service,Two year,Yes,Electronic check,18.0,1091.85,No
C04698,Female,1,No,Yes,2,Yes,Yes,Fiber optic,No,Yes,No,No,No,No,Two year,No,Mailed check,79.56,116.86,Yes
C04699,Female,0,No,No,10,Yes,No,DSL,No,No,Yes,No,No,Yes,One year,Yes,Bank transfer (automatic),42.53,573.72,No
C04700,Female,0,Yes,No,55,Yes,Yes,No,No internet service,No internet service,No internet service,No internet service,No internet service,No internet service,Month-to-month,No,Mailed check,24.89,1691.96,No
C04701,Male,0,Yes,No,43,Yes,Yes,Fiber optic,No,No,No,No,No,No,Month-to-month,Yes,Mailed check,61.9,2697.71,No
C04702,Female,0,Yes,No,22,Yes,Yes,Fiber optic,No,No,No,Yes,No,No,Month-to-month,No,Mailed check,87.03,1973.55,Yes
C04703,Male,0,No,No,35,Yes,No,DSL,No,No,No,No,No,No,Two year,Yes,Bank transfer (automatic),47.03,1445.74,No
C04704,Male,0,No,Yes,6,Yes,Yes,Fiber optic,Yes,No,Yes,Yes,Yes,Yes,Two year,No,Electronic check,84.1,552.95,No
C04705,Male,1,Yes,No,35,No,No phone service,Fiber optic,Yes,No,Yes,Yes,Yes,No,One year,Yes,Credit card (automatic),64.69,2454.47,No
C04706,Female,0,Yes,No,1,Yes,Yes,DSL,No,No,Yes,No,No,Yes,Two year,No,Mailed check,26.8,75.92,No
C04707,Male,0,No,Yes,57,Yes,No,DSL,No,Yes,Yes,No,No,Yes,Two year,No,Electronic check,34.28,1860.9,No
C04708,Female,0,No,No,23,Yes,Yes,DSL,No,Yes,Yes,No,Yes,No,Month-to-month,Yes,Electronic check,52.55,1189.18,Yes
C04709,Female,0,Yes,No,72,Yes,Yes,Fiber optic,Yes,Yes,Yes,Yes,No,Yes,Month-to-month,No,Bank transfer (automatic),52.67,3801.5,No
C04710,Male,0,No,No,20,Yes,No,No,No internet service,No internet service,No internet service,No internet service,No internet service,No internet service,Month-to-month,Yes,Mailed check,18.0,489.56,No
C04711,Male,0,No,No,18,Yes,Yes,Fiber optic,Yes,No,Yes,Yes,No,No,Month-to-month,Yes,Electronic check,66.69,1082.48,Yes
C04712,Female,0,Yes,No,19,No,No phone service,DSL,No,Yes,No,No,Yes,No,Month-to-month,Yes,Credit card (automatic),51.77,1208.4,No
C04713,Male,0,Yes,Yes,14,Yes,No,DSL,Yes,No,No,No,No,No,One year,No,Bank transfer (automatic),31.07,381.03,No
C04714,Female,0,Yes,Yes,5,Yes,Yes,DSL,Yes,Yes,No,No,Yes,No,One year,Yes,Electronic check,49.48,54.06,No
C04715,Male,1,Yes,No,59,Yes,Yes,Fiber optic,No,No,No,No,No,No,Two year,No,Electronic check,74.11,3977.45,No
C04716,Female,0,No,No,15,Yes,Yes,No,No internet service,No internet service,No internet service,No internet service,No internet service,No internet service,Month-to-month,Yes,Electronic check,18.0,18.0,Yes
C04717,Female,0,Yes,Yes,24,Yes,No,DSL,No,Yes,Yes,No,Yes,Yes,Month-to-month,No,Electronic check,62.62,1635.91,Yes
C04718,Female,0,Yes,Yes,1,Yes,Yes,Fiber optic,Yes,No,Yes,Yes,Yes,No,One year,Yes,Credit card (automatic),72.49,18.0,No
C04719,Female,0,No,No,1,Yes,Yes,DSL,Yes,No,Yes,Yes,No,No,One year,Yes,Credit card (automatic),38.56,18.0,Yes
C04720,Male,0,Yes,No,29,Yes,Yes,DSL,No,No,No,Yes,No,No,Month-to-month,Yes,Mailed check,53.05,1580.14,No
C04721,Male,0,No,No,67,Yes,No,DSL,No,No,No,No,No,Yes,Two year,No,Electronic check,55.44,3352.2,No
C04722,Female,0,Yes,Yes,21,Yes,No,Fiber optic,Yes,No,No,No,Yes,No,Month-to-month,Yes,Mailed check,74.84,1262.85,Yes
C04723,Female,0,No,No,5,Yes,No,DSL,Yes,Yes,Yes,Yes,No,No,Month-to-month,Yes,Mailed check,60.91,371.98,No
C04724,Male,0,No,No,3,Yes,No,DSL,No,Yes,Yes,Yes,Yes,No,One year,Yes,Electronic check,48.98,251.8,Yes
C04725,Male,0,Yes,No,72,Yes,No,Fiber optic,No,Yes,No,No,Yes,No,One year,Yes,Electronic check,88.68,6407.62,No
C04726,Male,0,No,No,38,No,No phone service,Fiber optic,No,No,Yes,No,No,No,One year,No,Electronic check,53.84,2164.92,No
C04727,Male,0,Yes,Yes,72,Yes,No,DSL,Yes,Yes,Yes,No,No,Yes,Month-to-month,No,Credit card (automatic),45.8,3478.53,No
C04728,Male,0,No,No,2,Yes,Yes,DSL,No,Yes,No,No,Yes,Yes,Month-to-month,Yes,Credit card (automatic),38.8,381.39,Yes
C04729,Male,0,No,No,72,Yes,Yes,Fiber optic,No,No,No,No,No,No,Two year,No,Electronic check,71.58,5220.75,No
C04730,Female,0,Yes,No,59,Yes,No,Fiber optic,No,Yes,Yes,Yes,No,Yes,Two year,No,Bank transfer (automatic),95.04,5412.51,No
C04731,Male,0,No,Yes,71,Yes,Yes,Fiber optic,Yes,No,Yes,No,No,No,Month-to-month,No,Electronic check,61.14,4270.76,No
C04732,Male,0,Yes,No,1,Yes,No,DSL,No,Yes,No,Yes,No,No,Two year,No,Electronic check,49.19,18.0,No
C04733,Female,1,No,No,43,Yes,No,DSL,No,Yes,No,No,No,Yes,Two year,No,Bank transfer (automatic),27.11,1268.91,No
C04734,Male,0,Yes,Yes,25,Yes,Yes,Fiber optic,No,Yes,No,No,Yes,Yes,Two year,No,Bank transfer (automatic),95.52,2129.56,No
C04735,Male,0,No,No,27,Yes,No,Fiber optic,Yes,Yes,Yes,Yes,No,Yes,One year,Yes,Bank transfer (automatic),70.38,1566.6,No
C04736,Male,0,Yes,No,20,Yes,No,Fiber optic,No,No,Yes,No,Yes,Yes,Month-to-month,Yes,Mailed check,66.32,1582.72,No
C04737,Male,0,No,No,43,No,No phone service,Fiber optic,No,No,No,No,Yes,Yes,Month-to-month,Yes,Electronic check,88.46,3541.27,Yes
C04738,Male,0,No,Yes,72,Yes,No,Fiber optic,No,No,Yes,No,No,No,Month-to-month,No,Mailed check,69.33,4678.2,No
C04739,Female,0,No,No,39,Yes,No,Fiber optic,No,No,No,No,No,No,Month-to-month,Yes,Electronic check,82.64,3390.13,Yes
C04740,Male,0,Yes,Yes,36,No,No phone service,Fiber optic,No,No,No,No,Yes,No,Two year,No,Electronic check,75.09,2506.11,No
C04741,Female,1,No,Yes,34,Yes,No,Fiber optic,Yes,Yes,Yes,No,No,Yes,Month-to-month,Yes,Electronic check,76.81,2660.42,Yes
C04742,Female,0,Yes,No,38,Yes,No,DSL,Yes,Yes,Yes,No,Yes,No,Month-to-month,No,Electronic check,83.2,3059.87,No
C04743,Male,0,Yes,No,13,Yes,No,No,No internet service,No internet service,No internet service,No internet service,No internet service,No internet service,One year,Yes,Electronic check,22.84,296.64,No
C04744,Female,0,Yes,Yes,12,Yes,No,DSL,No,Yes,No,Yes,No,No,Two year,Yes,Electronic check,53.5,701.25,No
C04745,Male,0,Yes,No,49,Yes,Yes,No,No internet service,No internet service,No internet service,No internet service,No internet service,No internet service,Month-to-month,Yes,Mailed check,18.0,645.48,No
C04746,Female,0,No,Yes,1,No,No phone service,Fiber optic,Yes,No,No,Yes,No,No,Month-to-month,Yes,Credit card (automatic),45.07,159.64,Yes
C04747,Female,0,Yes,No,45,Yes,No,Fiber optic,No,No,Yes,No,No,No,Month-to-month,Yes,Credit card (automatic),68.3,3384.68,No
C04748,Male,0,No,Yes,53,Yes,No,DSL,Yes,No,No,No,Yes,No,Month-to-month,Yes,Mailed check,32.58,1626.02,No
C04749,Male,0,Yes,No,23,Yes,No,Fiber optic,No,No,No,No,Yes,No,Two year,No,Bank transfer (automatic),57.95,1387.29,No
C04750,Male,0,Yes,No,72,Yes,Yes,No,No internet service,No internet service,No internet service,No internet service,No internet service,No internet service,Month-to-month,Yes,Electronic check,18.0,1088.73,No
C04751,Male,0,No,No,20,Yes,No,DSL,No,No,No,Yes,No,No,Month-to-month,Yes,Mailed check,72.52,1498.35,Yes
C04752,Male,1,Yes,No,6,Yes,Yes,Fiber optic,Yes,Yes,No,No,No,Yes,Month-to-month,Yes,Credit card (automatic),77.63,476.35,Yes
C04753,Female,0,Yes,No,14,No,No phone service,Fiber optic,No,No,No,No,Yes,No,Month-to-month,Yes,Electronic check,86.53,1227.68,Yes
C04754,Female,0,Yes,No,72,No,No phone service,DSL,Yes,Yes,No,Yes,No,No,Month-to-month,Yes,Bank transfer (automatic),75.08,5430.74,No
C04755,Female,0,No,Yes,72,Yes,Yes,Fiber optic,No,Yes,No,Yes,No,No,Two year,Yes,Mailed check,60.21,4241.89,No
C04756,Female,0,No,Yes,17,Yes,Yes,No,No internet service,No internet service,No internet service,No internet service,No internet service,No internet service,Month-to-month,No,Electronic check,42.78,887.97,Yes
C04757,Female,0,Yes,No,5,Yes,No,DSL,No,Yes,No,Yes,Yes,No,Month-to-month,Yes,Electronic check,22.09,51.09,No
C04758,Female,0,Yes,Yes,10,Yes,Yes,Fiber optic,No,No,No,No,Yes,No,One year,Yes,Credit card (automatic),89.39,1040.48,Yes
C04759,Female,0,No,No,25,Yes,Yes,DSL,Yes,No,No,No,Yes,Yes,Month-to-month,No,Electronic check,39.23,959.5,No
C04760,Male,0,No,No,27,Yes,No,No,No internet service,No internet service,No internet service,No internet service,No internet service,No internet service,Month-to-month,No,Credit card (automatic),18.84,454.23,No
C04761,Male,0,Yes,No,31,Yes,Yes,Fiber optic,Yes,No,No,No,No,Yes,One year,Yes,Mailed check,89.82,2871.06,No
C04762,Female,0,No,No,57,Yes,Yes,No,No internet service,No internet service,No internet service,No internet service,No internet service,No internet service,Month-to-month,Yes,Credit card (automatic),25.38,1293.7,No
C04763,Female,0,Yes,Yes,39,Yes,No,DSL,Yes,No,Yes,No,No,Yes,Month-to-month,No,Credit card (automatic),52.63,2099.06,No
C04764,Male,0,Yes,Yes,9,Yes,Yes,No,No internet service,No internet service,No internet service,No internet service,No internet service,No internet service,Two year,Yes,Electronic check,18.0,18.0,No
C04765,Male,1,Yes,Yes,16,Yes,Yes,Fiber optic,No,Yes,No,No,Yes,No,One year,Yes,Credit card (automatic),74.84,1241.48,No
C04766,Male,0,No,Yes,58,Yes,Yes,DSL,No,No,No,No,Yes,No,Two year,Yes,Mailed check,44.56,2388.99,No
C04767,Male,1,Yes,No,32,Yes,Yes,Fiber optic,No,No,No,Yes,Yes,No,Month-to-month,Yes,Credit card (automatic),65.55,2366.57,Yes
C04768,Female,0,No,No,5,Yes,No,Fiber optic,Yes,Yes,No,Yes,No,No,One year,Yes,Credit card (automatic),73.78,760.33,No
C04769,Male,0,Yes,No,12,Yes,No,No,No internet service,No internet service,No internet service,No internet service,No internet service,No internet service,Two year,No,Electronic check,18.0,230.9,No
C04770,Female,0,Yes,No,50,Yes,Yes,DSL,Yes,No,No,No,No,Yes,One year,No,Bank transfer (automatic),59.29,2921.93,No
C04771,Female,0,No,Yes,6,Yes,No,No,No internet service,No internet service,No internet service,No internet service,No internet service,No internet service,Month-to-month,Yes,Electronic check,28.85,208.41,Yes
C04772,Female,0,Yes,Yes,37,Yes,Yes,Fiber optic,No,No,No,No,Yes,Yes,Month-to-month,No,Bank transfer (automatic),67.47,2537.9,No
C04773,Male,0,Yes,No,26,Yes,No,Fiber optic,Yes,No,Yes,Yes,No,No,Month-to-month,Yes,Mailed check,57.2,1226.01,No
C04774,Male,0,Yes,Yes,5,Yes,No,DSL,No,No,No,Yes,Yes,No,Month-to-month,Yes,Electronic check,42.17,18.0,Yes
C04775,Female,1,Yes,No,37,Yes,Yes,Fiber optic,No,No,No,No,No,No,Two year,No,Electronic check,61.69,2001.22,Yes
C04776,Female,0,Yes,No,4,Yes,Yes,No,No internet service,No internet service,No internet service,No internet service,No internet service,No internet service,Month-to-month,Yes,Electronic check,40.43,18.0,Yes
C04777,Female,0,Yes,No,16,Yes,No,No,No internet service,No internet service,No internet service,No internet service,No internet service,No internet service,Two year,Yes,Credit card (automatic),19.3,58.65,No
C04778,Male,0,Yes,No,11,Yes,No,Fiber optic,No,No,Yes,Yes,No,No,Month-to-month,No,Bank transfer (automatic),82.21,775.94,No
C04779,Female,0,Yes,Yes,37,Yes,No,No,No internet service,No internet service,No internet service,No internet service,No internet service,No internet service,Two year,No,Electronic check,22.34,890.27,No
C04780,Male,0,No,No,48,Yes,No,No,No internet service,No internet service,No internet service,No internet service,No internet service,No internet service,Month-to-month,No,Mailed check,18.0,958.56,No
C04781,Female,0,Yes,No,5,Yes,No,No,No internet service,No internet service,No internet service,No internet service,No internet service,No internet service,One year,Yes,Bank transfer (automatic),38.47,228.94,No
C04782,Female,0,Yes,Yes,53,Yes,Yes,Fiber optic,Yes,Yes,No,No,No,Yes,Two year,No,Credit card (automatic),46.03,2087.93,No
C04783,Female,0,No,No,1,Yes,No,No,No internet service,No internet service,No internet service,No internet service,No internet service,No internet service,Month-to-month,No,Bank transfer (automatic),28.77,127.97,No
C04784,Male,0,No,Yes,24,No,No phone service,DSL,Yes,No,No,Yes,Yes,No,One year,Yes,Electronic check,49.29,992.66,No
C04785,Male,1,Yes,No,23,Yes,No,Fiber optic,No,No,No,No,No,Yes,Month-to-month,No,Credit card (automatic),78.68,1917.24,Yes
C04786,Female,0,Yes,No,31,Yes,Yes,DSL,Yes,Yes,Yes,No,No,No,Month-to-month,Yes,Mailed check,41.27,1169.63,No
C04787,Male,0,No,Yes,8,Yes,Yes,DSL,Yes,Yes,Yes,No,Yes,No,Month-to-month,No,Bank transfer (automatic),18.0,279.94,Yes
C04788,Female,0,Yes,Yes,1,Yes,No,Fiber optic,Yes,No,No,No,No,Yes,Month-to-month,Yes,Electronic check,71.18,188.58,Yes
C04789,Male,1,No,Yes,19,No,No phone service,No,No internet service,No internet service,No internet service,No internet service,No internet service,No internet service,One year,Yes,Bank transfer (automatic),24.14,330.66,No
C04790,Male,0,No,Yes,2,Yes,No,DSL,No,Yes,No,Yes,No,Yes,Month-to-month,Yes,Mailed check,61.32,153.72,Yes
C04791,Male,1,No,Yes,71,Yes,No,DSL,No,Yes,Yes,No,Yes,No,Two year,No,Electronic check,45.72,3073.51,No
C04792,Female,1,Yes,Yes,6,Yes,No,DSL,No,Yes,No,No,No,No,Month-to-month,Yes,Credit card (automatic),31.91,142.35,Yes
C04793,Male,1,No,Yes,17,Yes,Yes,Fiber optic,Yes,No,No,No,No,No,Month-to-month,No,Bank transfer (automatic),82.96,1594.73,Yes
C04794,Male,0,No,No,18,Yes,No,DSL,No,Yes,No,No,Yes,Yes,Month-to-month,Yes,Electronic check,34.77,586.22,Yes
C04795,Female,0,No,No,25,Yes,No,DSL,Yes,No,No,Yes,Yes,No,Month-to-month,No,Bank transfer (automatic),47.66,1011.68,No
C04796,Female,0,Yes,No,48,Yes,Yes,DSL,Yes,No,No,Yes,Yes,Yes,One year,Yes,Credit card (automatic),35.51,1352.46,No
C04797,Female,0,No,Yes,20,Yes,Yes,DSL,No,No,No,No,Yes,Yes,One year,Yes,Mailed check,51.03,861.11,No
C04798,Female,0,No,Yes,1,Yes,Yes,Fiber optic,Yes,Yes,No,Yes,Yes,No,One year,Yes,Mailed check,79.08,234.04,No
C04799,Male,0,No,No,47,Yes,No,DSL,Yes,No,No,No,No,No,Two year,Yes,Bank transfer (automatic),41.32,1631.82,No
C04800,Male,0,No,No,2,Yes,No,Fiber optic,No,No,No,No,No,Yes,Month-to-month,Yes,Mailed check,94.6,162.78,Yes
C04801,Male,0,Yes,No,32,Yes,No,Fiber optic,Yes,Yes,No,No,No,No,Month-to-month,No,Mailed check,88.39,2821.72,No
C04802,Male,0,No,Yes,52,Yes,No,DSL,Yes,Yes,No,No,No,No,Month-to-month,Yes,Mailed check,51.99,2659.44,No
C04803,Male,0,Yes,No,10,Yes,Yes,Fiber optic,Yes,No,No,No,Yes,No,One year,Yes,Electronic check,59.94,453.21,No
C04804,Female,0,No,No,19,Yes,No,DSL,Yes,Yes,No,No,Yes,Yes,Two year,No,Electronic check,57.51,1115.55,No
C04805,Male,0,Yes,No,1,Yes,No,No,No internet service,No internet service,No internet service,No internet service,No internet service,No internet service,Two year,Yes,Mailed check,23.86,18.0,No
C04806,Male,0,Yes,No,52,Yes,No,No,No internet service,No internet service,No internet service,No internet service,No internet service,No internet service,Two year,Yes,Electronic check,18.0,1391.7,No
C04807,Male,1,No,No,38,Yes,Yes,Fiber optic,Yes,No,Yes,Yes,No,No,One year,No,Bank transfer (automatic),90.45,3292.29,No
C04808,Female,0,Yes,No,8,No,No phone service,Fiber optic,Yes,Yes,No,No,No,Yes,One year,No,Credit card (automatic),70.82,630.31,No
C04809,Female,0,No,No,15,Yes,Yes,Fiber optic,No,No,No,No,Yes,No,Month-to-month,No,Mailed check,75.65,908.69,Yes
C04810,Male,0,No,Yes,38,Yes,Yes,Fiber optic,No,No,Yes,Yes,No,Yes,One year,Yes,Credit card (automatic),80.7,3231.29,No
C04811,Female,0,Yes,Yes,14,Yes,No,DSL,Yes,No,No,Yes,Yes,Yes,Month-to-month,Yes,Credit card (automatic),38.81,680.78,No
C04812,Female,0,Yes,No,5,Yes,No,Fiber optic,No,No,Yes,No,Yes,No,Month-to-month,No,Bank transfer (automatic),65.35,284.46,Yes
C04813,Female,0,No,Yes,23,Yes,No,Fiber optic,No,Yes,No,Yes,Yes,Yes,Month-to-month,No,Bank transfer (automatic),99.48,2055.43,Yes
C04814,Female,0,Yes,No,41,Yes,No,DSL,No,No,Yes,Yes,Yes,No,Month-to-month,No,Bank transfer (automatic),54.98,2269.63,No
C04815,Female,0,No,No,12,Yes,No,Fiber optic,No,No,No,Yes,No,Yes,Month-to-month,Yes,Electronic check,69.65,971.73,Yes
C04816,Female,0,No,No,4,Yes,Yes,Fiber optic,No,No,Yes,No,No,No,Two year,Yes,Bank transfer (automatic),47.36,259.45,Yes
C04817,Female,0,No,No,56,No,No phone service,Fiber optic,No,Yes,Yes,Yes,Yes,No,Two year,No,Mailed check,49.11,2738.46,No
C04818,Male,0,No,No,9,Yes,Yes,Fiber optic,Yes,No,No,No,No,Yes,One year,No,Electronic check,78.47,582.13,Yes
C04819,Male,0,No,No,23,Yes,Yes,No,No internet service,No internet service,No internet service,No internet service,No internet service,No internet service,Two year,Yes,Bank transfer (automatic),18.0,557.29,No
C04820,Female,0,No,No,37,Yes,Yes,DSL,No,Yes,No,Yes,No,Yes,Month-to-month,Yes,Credit card (automatic),50.95,1763.83,No
C04821,Male,0,No,No,12,Yes,No,DSL,No,No,No,No,Yes,Yes,Two year,Yes,Electronic check,46.54,296.74,No
C04822,Male,0,No,No,33,No,No phone service,Fiber optic,Yes,No,No,No,Yes,No,Two year,Yes,Electronic check,81.52,2901.47,No
C04823,Female,1,Yes,No,19,Yes,Yes,DSL,No,Yes,No,Yes,Yes,No,Month-to-month,Yes,Mailed check,53.31,773.88,Yes
C04824,Male,0,Yes,No,27,Yes,No,Fiber optic,No,No,No,No,Yes,No,Month-to-month,Yes,Electronic check,98.36,2775.82,Yes
C04825,Female,0,No,No,28,Yes,Yes,Fiber optic,Yes,No,Yes,No,No,No,One year,No,Electronic check,73.57,1854.59,No
C04826,Female,1,No,No,55,Yes,Yes,Fiber optic,No,Yes,Yes,No,No,Yes,Month-to-month,No,Mailed check,63.49,3473.25,Yes
C04827,Female,0,Yes,No,34,No,No phone service,DSL,Yes,No,No,Yes,Yes,Yes,Month-to-month,Yes,Mailed check,41.76,1676.71,No
C04828,Male,0,Yes,No,9,Yes,No,DSL,Yes,No,No,Yes,Yes,Yes,Two year,Yes,Bank transfer (automatic),43.31,468.04,No
C04829,Male,1,No,Yes,1,Yes,No,No,No internet service,No internet service,No internet service,No internet service,No internet service,No internet service,Month-to-month,No,Mailed check,18.0,222.75,Yes
C04830,Male,0,Yes,No,1,Yes,Yes,Fiber optic,No,Yes,Yes,No,No,Yes,One year,No,Electronic check,68.97,164.71,No
C04831,Male,0,Yes,No,72,Yes,No,DSL,Yes,Yes,Yes,No,Yes,No,Month-to-month,Yes,Electronic check,49.88,3356.02,No
C04832,Female,0,Yes,No,72,Yes,No,No,No internet service,No internet service,No internet service,No internet service,No internet service,No internet service,Month-to-month,Yes,Mailed check,18.0,1223.76,No
C04833,Female,0,No,No,3,Yes,Yes,DSL,Yes,Yes,No,No,Yes,No,Two year,Yes,Bank transfer (automatic),47.53,84.47,No
C04834,Male,0,No,No,21,No,No phone service,No,No internet service,No internet service,No internet service,No internet service,No internet service,No internet service,Month-to-month,No,Bank transfer (automatic),18.0,616.41,No
C04835,Female,1,Yes,No,5,Yes,No,No,No internet service,No internet service,No internet service,No internet service,No internet service,No internet service,Month-to-month,Yes,Mailed check,22.94,496.49,No
C04836,Female,0,Yes,No,72,Yes,Yes,No,No internet service,No internet service,No internet service,No internet service,No internet service,No internet service,One year,Yes,Electronic check,18.0,1341.36,No
C04837,Male,0,No,Yes,9,Yes,Yes,Fiber optic,No,No,Yes,No,Yes,Yes,Month-to-month,Yes,Mailed check,84.08,620.97,Yes
C04838,Female,1,No,No,22,Yes,No,Fiber optic,No,No,No,No,No,Yes,Month-to-month,No,Bank transfer (automatic),61.36,1189.95,Yes
C04839,Male,1,No,Yes,5,Yes,Yes,DSL,No,No,Yes,No,No,Yes,One year,Yes,Credit card (automatic),62.89,590.28,No
C04840,Female,0,Yes,No,12,No,No phone service,Fiber optic,No,No,No,Yes,Yes,No,One year,Yes,Electronic check,56.91,765.02,No
C04841,Male,0,Yes,Yes,9,Yes,No,Fiber optic,No,No,No,No,No,No,One year,No,Bank transfer (automatic),42.88,256.9,No
C04842,Female,0,No,No,20,Yes,Yes,DSL,No,No,Yes,Yes,No,Yes,One year,No,Bank transfer (automatic),44.4,969.89,No
C04843,Female,0,Yes,Yes,17,Yes,No,Fiber optic,Yes,Yes,No,No,Yes,Yes,Two year,Yes,Electronic check,81.4,1680.52,No
C04844,Male,0,No,No,12,Yes,Yes,No,No internet service,No internet service,No internet service,No internet service,No internet service,No internet service,Month-to-month,No,Mailed check,20.91,160.34,No
C04845,Male,1,Yes,No,3,Yes,Yes,Fiber optic,No,No,No,No,No,Yes,Month-to-month,Yes,Bank transfer (automatic),100.42,48.05,Yes
C04846,Male,1,Yes,No,21,No,No phone service,DSL,No,Yes,Yes,No,No,No,Two year,No,Credit card (automatic),31.31,500.78,No
C04847,Male,0,Yes,No,60,Yes,No,DSL,Yes,No,No,No,No,No,One year,No,Bank transfer (automatic),57.16,3461.7,No
C04848,Female,0,No,No,41,Yes,No,Fiber optic,No,Yes,No,Yes,No,No,Two year,Yes,Credit card (automatic),86.09,3370.32,No
C04849,Female,0,Yes,Yes,40,Yes,No,Fiber optic,No,No,No,No,No,Yes,Month-to-month,No,Credit card (automatic),80.45,3095.3,No
C04850,Male,0,Yes,Yes,14,Yes,No,DSL,No,No,No,No,No,No,Month-to-month,No,Mailed check,33.11,195.01,No
C04851,Female,0,Yes,Yes,39,Yes,No,Fiber optic,Yes,No,No,No,Yes,No,Month-to-month,No,Credit card (automatic),74.42,2541.01,No
C04852,Male,0,Yes,No,20,Yes,No,Fiber optic,No,No,Yes,No,Yes,Yes,Month-to-month,No,Electronic check,74.3,1390.83,Yes
C04853,Male,0,Yes,Yes,5,Yes,Yes,Fiber optic,No,No,No,No,Yes,No,Month-to-month,Yes,Bank transfer (automatic),55.96,586.4,Yes
C04854,Female,0,Yes,Yes,17,Yes,No,No,No internet service,No internet service,No internet service,No internet service,No internet service,No internet service,One year,Yes,Electronic check,18.0,18.0,No
C04855,Female,0,Yes,No,4,Yes,No,Fiber optic,No,No,No,No,No,Yes,Two year,Yes,Credit card (automatic),81.09,401.62,No
C04856,Male,0,No,Yes,3,Yes,Yes,DSL,No,Yes,Yes,Yes,No,No,Month-to-month,Yes,Bank transfer (automatic),55.03,18.0,No
C04857,Male,0,No,Yes,1,Yes,Yes,No,No internet service,No internet service,No internet service,No internet service,No internet service,No internet service,Month-to-month,No,Bank transfer (automatic),18.0,18.0,Yes
C04858,Male,0,Yes,No,10,Yes,No,DSL,Yes,Yes,Yes,Yes,No,No,One year,Yes,Bank transfer (automatic),53.09,730.03,No
C04859,Female,0,Yes,No,12,No,No phone service,No,No internet service,No internet service,No internet service,No internet service,No internet service,No internet service,Month-to-month,Yes,Mailed check,34.07,305.24,No
C04860,Female,0,No,No,38,No,No phone service,No,No internet service,No internet service,No internet service,No internet service,No internet service,No internet service,One year,Yes,Mailed check,55.9,1825.67,No
C04861,Female,0,Yes,Yes,24,Yes,No,No,No internet service,No internet service,No internet service,No internet service,No internet service,No internet service,Two year,Yes,Electronic check,33.51,777.95,No
C04862,Female,0,Yes,No,62,Yes,No,No,No internet service,No internet service,No internet service,No internet service,No internet service,No internet service,One year,Yes,Credit card (automatic),26.28,1757.86,No
C04863,Male,0,No,Yes,6,Yes,Yes,DSL,No,No,Yes,No,No,No,Month-to-month,Yes,Electronic check,30.46,94.4,Yes
C04864,Male,0,No,No,9,Yes,Yes,DSL,No,No,Yes,No,No,No,One year,No,Credit card (automatic),34.15,184.65,No
C04865,Male,0,Yes,No,72,Yes,No,DSL,Yes,No,No,No,No,No,Month-to-month,No,Bank transfer (automatic),27.55,2079.09,No
C04866,Male,0,Yes,No,18,Yes,Yes,No,No internet service,No internet service,No internet service,No internet service,No internet service,No internet service,Month-to-month,Yes,Mailed check,22.55,816.03,No
C04867,Male,0,No,No,49,Yes,Yes,DSL,No,No,No,Yes,No,Yes,Two year,Yes,Bank transfer (automatic),36.73,1536.41,No
C04868,Male,1,Yes,No,21,Yes,Yes,Fiber optic,No,No,No,No,Yes,No,One year,No,Credit card (automatic),90.68,2316.27,Yes
C04869,Female,0,No,No,20,No,No phone service,DSL,Yes,No,No,No,No,No,Two year,Yes,Electronic check,50.12,918.8,No
C04870,Female,1,Yes,No,5,Yes,Yes,Fiber optic,No,Yes,Yes,Yes,No,Yes,Two year,No,Electronic check,100.81,561.42,Yes
C04871,Male,0,Yes,No,60,Yes,Yes,DSL,Yes,Yes,No,No,No,No,Month-to-month,Yes,Credit card (automatic),42.86,2915.3,No
C04872,Male,0,No,Yes,2,Yes,Yes,Fiber optic,No,No,No,Yes,No,Yes,Month-to-month,Yes,Mailed check,68.36,65.08,Yes
C04873,Female,0,No,No,11,No,No phone service,No,No internet service,No internet service,No internet service,No internet service,No internet service,No internet service,Month-to-month,No,Bank transfer (automatic),28.43,18.0,Yes
C04874,Female,0,No,Yes,35,No,No phone service,Fiber optic,Yes,No,Yes,No,No,No,Month-to-month,Yes,Electronic check,78.92,2517.17,Yes
C04875,Female,0,Yes,No,22,Yes,Yes,DSL,No,Yes,Yes,Yes,Yes,Yes,One year,No,Mailed check,18.0,302.71,No
C04876,Female,0,No,No,68,Yes,Yes,No,No internet service,No internet service,No internet service,No internet service,No internet service,No internet service,Two year,Yes,Credit card (automatic),18.0,1220.37,No
C04877,Male,0,No,No,1,Yes,Yes,DSL,No,Yes,No,Yes,No,No,One year,No,Mailed check,48.75,207.75,No
C04878,Male,0,No,No,33,Yes,Yes,Fiber optic,Yes,No,Yes,No,No,No,Month-to-month,No,Credit card (automatic),61.54,2201.34,No
C04879,Male,0,No,No,20,Yes,No,Fiber optic,Yes,Yes,No,No,No,No,One year,No,Electronic check,49.68,961.05,No
C04880,Male,1,Yes,Yes,5,Yes,No,Fiber optic,Yes,Yes,No,Yes,Yes,No,Month-to-month,Yes,Mailed check,73.65,398.51,No
C04881,Male,1,Yes,No,43,Yes,No,Fiber optic,No,No,Yes,Yes,Yes,No,Month-to-month,Yes,Credit card (automatic),74.13,3318.63,Yes
C04882,Female,0,No,No,16,Yes,No,Fiber optic,No,Yes,No,No,No,Yes,Month-to-month,Yes,Mailed check,67.38,1228.48,No
C04883,Male,0,No,No,24,Yes,No,DSL,Yes,No,Yes,Yes,No,No,Month-to-month,Yes,Electronic check,43.81,964.21,No
C04884,Female,1,Yes,No,72,Yes,Yes,Fiber optic,Yes,No,No,No,Yes,No,Two year,No,Electronic check,57.62,4385.87,No
C04885,Male,0,Yes,Yes,21,Yes,No,DSL,No,Yes,Yes,No,No,No,Month-to-month,No,Mailed check,41.75,991.94,No
C04886,Male,0,No,No,55,Yes,No,Fiber optic,No,Yes,Yes,Yes,No,Yes,Month-to-month,Yes,Bank transfer (automatic),81.93,4768.19,Yes
C04887,Male,0,No,No,46,Yes,Yes,Fiber optic,No,Yes,Yes,No,No,No,Two year,Yes,Electronic check,57.53,2289.11,No
C04888,Male,0,No,Yes,34,Yes,No,No,No internet service,No internet service,No internet service,No internet service,No internet service,No internet service,Month-to-month,Yes,Bank transfer (automatic),18.78,604.88,No
C04889,Male,0,Yes,No,72,Yes,No,Fiber optic,Yes,No,Yes,No,No,No,One year,Yes,Electronic check,60.43,4381.69,No
C04890,Female,1,No,No,9,Yes,No,No,No internet service,No internet service,No internet service,No internet service,No internet service,No internet service,Two year,Yes,Electronic check,18.0,224.24,No
C04891,Female,0,Yes,Yes,55,Yes,No,Fiber optic,No,No,No,No,No,No,Month-to-month,No,Electronic check,49.68,2321.6,Yes
C04892,Female,0,Yes,No,15,Yes,Yes,Fiber optic,No,Yes,No,No,No,Yes,Month-to-month,Yes,Mailed check,72.74,858.69,Yes
C04893,Male,1,Yes,Yes,53,Yes,Yes,Fiber optic,No,No,No,No,No,Yes,Two year,Yes,Bank transfer (automatic),73.33,3681.55,No
C04894,Male,1,No,Yes,21,Yes,Yes,Fiber optic,Yes,No,No,No,No,Yes,One year,Yes,Electronic check,53.05,1431.34,No
C04895,Female,0,No,No,62,No,No phone service,Fiber optic,Yes,No,No,Yes,Yes,No,Month-to-month,Yes,Bank transfer (automatic),65.62,4093.33,No
C04896,Male,0,No,No,72,No,No phone service,No,No internet service,No internet service,No internet service,No internet service,No internet service,No internet service,One year,No,Bank transfer (automatic),19.79,1116.41,No
C04897,Male,0,Yes,Yes,29,No,No phone service,Fiber optic,No,No,No,No,Yes,No,Two year,Yes,Credit card (automatic),78.68,2116.75,No
C04898,Female,0,No,No,22,Yes,No,DSL,Yes,No,Yes,No,No,Yes,Two year,No,Electronic check,38.42,582.45,No
C04899,Male,0,No,Yes,48,Yes,Yes,DSL,Yes,No,No,Yes,No,No,Two year,Yes,Electronic check,35.81,1946.45,No
C04900,Female,0,No,No,9,Yes,Yes,Fiber optic,No,Yes,No,Yes,Yes,No,One year,No,Bank transfer (automatic),62.71,671.8,No
C04901,Male,1,No,No,1,Yes,No,DSL,Yes,No,No,No,No,Yes,Two year,Yes,Mailed check,53.38,31.54,No
C04902,Female,0,Yes,No,16,Yes,No,No,No internet service,No internet service,No internet service,No internet service,No internet service,No internet service,Month-to-month,No,Bank transfer (automatic),18.0,142.84,No
C04903,Male,0,No,Yes,22,Yes,No,DSL,No,No,Yes,No,No,No,Month-to-month,Yes,Electronic check,36.19,737.59,Yes
C04904,Male,0,No,No,11,Yes,No,DSL,No,Yes,No,No,Yes,No,Two year,Yes,Electronic check,35.47,441.77,No
C04905,Female,0,No,Yes,15,Yes,Yes,Fiber optic,No,No,No,No,Yes,No,Two year,Yes,Bank transfer (automatic),91.88,1486.38,Yes
C04906,Male,0,No,No,4,Yes,No,DSL,No,Yes,No,No,No,No,Month-to-month,No,Electronic check,53.9,785.45,Yes
C04907,Male,1,Yes,No,10,Yes,No,No,No internet service,No internet service,No internet service,No internet service,No internet service,No internet service,Two year,No,Credit card (automatic),20.53,427.83,No
C04908,Female,0,No,Yes,8,Yes,Yes,No,No internet service,No internet service,No internet service,No internet service,No internet service,No internet service,Month-to-month,Yes,Bank transfer (automatic),22.09,147.15,No
C04909,Male,0,No,No,11,Yes,Yes,Fiber optic,No,Yes,No,Yes,Yes,Yes,Month-to-month,Yes,Credit card (automatic),78.59,556.47,Yes
C04910,Female,0,Yes,Yes,11,No,No phone service,No,No internet service,No internet service,No internet service,No internet service,No internet service,No internet service,Month-to-month,Yes,Bank transfer (automatic),18.0,270.92,No
C04911,Male,0,No,No,26,Yes,Yes,DSL,No,No,No,No,No,Yes,Month-to-month,Yes,Bank transfer (automatic),26.72,797.2,No
C04912,Male,0,Yes,Yes,9,Yes,No,DSL,No,No,No,No,Yes,No,Two year,Yes,Mailed check,38.09,270.62,No
C04913,Male,0,Yes,No,72,Yes,No,No,No internet service,No internet service,No internet service,No internet service,No internet service,No internet service,Month-to-month,No,Credit card (automatic),18.98,1575.31,No
C04914,Male,0,No,No,22,Yes,Yes,DSL,No,Yes,No,Yes,No,No,Month-to-month,Yes,Electronic check,27.71,606.41,No
C04915,Female,0,No,No,4,Yes,Yes,Fiber optic,No,No,Yes,No,No,Yes,Month-to-month,Yes,Electronic check,86.87,252.55,Yes
C04916,Male,0,Yes,Yes,10,No,No phone service,Fiber optic,No,No,No,Yes,Yes,No,Month-to-month,Yes,Credit card (automatic),86.66,1249.74,Yes
C04917,Female,0,Yes,Yes,41,Yes,No,DSL,Yes,No,Yes,Yes,Yes,No,Two year,No,Mailed check,35.21,1418.11,No
C04918,Male,0,Yes,Yes,1,Yes,Yes,Fiber optic,Yes,Yes,Yes,No,No,No,Month-to-month,Yes,Mailed check,80.2,220.93,Yes
C04919,Male,0,Yes,Yes,72,Yes,No,Fiber optic,Yes,No,Yes,Yes,Yes,Yes,Month-to-month,Yes,Electronic check,83.25,5856.69,No
C04920,Male,0,Yes,Yes,18,Yes,No,Fiber optic,No,No,No,No,No,No,One year,Yes,Credit card (automatic),52.88,825.34,No
C04921,Male,0,Yes,No,23,Yes,Yes,No,No internet service,No internet service,No internet service,No internet service,No internet service,No internet service,Month-to-month,Yes,Credit card (automatic),27.7,482.81,No
C04922,Female,0,Yes,No,72,Yes,No,Fiber optic,Yes,No,Yes,No,No,Yes,Two year,Yes,Credit card (automatic),103.96,7784.3,No
C04923,Female,0,No,No,22,Yes,No,DSL,Yes,No,Yes,No,No,No,Month-to-month,Yes,Bank transfer (automatic),59.9,924.83,No
C04924,Female,0,No,No,72,Yes,Yes,DSL,No,No,No,Yes,No,No,Two year,Yes,Electronic check,47.03,3915.96,No
C04925,Female,1,No,No,72,Yes,No,No,No internet service,No internet service,No internet service,No internet service,No internet service,No internet service,Month-to-month,Yes,Credit card (automatic),25.2,1612.87,No
C04926,Male,0,No,No,72,Yes,No,Fiber optic,Yes,No,Yes,No,Yes,Yes,Month-to-month,No,Credit card (automatic),71.1,4845.24,No
C04927,Female,0,Yes,No,53,Yes,Yes,DSL,Yes,No,No,No,No,Yes,Month-to-month,Yes,Electronic check,46.19,2216.07,No
C04928,Female,0,No,No,11,Yes,Yes,Fiber optic,No,Yes,No,No,No,No,Month-to-month,Yes,Bank transfer (automatic),59.64,812.65,Yes
C04929,Male,1,No,No,13,Yes,No,DSL,No,No,No,Yes,Yes,No,Month-to-month,Yes,Electronic check,64.82,846.21,Yes
C04930,Male,0,Yes,No,14,Yes,Yes,DSL,No,No,Yes,No,Yes,Yes,Month-to-month,Yes,Bank transfer (automatic),50.03,585.77,No
C04931,Male,0,Yes,No,72,Yes,No,Fiber optic,No,Yes,No,No,No,No,One year,Yes,Bank transfer (automatic),77.38,5357.54,No
C04932,Male,1,Yes,No,14,Yes,No,No,No internet service,No internet service,No internet service,No internet service,No internet service,No internet service,Month-to-month,No,Electronic check,18.0,314.64,Yes
C04933,Female,1,No,No,3,Yes,No,Fiber optic,No,Yes,Yes,No,No,No,Month-to-month,No,Electronic check,76.32,121.68,Yes
C04934,Female,0,Yes,No,48,Yes,No,No,No internet service,No internet service,No internet service,No internet service,No internet service,No internet service,Month-to-month,No,Mailed check,36.53,1428.47,No
C04935,Male,0,No,No,14,Yes,Yes,DSL,No,No,Yes,No,No,No,Two year,Yes,Bank transfer (automatic),27.25,335.56,No
C04936,Male,1,Yes,No,31,Yes,No,Fiber optic,Yes,No,Yes,No,No,Yes,One year,Yes,Bank transfer (automatic),76.35,2198.94,No
C04937,Male,0,Yes,No,72,Yes,No,DSL,Yes,No,No,No,Yes,No,Month-to-month,Yes,Electronic check,36.84,2838.69,No
C04938,Female,0,No,No,27,Yes,No,DSL,No,Yes,Yes,No,Yes,No,Two year,No,Electronic check,33.12,844.31,No
C04939,Female,0,No,Yes,32,Yes,No,Fiber optic,Yes,No,Yes,No,Yes,Yes,Month-to-month,No,Bank transfer (automatic),71.26,2351.08,Yes
C04940,Male,0,Yes,No,32,Yes,No,Fiber optic,No,No,No,No,No,No,Month-to-month,No,Electronic check,53.03,1704.39,Yes
C04941,Male,0,No,No,30,Yes,Yes,DSL,Yes,No,No,Yes,Yes,No,Month-to-month,Yes,Mailed check,37.29,961.38,No
C04942,Female,0,Yes,Yes,5,Yes,No,DSL,No,No,No,No,No,Yes,Month-to-month,Yes,Electronic check,39.65,230.35,Yes
C04943,Male,1,No,No,19,Yes,Yes,Fiber optic,No,Yes,No,No,No,Yes,One year,No,Mailed check,78.73,1210.94,No
C04944,Male,0,No,No,1,Yes,Yes,DSL,Yes,Yes,Yes,Yes,No,Yes,One year,No,Electronic check,64.21,352.03,No
C04945,Female,0,No,No,31,Yes,Yes,Fiber optic,No,Yes,No,No,Yes,No,Month-to-month,No,Credit card (automatic),82.49,2385.78,Yes
C04946,Male,0,Yes,No,27,Yes,Yes,No,No internet service,No internet service,No internet service,No internet service,No internet service,No internet service,Month-to-month,Yes,Electronic check,52.59,1696.98,No
C04947,Female,1,Yes,No,12,Yes,No,No,No internet service,No internet service,No internet service,No internet service,No internet service,No internet service,Month-to-month,Yes,Credit card (automatic),35.99,676.16,No
C04948,Male,0,No,No,23,Yes,Yes,DSL,No,No,Yes,Yes,Yes,No,Month-to-month,Yes,Mailed check,42.0,718.13,No
C04949,Male,0,Yes,No,21,Yes,No,No,No internet service,No internet service,No internet service,No internet service,No internet service,No internet service,Month-to-month,Yes,Electronic check,18.0,344.08,No
C04950,Female,0,No,No,9,Yes,No,Fiber optic,No,Yes,No,Yes,Yes,Yes,Month-to-month,No,Electronic check,83.38,744.12,Yes
C04951,Female,0,No,Yes,11,Yes,No,DSL,Yes,Yes,No,Yes,No,Yes,Two year,Yes,Credit card (automatic),36.97,458.03,No
C04952,Male,1,Yes,No,46,Yes,No,Fiber optic,No,No,Yes,No,Yes,No,Month-to-month,Yes,Electronic check,62.98,2628.05,Yes
C04953,Female,0,No,No,45,Yes,No,No,No internet service,No internet service,No internet service,No internet service,No internet service,No internet service,Month-to-month,No,Bank transfer (automatic),18.0,646.99,No
C04954,Male,0,Yes,No,20,Yes,Yes,DSL,Yes,Yes,No,Yes,No,No,Month-to-month,Yes,Electronic check,18.0,632.87,No
C04955,Male,0,No,Yes,40,Yes,No,DSL,No,No,No,No,Yes,No,One year,Yes,Credit card (automatic),45.95,1440.38,No
C04956,Female,0,No,Yes,19,Yes,Yes,Fiber optic,No,Yes,No,Yes,No,Yes,One year,Yes,Bank transfer (automatic),73.01,1239.97,Yes
C04957,Male,0,No,No,61,Yes,No,DSL,No,No,No,No,No,No,Month-to-month,No,Credit card (automatic),47.38,2678.74,No
C04958,Male,0,Yes,No,12,Yes,No,DSL,No,No,Yes,Yes,Yes,No,One year,No,Electronic check,64.93,773.01,No
C04959,Female,0,No,No,72,Yes,No,Fiber optic,Yes,Yes,No,No,Yes,No,Month-to-month,Yes,Bank transfer (automatic),34.64,2474.59,No
C04960,Female,0,No,No,25,Yes,Yes,Fiber optic,No,Yes,Yes,No,No,Yes,Two year,Yes,Credit card (automatic),88.6,2417.12,No
C04961,Male,0,Yes,Yes,24,Yes,No,Fiber optic,Yes,No,Yes,No,No,Yes,Month-to-month,No,Mailed check,78.88,2212.97,No
C04962,Female,0,Yes,No,35,Yes,Yes,Fiber optic,Yes,Yes,No,Yes,No,Yes,Month-to-month,Yes,Credit card (automatic),62.21,2191.7,No
C04963,Female,0,Yes,No,13,Yes,No,Fiber optic,Yes,No,No,No,No,Yes,One year,No,Mailed check,67.32,1026.94,No
C04964,Female,0,No,No,41,Yes,No,No,No internet service,No internet service,No internet service,No internet service,No internet service,No internet service,Month-to-month,No,Credit card (automatic),25.22,360.64,No
C04965,Female,0,No,No,12,Yes,Yes,Fiber optic,Yes,Yes,No,Yes,Yes,No,Two year,No,Electronic check,77.08,920.49,No
C04966,Male,0,No,No,16,Yes,No,Fiber optic,Yes,No,No,Yes,Yes,No,Month-to-month,Yes,Credit card (automatic),57.2,762.38,No
C04967,Male,1,No,Yes,35,Yes,Yes,Fiber optic,No,No,No,Yes,Yes,No,Two year,Yes,Bank transfer (automatic),69.9,2320.74,No
C04968,Male,0,Yes,No,15,Yes,No,No,No internet service,No internet service,No internet service,No internet service,No internet service,No internet service,Month-to-month,No,Credit card (automatic),18.0,18.0,No
C04969,Female,0,Yes,No,7,Yes,No,Fiber optic,No,Yes,Yes,Yes,No,No,Month-to-month,No,Electronic check,68.61,347.49,Yes
C04970,Female,1,Yes,No,65,Yes,Yes,No,No internet service,No internet service,No internet service,No internet service,No internet service,No internet service,Two year,Yes,Credit card (automatic),18.0,1194.93,No
C04971,Female,1,Yes,No,72,Yes,No,Fiber optic,Yes,No,Yes,Yes,No,No,One year,Yes,Mailed check,71.15,5084.0,No
C04972,Female,1,No,No,31,Yes,Yes,Fiber optic,Yes,No,Yes,Yes,No,Yes,Month-to-month,Yes,Mailed check,61.82,1757.92,Yes
C04973,Female,0,No,Yes,53,Yes,Yes,DSL,No,No,No,No,Yes,Yes,One year,No,Mailed check,50.23,2924.02,No
C04974,Female,0,No,No,72,Yes,No,No,No internet service,No internet service,No internet service,No internet service,No internet service,No internet service,Month-to-month,No,Credit card (automatic),18.0,1493.39,No
C04975,Female,0,Yes,No,30,Yes,Yes,DSL,Yes,Yes,No,No,No,No,Two year,Yes,Credit card (automatic),30.42,1031.34,No
C04976,Male,0,No,No,72,No,No phone service,Fiber optic,No,No,Yes,Yes,No,No,Month-to-month,No,Electronic check,82.17,5835.43,No
C04977,Male,0,No,Yes,14,Yes,No,Fiber optic,Yes,No,No,No,Yes,No,Month-to-month,No,Electronic check,82.39,1085.5,Yes
C04978,Female,1,No,No,38,Yes,Yes,No,No internet service,No internet service,No internet service,No internet service,No internet service,No internet service,Month-to-month,Yes,Mailed check,42.34,1290.41,Yes
C04979,Female,0,No,No,1,Yes,No,Fiber optic,No,No,No,Yes,Yes,No,One year,Yes,Credit card (automatic),59.42,160.57,Yes
C04980,Female,0,Yes,Yes,49,Yes,No,DSL,Yes,Yes,Yes,No,No,No,One year,No,Mailed check,18.0,914.11,No
C04981,Male,1,No,Yes,56,Yes,No,No,No internet service,No internet service,No internet service,No internet service,No internet service,No internet service,Two year,Yes,Electronic check,18.0,1053.04,No
C04982,Male,0,No,No,16,No,No phone service,Fiber optic,No,No,No,No,No,No,Month-to-month,No,Mailed check,62.29,1161.11,Yes
C04983,Female,0,No,No,32,Yes,No,DSL,No,No,No,No,Yes,No,Month-to-month,No,Mailed check,60.99,2098.18,Yes
C04984,Female,0,Yes,No,62,Yes,No,No,No internet service,No internet service,No internet service,No internet service,No internet service,No internet service,One year,Yes,Credit card (automatic),25.94,1675.66,No
C04985,Male,0,Yes,Yes,68,Yes,No,No,No internet service,No internet service,No internet service,No internet service,No internet service,No internet service,Two year,No,Credit card (automatic),26.88,1554.33,No
C04986,Male,0,Yes,No,3,Yes,No,Fiber optic,Yes,Yes,Yes,No,Yes,No,One year,Yes,Electronic check,40.1,228.8,No
C04987,Male,1,No,No,56,Yes,No,DSL,Yes,No,No,No,No,No,One year,No,Electronic check,55.46,3130.43,No
C04988,Male,1,No,No,10,Yes,No,No,No internet service,No internet service,No internet service,No internet service,No internet service,No internet service,One year,No,Mailed check,29.59,171.94,No
C04989,Female,1,Yes,Yes,41,Yes,No,DSL,Yes,No,No,Yes,Yes,No,Month-to-month,No,Mailed check,37.3,1680.97,No
C04990,Male,0,No,No,12,Yes,No,Fiber optic,No,Yes,No,No,No,No,Two year,No,Electronic check,54.93,860.64,Yes
C04991,Male,1,Yes,Yes,1,No,No phone service,Fiber optic,Yes,No,Yes,No,No,Yes,One year,Yes,Bank transfer (automatic),59.39,18.0,No
C04992,Female,0,Yes,Yes,7,Yes,Yes,No,No internet service,No internet service,No internet service,No internet service,No internet service,No internet service,Month-to-month,No,Electronic check,18.0,648.02,No
C04993,Male,0,No,No,16,Yes,Yes,No,No internet service,No internet service,No internet service,No internet service,No internet service,No internet service,One year,No,Mailed check,30.22,380.91,No
C04994,Male,0,No,No,43,Yes,No,No,No internet service,No internet service,No internet service,No internet service,No internet service,No internet service,Two year,No,Mailed check,21.98,989.92,No
C04995,Male,0,Yes,No,3,Yes,No,DSL,No,Yes,No,Yes,No,Yes,Two year,No,Credit card (automatic),51.26,18.0,No
C04996,Female,0,Yes,Yes,53,Yes,No,Fiber optic,No,No,Yes,Yes,No,No,Month-to-month,No,Electronic check,45.96,2463.17,No
C04997,Male,0,No,No,72,Yes,No,Fiber optic,No,No,Yes,No,Yes,Yes,Month-to-month,Yes,Credit card (automatic),91.35,6537.83,Yes
C04998,Female,0,Yes,No,49,Yes,Yes,DSL,Yes,Yes,Yes,Yes,No,Yes,Month-to-month,Yes,Electronic check,37.65,1854.9,No
C04999,Female,0,No,No,20,Yes,Yes,No,No internet service,No internet service,No internet service,No internet service,No internet service,No internet service,One year,Yes,Electronic check,18.0,371.31,No
C05000,Male,0,No,Yes,26,Yes,No,DSL,Yes,Yes,Yes,No,Yes,No,Month-to-month,No,Electronic check,36.3,1180.34,No
C05001,Male,0,Yes,Yes,1,Yes,Yes,Fiber optic,Yes,Yes,No,No,Yes,Yes,Month-to-month,Yes,Mailed check,71.69,239.94,Yes
C05002,Male,0,Yes,Yes,7,Yes,No,Fiber optic,No,No,No,Yes,Yes,No,Month-to-month,No,Mailed check,85.84,590.57,Yes
C05003,Male,0,No,No,72,Yes,Yes,No,No internet service,No internet service,No internet service,No internet service,No internet service,No internet service,Month-to-month,Yes,Mailed check,18.0,1134.29,No
C05004,Female,0,No,No,1,Yes,No,Fiber optic,Yes,Yes,No,No,Yes,Yes,Month-to-month,No,Bank transfer (automatic),67.91,18.0,Yes
C05005,Male,0,No,No,72,Yes,Yes,Fiber optic,No,No,No,No,Yes,Yes,One year,Yes,Credit card (automatic),82.61,5915.65,No
C05006,Male,0,Yes,No,3,Yes,Yes,Fiber optic,No,No,Yes,No,Yes,No,One year,Yes,Credit card (automatic),73.58,18.0,No
C05007,Male,0,No,No,4,Yes,Yes,Fiber optic,No,No,No,Yes,No,No,Month-to-month,No,Credit card (automatic),37.3,48.98,Yes
C05008,Female,1,Yes,No,6,Yes,No,DSL,No,Yes,No,No,No,Yes,Two year,Yes,Electronic check,35.14,294.92,No
C05009,Male,0,No,No,51,Yes,No,DSL,Yes,Yes,Yes,No,No,No,Two year,No,Bank transfer (automatic),57.1,2853.22,No
C05010,Male,0,No,Yes,20,Yes,Yes,Fiber optic,Yes,No,Yes,Yes,No,Yes,Month-to-month,Yes,Bank transfer (automatic),80.17,1329.47,Yes
C05011,Female,0,Yes,No,5,Yes,Yes,DSL,No,Yes,Yes,Yes,No,No,Two year,Yes,Mailed check,49.91,18.0,No
C05012,Female,0,No,No,37,Yes,No,DSL,No,No,No,No,No,No,Two year,Yes,Credit card (automatic),37.45,1449.99,No
C05013,Male,0,Yes,No,72,Yes,No,No,No internet service,No internet service,No internet service,No internet service,No internet service,No internet service,Month-to-month,Yes,Bank transfer (automatic),27.71,2007.8,No
C05014,Male,0,No,Yes,27,Yes,Yes,DSL,Yes,Yes,No,Yes,No,Yes,Month-to-month,No,Mailed check,29.2,1006.09,No
C05015,Male,0,Yes,Yes,3,Yes,No,DSL,No,Yes,No,Yes,No,Yes,Month-to-month,No,Mailed check,30.09,18.0,No
C05016,Male,1,No,No,1,No,No phone service,Fiber optic,No,No,Yes,No,Yes,No,Month-to-month,Yes,Mailed check,56.43,325.0,Yes
C05017,Male,0,Yes,Yes,50,Yes,No,Fiber optic,No,No,No,No,No,No,Month-to-month,Yes,Mailed check,27.9,1527.22,No
C05018,Female,0,No,No,31,Yes,Yes,Fiber optic,No,Yes,Yes,No,No,Yes,One year,Yes,Bank transfer (automatic),81.43,2358.61,No
C05019,Female,0,No,Yes,72,Yes,No,DSL,Yes,Yes,No,Yes,Yes,Yes,Month-to-month,No,Electronic check,38.09,2931.97,No
C05020,Male,0,No,Yes,25,Yes,Yes,Fiber optic,No,Yes,No,Yes,No,No,One year,Yes,Electronic check,70.38,1770.32,No
C05021,Male,1,No,Yes,2,Yes,No,DSL,Yes,No,No,No,Yes,Yes,Month-to-month,Yes,Electronic check,34.05,18.0,Yes
C05022,Female,0,Yes,Yes,16,Yes,No,Fiber optic,No,Yes,No,Yes,No,No,Month-to-month,No,Credit card (automatic),86.95,1272.85,No
C05023,Male,0,Yes,Yes,34,Yes,Yes,Fiber optic,No,No,No,No,No,No,Month-to-month,Yes,Mailed check,62.04,2467.87,No
C05024,Male,0,Yes,No,15,Yes,Yes,No,No internet service,No internet service,No internet service,No internet service,No internet service,No internet service,Month-to-month,No,Bank transfer (automatic),18.0,299.05,No
C05025,Male,0,No,No,72,Yes,Yes,DSL,Yes,Yes,Yes,No,No,No,Month-to-month,No,Electronic check,26.34,1607.47,No
C05026,Male,1,Yes,No,16,No,No phone service,Fiber optic,No,Yes,No,No,Yes,No,Month-to-month,No,Mailed check,65.95,1070.14,Yes
C05027,Male,0,Yes,Yes,25,Yes,No,No,No internet service,No internet service,No internet service,No internet service,No internet service,No internet service,Two year,Yes,Mailed check,27.72,1077.31,No
C05028,Female,1,Yes,No,8,No,No phone service,No,No internet service,No internet service,No internet service,No internet service,No internet service,No internet service,Month-to-month,Yes,Mailed check,49.97,309.59,No
C05029,Male,1,No,No,5,Yes,No,No,No internet service,No internet service,No internet service,No internet service,No internet service,No internet service,Month-to-month,No,Credit card (automatic),46.07,250.79,No
C05030,Male,0,Yes,Yes,33,Yes,Yes,DSL,No,No,No,No,No,Yes,Two year,Yes,Electronic check,53.44,1806.58,No
C05031,Male,0,Yes,No,28,Yes,Yes,Fiber optic,No,No,No,Yes,No,No,Month-to-month,No,Mailed check,49.58,1571.8,No
C05032,Female,0,Yes,Yes,1,Yes,Yes,DSL,No,Yes,No,Yes,No,Yes,Month-to-month,No,Credit card (automatic),45.93,76.06,No
C05033,Female,1,No,No,10,Yes,Yes,No,No internet service,No internet service,No internet service,No internet service,No internet service,No internet service,Two year,No,Bank transfer (automatic),18.0,304.44,No
C05034,Female,0,No,Yes,33,Yes,Yes,DSL,No,No,No,No,Yes,Yes,One year,Yes,Credit card (automatic),18.0,879.62,No
C05035,Female,0,Yes,No,53,Yes,No,No,No internet service,No internet service,No internet service,No internet service,No internet service,No internet service,Two year,Yes,Bank transfer (automatic),33.36,1660.72,No
C05036,Male,0,No,No,11,Yes,No,Fiber optic,No,No,No,Yes,No,No,Month-to-month,No,Electronic check,67.99,962.44,Yes
C05037,Female,0,Yes,No,33,Yes,No,No,No internet service,No internet service,No internet service,No internet service,No internet service,No internet service,Two year,Yes,Mailed check,18.0,831.06,No
C05038,Male,0,Yes,No,9,Yes,No,DSL,No,Yes,No,Yes,No,Yes,One year,Yes,Electronic check,40.87,145.58,No
C05039,Male,0,Yes,No,37,Yes,No,Fiber optic,Yes,No,No,Yes,No,Yes,Month-to-month,Yes,Mailed check,80.09,2813.68,No
C05040,Female,1,No,No,38,No,No phone service,DSL,No,No,Yes,No,Yes,No,One year,Yes,Bank transfer (automatic),39.46,1909.11,No
C05041,Female,0,No,No,4,Yes,No,Fiber optic,No,Yes,No,No,No,Yes,One year,Yes,Electronic check,53.81,246.26,Yes
C05042,Female,0,Yes,No,35,Yes,No,No,No internet service,No internet service,No internet service,No internet service,No internet service,No internet service,Two year,No,Bank transfer (automatic),37.35,1314.62,No
C05043,Female,0,No,No,12,Yes,No,Fiber optic,Yes,No,Yes,Yes,No,Yes,Month-to-month,Yes,Electronic check,50.83,500.74,Yes
C05044,Female,0,Yes,No,6,Yes,No,Fiber optic,Yes,No,No,No,No,No,Month-to-month,Yes,Electronic check,70.25,372.01,Yes
C05045,Male,0,No,Yes,22,Yes,No,DSL,No,No,No,Yes,No,No,Month-to-month,No,Mailed check,70.16,1537.21,Yes
C05046,Female,0,No,No,19,Yes,No,Fiber optic,Yes,No,Yes,Yes,No,Yes,Month-to-month,Yes,Mailed check,64.33,1244.33,No
C05047,Female,0,No,Yes,47,Yes,Yes,Fiber optic,No,No,Yes,No,No,No,Two year,Yes,Mailed check,49.26,1931.97,No
C05048,Female,1,No,No,2,Yes,No,Fiber optic,Yes,No,No,No,No,No,One year,Yes,Mailed check,83.39,52.99,Yes
C05049,Male,0,No,Yes,49,Yes,Yes,DSL,No,No,No,No,No,No,One year,No,Mailed check,43.54,1901.65,No
C05050,Female,0,No,No,3,Yes,Yes,Fiber optic,Yes,Yes,Yes,No,Yes,Yes,Two year,Yes,Bank transfer (automatic),26.11,18.0,No
C05051,Male,0,No,Yes,7,No,No phone service,Fiber optic,No,No,Yes,Yes,No,Yes,One year,No,Credit card (automatic),74.65,779.42,No
C05052,Female,0,Yes,Yes,23,No,No phone service,No,No internet service,No internet service,No internet service,No internet service,No internet service,No internet service,One year,Yes,Bank transfer (automatic),19.21,311.76,No
C05053,Female,1,Yes,Yes,19,Yes,No,Fiber optic,No,No,Yes,Yes,Yes,No,Month-to-month,No,Credit card (automatic),58.99,1472.34,No
C05054,Male,0,Yes,No,72,Yes,No,Fiber optic,No,Yes,Yes,No,No,Yes,Month-to-month,No,Mailed check,89.78,6313.1,No
C05055,Female,0,No,Yes,28,Yes,Yes,No,No internet service,No internet service,No internet service,No internet service,No internet service,No internet service,Two year,Yes,Bank transfer (automatic),18.0,758.66,No
C05056,Male,0,Yes,No,12,Yes,No,DSL,No,No,Yes,No,No,No,Month-to-month,No,Electronic check,52.82,890.94,Yes
C05057,Male,0,No,No,72,No,No phone service,DSL,No,Yes,No,No,Yes,Yes,Two year,Yes,Credit card (automatic),66.71,4948.47,No
C05058,Male,0,No,No,11,Yes,No,No,No internet service,No internet service,No internet service,No internet service,No internet service,No internet service,Month-to-month,Yes,Credit card (automatic),28.12,481.29,No
C05059,Female,0,No,Yes,10,Yes,No,Fiber optic,No,No,No,No,No,No,Month-to-month,No,Credit card (automatic),85.37,525.63,Yes
C05060,Female,0,Yes,No,21,Yes,No,DSL,No,No,No,Yes,No,Yes,Month-to-month,Yes,Electronic check,87.79,1740.87,Yes
C05061,Female,0,No,No,72,Yes,No,Fiber optic,No,No,Yes,No,No,Yes,Month-to-month,No,Credit card (automatic),68.32,4503.32,No
C05062,Male,0,Yes,Yes,39,Yes,Yes,Fiber optic,No,Yes,No,No,Yes,No,Two year,Yes,Mailed check,62.52,2538.25,No
C05063,Female,0,No,No,36,Yes,No,Fiber optic,Yes,Yes,No,No,No,No,Two year,Yes,Credit card (automatic),42.18,1417.46,No
C05064,Male,0,No,No,41,Yes,No,Fiber optic,No,Yes,No,No,No,Yes,Two year,Yes,Bank transfer (automatic),67.14,2400.11,No
C05065,Female,0,Yes,No,34,Yes,Yes,Fiber optic,Yes,Yes,Yes,Yes,Yes,Yes,Month-to-month,Yes,Credit card (automatic),68.06,2006.11,No
C05066,Male,0,No,Yes,45,Yes,No,No,No internet service,No internet service,No internet service,No internet service,No internet service,No internet service,Two year,No,Bank transfer (automatic),18.0,804.03,No
C05067,Male,0,Yes,No,6,Yes,No,DSL,Yes,No,No,Yes,No,Yes,Month-to-month,Yes,Electronic check,58.77,260.52,No
C05068,Male,0,No,No,6,Yes,Yes,Fiber optic,No,No,No,No,Yes,No,Two year,Yes,Bank transfer (automatic),69.5,491.24,Yes
C05069,Female,0,Yes,Yes,14,Yes,No,Fiber optic,Yes,Yes,No,Yes,Yes,Yes,One year,Yes,Electronic check,66.66,832.41,Yes
C05070,Male,0,No,No,60,No,No phone service,DSL,Yes,No,Yes,No,No,No,One year,Yes,Electronic check,32.58,2051.16,No
C05071,Male,0,Yes,No,40,Yes,Yes,No,No internet service,No internet service,No internet service,No internet service,No internet service,No internet service,Two year,No,Electronic check,18.0,492.91,No
C05072,Male,0,No,No,26,Yes,No,Fiber optic,No,No,No,No,Yes,No,One year,Yes,Electronic check,76.4,2018.67,Yes
C05073,Male,0,Yes,No,1,No,No phone service,DSL,Yes,Yes,No,No,No,No,Month-to-month,Yes,Credit card (automatic),25.9,198.12,No
C05074,Male,1,Yes,No,8,Yes,No,Fiber optic,No,Yes,Yes,No,No,No,Month-to-month,No,Electronic check,78.2,858.79,Yes
C05075,Male,0,No,No,52,Yes,No,No,No internet service,No internet service,No internet service,No internet service,No internet service,No internet service,Month-to-month,Yes,Mailed check,45.14,2629.09,No
C05076,Female,0,Yes,No,8,No,No phone service,No,No internet service,No internet service,No internet service,No internet service,No internet service,No internet service,Month-to-month,Yes,Bank transfer (automatic),18.0,104.76,No
C05077,Female,0,No,No,41,Yes,No,Fiber optic,Yes,No,Yes,No,Yes,No,Two year,No,Electronic check,56.46,2040.28,No
C05078,Male,0,Yes,No,6,Yes,Yes,Fiber optic,Yes,No,Yes,No,Yes,Yes,Month-to-month,Yes,Electronic check,62.75,190.44,Yes
C05079,Female,0,Yes,No,29,Yes,No,Fiber optic,No,No,No,No,No,Yes,Two year,Yes,Credit card (automatic),73.56,2024.97,No
C05080,Female,0,No,No,31,Yes,Yes,DSL,No,No,No,No,Yes,Yes,Month-to-month,No,Electronic check,57.64,1438.63,Yes
C05081,Male,0,No,No,44,Yes,No,Fiber optic,Yes,Yes,No,No,Yes,Yes,Two year,No,Electronic check,76.53,3045.18,No
C05082,Male,1,No,No,18,Yes,No,No,No internet service,No internet service,No internet service,No internet service,No internet service,No internet service,Month-to-month,No,Credit card (automatic),25.34,347.88,No
C05083,Male,0,No,No,32,Yes,Yes,Fiber optic,No,Yes,No,Yes,No,Yes,Month-to-month,No,Bank transfer (automatic),90.63,2737.8,Yes
C05084,Female,0,Yes,No,21,Yes,Yes,Fiber optic,No,Yes,Yes,No,No,Yes,Month-to-month,No,Credit card (automatic),93.11,2208.62,Yes
C05085,Male,0,Yes,Yes,72,Yes,No,No,No internet service,No internet service,No internet service,No internet service,No internet service,No internet service,One year,Yes,Electronic check,22.64,1388.55,No
C05086,Female,0,Yes,No,23,Yes,No,DSL,No,Yes,No,No,No,Yes,Two year,No,Electronic check,49.4,1211.38,No
C05087,Male,0,No,No,7,Yes,Yes,DSL,No,Yes,Yes,No,Yes,Yes,Month-to-month,Yes,Mailed check,44.62,104.19,Yes
C05088,Female,0,No,No,35,No,No phone service,DSL,No,No,Yes,No,No,No,Two year,No,Bank transfer (automatic),70.06,2468.3,No
C05089,Male,0,Yes,Yes,25,Yes,No,Fiber optic,No,No,No,No,No,No,Month-to-month,No,Electronic check,65.72,1732.8,Yes
C05090,Male,0,Yes,No,52,Yes,No,No,No internet service,No internet service,No internet service,No internet service,No internet service,No internet service,Month-to-month,Yes,Electronic check,18.0,692.01,No
C05091,Female,0,Yes,No,6,No,No phone service,Fiber optic,Yes,No,No,Yes,No,Yes,Month-to-month,Yes,Credit card (automatic),69.76,674.92,Yes
C05092,Female,1,No,Yes,9,Yes,No,DSL,No,No,Yes,No,No,Yes,Two year,Yes,Mailed check,52.5,463.03,Yes
C05093,Female,0,No,No,72,Yes,No,DSL,No,No,No,No,Yes,Yes,One year,Yes,Bank transfer (automatic),48.87,3474.18,No
C05094,Female,1,Yes,No,72,Yes,No,No,No internet service,No internet service,No internet service,No internet service,No internet service,No internet service,Month-to-month,Yes,Mailed check,18.0,1298.2,No
C05095,Female,0,No,No,18,Yes,Yes,Fiber optic,Yes,Yes,No,No,Yes,No,One year,No,Electronic check,41.11,862.78,Yes
C05096,Female,0,Yes,No,1,Yes,No,No,No internet service,No internet service,No internet service,No internet service,No internet service,No internet service,Two year,Yes,Credit card (automatic),20.77,150.85,No
C05097,Male,0,No,No,11,No,No phone service,No,No internet service,No internet service,No internet service,No internet service,No internet service,No internet service,Month-to-month,No,Mailed check,18.0,368.13,No
C05098,Female,0,No,No,9,No,No phone service,Fiber optic,Yes,Yes,Yes,No,Yes,Yes,One year,Yes,Mailed check,54.26,476.4,No
C05099,Male,1,Yes,No,17,Yes,No,Fiber optic,Yes,Yes,No,Yes,No,Yes,Month-to-month,No,Bank transfer (automatic),61.25,684.95,Yes
C05100,Male,0,No,Yes,12,Yes,No,Fiber optic,Yes,No,No,No,No,Yes,Month-to-month,No,Bank transfer (automatic),47.32,943.33,Yes
C05101,Female,1,No,Yes,56,Yes,Yes,Fiber optic,No,Yes,No,No,No,No,Two year,Yes,Bank transfer (automatic),63.09,3745.05,No
C05102,Male,0,Yes,No,1,Yes,Yes,DSL,No,No,No,No,No,No,Two year,Yes,Credit card (automatic),32.03,18.0,No
C05103,Female,0,No,No,33,No,No phone service,DSL,Yes,No,No,No,Yes,No,Two year,Yes,Electronic check,34.9,1020.52,No
C05104,Female,0,Yes,No,34,Yes,Yes,Fiber optic,Yes,Yes,No,No,No,Yes,Month-to-month,Yes,Electronic check,82.46,2629.46,No
C05105,Male,0,No,No,34,Yes,Yes,No,No internet service,No internet service,No internet service,No internet service,No internet service,No internet service,Month-to-month,Yes,Mailed check,50.53,1519.35,No
C05106,Male,0,Yes,Yes,23,Yes,No,Fiber optic,No,Yes,Yes,Yes,No,No,Two year,Yes,Electronic check,67.21,1473.06,Yes
C05107,Female,0,Yes,No,30,Yes,No,DSL,No,No,Yes,Yes,No,Yes,One year,Yes,Electronic check,22.92,854.27,No
C05108,Female,0,No,Yes,53,Yes,No,No,No internet service,No internet service,No internet service,No internet service,No internet service,No internet service,Month-to-month,Yes,Electronic check,18.0,797.39,No
C05109,Male,0,No,No,49,Yes,No,Fiber optic,No,No,Yes,No,Yes,Yes,Month-to-month,Yes,Bank transfer (automatic),56.95,2895.8,Yes
C05110,Male,1,Yes,Yes,1,Yes,No,Fiber optic,Yes,No,No,Yes,No,No,Month-to-month,Yes,Bank transfer (automatic),78.16,257.79,Yes
C05111,Male,0,No,No,1,Yes,Yes,Fiber optic,Yes,No,No,No,Yes,No,Month-to-month,No,Electronic check,67.84,271.15,Yes
C05112,Male,1,Yes,Yes,58,Yes,No,No,No internet service,No internet service,No internet service,No internet service,No internet service,No internet service,Two year,Yes,Electronic check,18.65,1246.68,No
C05113,Female,0,Yes,No,27,Yes,No,Fiber optic,No,Yes,Yes,No,No,Yes,Month-to-month,Yes,Bank transfer (automatic),51.2,1416.71,Yes
C05114,Female,0,No,No,72,Yes,No,DSL,No,No,Yes,No,No,Yes,Month-to-month,Yes,Electronic check,48.1,3092.75,Yes
C05115,Female,1,Yes,Yes,18,Yes,No,DSL,Yes,No,Yes,Yes,No,Yes,Month-to-month,No,Mailed check,40.74,1055.7,Yes
C05116,Female,0,Yes,Yes,6,Yes,Yes,DSL,Yes,No,No,Yes,No,No,Month-to-month,Yes,Mailed check,37.07,18.0,Yes
C05117,Male,1,No,Yes,20,Yes,No,No,No internet service,No internet service,No internet service,No internet service,No internet service,No internet service,Two year,Yes,Electronic check,23.68,272.1,No
C05118,Male,0,Yes,No,18,Yes,No,Fiber optic,Yes,No,No,No,No,No,Month-to-month,Yes,Electronic check,79.07,1457.04,Yes
C05119,Female,0,No,No,23,Yes,Yes,No,No internet service,No internet service,No internet service,No internet service,No internet service,No internet service,Month-to-month,No,Electronic check,18.0,282.2,No
C05120,Female,0,Yes,No,52,Yes,No,DSL,No,No,No,No,No,Yes,Month-to-month,Yes,Bank transfer (automatic),68.05,3159.7,No
C05121,Female,0,No,Yes,34,Yes,No,DSL,Yes,No,No,No,No,No,One year,Yes,Electronic check,32.65,1290.47,No
C05122,Female,0,Yes,No,6,Yes,No,Fiber optic,No,No,Yes,Yes,No,Yes,One year,Yes,Bank transfer (automatic),69.05,18.0,No
C05123,Female,0,Yes,No,42,Yes,Yes,DSL,Yes,No,Yes,No,Yes,No,One year,No,Mailed check,46.9,1962.32,No
C05124,Female,0,No,No,28,Yes,No,Fiber optic,No,Yes,Yes,No,No,No,Month-to-month,Yes,Electronic check,45.15,1163.38,Yes
C05125,Female,1,No,No,27,Yes,Yes,Fiber optic,No,No,No,No,Yes,Yes,Month-to-month,Yes,Electronic check,62.51,1914.84,Yes
C05126,Female,0,No,Yes,36,Yes,Yes,DSL,Yes,No,No,Yes,Yes,Yes,One year,Yes,Electronic check,58.71,2159.53,No
C05127,Female,0,Yes,No,26,Yes,No,No,No internet service,No internet service,No internet service,No internet service,No internet service,No internet service,Two year,Yes,Credit card (automatic),19.62,366.66,No
C05128,Male,0,No,No,19,Yes,No,Fiber optic,No,No,No,No,No,Yes,Month-to-month,Yes,Credit card (automatic),71.55,1423.98,Yes
C05129,Female,0,Yes,No,32,Yes,No,Fiber optic,Yes,Yes,No,No,Yes,Yes,Two year,No,Electronic check,48.95,1720.02,No
C05130,Male,1,No,Yes,41,Yes,No,Fiber optic,Yes,No,Yes,No,Yes,Yes,Two year,No,Mailed check,65.49,2661.21,No
C05131,Male,0,No,No,8,No,No phone service,Fiber optic,No,No,No,No,Yes,Yes,One year,Yes,Bank transfer (automatic),53.35,183.79,Yes
C05132,Female,0,Yes,No,21,Yes,No,DSL,No,No,Yes,Yes,No,No,Month-to-month,Yes,Mailed check,35.6,928.93,No
C05133,Female,0,No,No,19,Yes,No,DSL,No,No,No,No,No,No,One year,No,Bank transfer (automatic),34.69,595.8,No
C05134,Male,0,Yes,No,1,Yes,Yes,Fiber optic,No,No,No,Yes,No,No,Month-to-month,Yes,Electronic check,95.25,18.0,Yes
C05135,Male,1,No,No,57,Yes,No,DSL,No,No,No,No,No,No,Month-to-month,Yes,Credit card (automatic),41.86,2422.92,No
C05136,Female,0,No,No,15,Yes,Yes,No,No internet service,No internet service,No internet service,No internet service,No internet service,No internet service,One year,Yes,Electronic check,24.43,119.6,No
C05137,Male,1,Yes,Yes,2,Yes,Yes,DSL,Yes,No,Yes,No,No,Yes,Month-to-month,Yes,Bank transfer (automatic),39.33,18.0,No
C05138,Female,0,No,No,19,Yes,Yes,Fiber optic,Yes,No,Yes,No,No,No,One year,Yes,Credit card (automatic),76.1,1561.29,No
C05139,Female,1,Yes,Yes,5,Yes,No,DSL,No,Yes,Yes,No,No,Yes,One year,Yes,Bank transfer (automatic),26.05,18.0,No
C05140,Female,0,No,Yes,39,Yes,Yes,Fiber optic,Yes,No,Yes,Yes,No,No,Month-to-month,Yes,Bank transfer (automatic),55.07,2053.41,No
C05141,Male,1,Yes,No,27,Yes,Yes,DSL,No,No,No,Yes,Yes,No,One year,No,Credit card (automatic),50.51,1264.8,No
C05142,Male,1,No,No,10,Yes,No,No,No internet service,No internet service,No internet service,No internet service,No internet service,No internet service,Two year,Yes,Bank transfer (automatic),18.0,296.85,No
C05143,Female,1,Yes,No,72,Yes,No,DSL,No,No,No,No,Yes,No,Month-to-month,No,Mailed check,54.66,4296.15,No
C05144,Male,0,Yes,Yes,11,Yes,No,No,No internet service,No internet service,No internet service,No internet service,No internet service,No internet service,Two year,Yes,Mailed check,18.0,147.77,No
C05145,Male,0,No,No,25,Yes,No,DSL,No,Yes,No,No,Yes,Yes,Month-to-month,Yes,Electronic check,35.35,851.65,No
C05146,Male,0,Yes,Yes,51,Yes,No,Fiber optic,Yes,Yes,No,No,Yes,Yes,Two year,No,Electronic check,93.04,4833.98,No
C05147,Male,0,Yes,No,23,Yes,No,Fiber optic,Yes,No,Yes,No,Yes,Yes,Month-to-month,Yes,Mailed check,101.21,2437.04,Yes
C05148,Male,0,No,No,72,Yes,Yes,Fiber optic,No,No,No,No,No,Yes,One year,Yes,Mailed check,68.03,5049.42,No
C05149,Male,0,No,No,59,Yes,No,Fiber optic,Yes,Yes,No,Yes,Yes,Yes,One year,Yes,Mailed check,64.19,3465.56,No
C05150,Male,0,No,No,72,Yes,Yes,No,No internet service,No internet service,No internet service,No internet service,No internet service,No internet service,One year,Yes,Electronic check,28.62,2042.24,No
C05151,Female,0,Yes,No,14,Yes,No,Fiber optic,No,Yes,Yes,No,No,No,One year,No,Credit card (automatic),72.16,785.08,No
C05152,Male,0,No,No,25,No,No phone service,DSL,Yes,No,Yes,No,No,No,Two year,No,Credit card (automatic),29.65,686.41,No
C05153,Male,0,Yes,Yes,58,No,No phone service,Fiber optic,No,No,No,No,No,No,Month-to-month,Yes,Electronic check,77.06,4371.8,No
C05154,Male,0,No,No,72,Yes,No,No,No internet service,No internet service,No internet service,No internet service,No internet service,No internet service,Two year,No,Mailed check,18.0,1321.48,No
C05155,Male,0,No,No,72,Yes,No,Fiber optic,No,No,No,Yes,No,No,Month-to-month,Yes,Mailed check,76.35,5560.67,No
C05156,Male,0,No,No,67,Yes,No,DSL,Yes,No,Yes,No,No,No,Two year,No,Electronic check,60.95,3865.23,No
C05157,Male,0,Yes,No,41,No,No phone service,Fiber optic,No,No,Yes,Yes,No,Yes,Month-to-month,No,Electronic check,60.01,2347.37,Yes
C05158,Male,1,No,No,1,Yes,No,Fiber optic,No,No,Yes,Yes,Yes,No,Month-to-month,No,Credit card (automatic),58.13,481.44,Yes
C05159,Male,1,No,No,12,Yes,Yes,DSL,No,No,Yes,No,Yes,No,Month-to-month,Yes,Bank transfer (automatic),50.93,498.85,Yes
C05160,Female,1,No,Yes,4,Yes,No,Fiber optic,Yes,Yes,No,Yes,No,Yes,Month-to-month,Yes,Credit card (automatic),88.8,190.98,Yes
C05161,Male,1,Yes,No,5,Yes,No,DSL,No,No,No,No,No,Yes,Month-to-month,No,Bank transfer (automatic),59.7,116.55,Yes
C05162,Male,0,No,No,11,Yes,No,DSL,No,Yes,Yes,Yes,Yes,Yes,Two year,Yes,Credit card (automatic),20.02,18.0,No
C05163,Male,0,No,No,2,No,No phone service,No,No internet service,No internet service,No internet service,No internet service,No internet service,No internet service,Month-to-month,Yes,Mailed check,18.0,18.0,Yes
C05164,Male,0,Yes,Yes,8,Yes,No,Fiber optic,No,Yes,Yes,No,No,Yes,Month-to-month,No,Bank transfer (automatic),73.89,320.37,Yes
C05165,Female,0,Yes,Yes,72,Yes,No,DSL,No,Yes,No,Yes,No,No,Month-to-month,No,Mailed check,39.07,2934.2,No
C05166,Female,0,Yes,No,11,Yes,No,DSL,Yes,No,No,Yes,No,No,Month-to-month,No,Credit card (automatic),56.82,633.29,No
C05167,Female,0,Yes,No,5,Yes,Yes,DSL,Yes,No,Yes,Yes,No,No,Month-to-month,No,Bank transfer (automatic),37.94,316.77,No
C05168,Female,0,Yes,No,40,Yes,No,No,No internet service,No internet service,No internet service,No internet service,No internet service,No internet service,Two year,No,Bank transfer (automatic),39.28,1416.19,No
C05169,Female,0,Yes,No,56,Yes,No,Fiber optic,Yes,No,No,No,Yes,No,Month-to-month,No,Electronic check,58.46,3331.57,No
C05170,Female,0,No,No,12,Yes,Yes,DSL,No,No,Yes,No,No,No,One year,Yes,Credit card (automatic),42.8,414.79,No
C05171,Female,0,No,No,10,Yes,No,No,No internet service,No internet service,No internet service,No internet service,No internet service,No internet service,Month-to-month,Yes,Credit card (automatic),18.0,560.86,No
C05172,Female,0,Yes,Yes,8,Yes,Yes,Fiber optic,No,No,No,Yes,Yes,No,Month-to-month,Yes,Credit card (automatic),41.2,147.83,Yes
C05173,Female,0,No,No,15,Yes,Yes,Fiber optic,Yes,Yes,No,Yes,No,No,Month-to-month,Yes,Mailed check,99.51,1548.41,Yes
C05174,Female,0,No,No,2,Yes,Yes,DSL,No,Yes,No,Yes,Yes,No,Month-to-month,Yes,Electronic check,55.04,213.86,Yes
C05175,Female,0,Yes,No,35,Yes,Yes,Fiber optic,Yes,No,No,No,No,No,One year,No,Electronic check,87.21,3239.94,No
C05176,Female,1,Yes,No,55,Yes,No,No,No internet service,No internet service,No internet service,No internet service,No internet service,No internet service,Two year,No,Mailed check,18.0,1081.19,No
C05177,Female,0,No,No,34,Yes,No,Fiber optic,No,No,Yes,No,No,Yes,Month-to-month,Yes,Electronic check,76.66,2318.85,Yes
C05178,Female,0,No,No,17,Yes,No,Fiber optic,No,Yes,No,Yes,No,No,Month-to-month,Yes,Mailed check,98.11,1303.06,Yes
C05179,Female,0,No,No,10,Yes,No,DSL,No,No,Yes,No,Yes,No,Month-to-month,Yes,Electronic check,48.42,778.65,Yes
C05180,Female,0,No,No,16,Yes,No,No,No internet service,No internet service,No internet service,No internet service,No internet service,No internet service,Two year,No,Electronic check,36.13,552.42,No
C05181,Male,0,Yes,No,17,Yes,Yes,No,No internet service,No internet service,No internet service,No internet service,No internet service,No internet service,Month-to-month,Yes,Credit card (automatic),40.88,672.97,No
C05182,Female,0,No,Yes,35,Yes,No,Fiber optic,No,Yes,Yes,Yes,Yes,No,One year,Yes,Electronic check,64.95,2477.75,No
C05183,Male,0,Yes,Yes,72,Yes,No,Fiber optic,Yes,No,Yes,No,No,Yes,Month-to-month,Yes,Electronic check,81.22,6097.15,No
C05184,Female,1,Yes,No,2,No,No phone service,Fiber optic,No,No,No,Yes,No,Yes,One year,Yes,Bank transfer (automatic),87.33,317.82,Yes
C05185,Female,1,Yes,No,72,Yes,Yes,No,No internet service,No internet service,No internet service,No internet service,No internet service,No internet service,One year,Yes,Credit card (automatic),19.03,834.67,No
C05186,Male,0,Yes,Yes,72,Yes,No,Fiber optic,Yes,Yes,No,No,Yes,Yes,Two year,Yes,Electronic check,39.91,2657.8,No
C05187,Female,0,No,Yes,4,Yes,No,DSL,No,Yes,No,No,No,Yes,Month-to-month,Yes,Credit card (automatic),53.87,165.2,Yes
C05188,Male,0,No,No,6,Yes,Yes,DSL,No,Yes,No,Yes,No,No,One year,Yes,Electronic check,34.4,223.33,No
C05189,Male,0,No,No,11,Yes,No,No,No internet service,No internet service,No internet service,No internet service,No internet service,No internet service,Month-to-month,Yes,Credit card (automatic),19.38,90.28,No
C05190,Male,0,Yes,No,26,Yes,Yes,No,No internet service,No internet service,No internet service,No internet service,No internet service,No internet service,Month-to-month,Yes,Credit card (automatic),18.54,584.49,No
C05191,Female,0,No,Yes,4,Yes,No,Fiber optic,Yes,Yes,Yes,Yes,No,No,One year,Yes,Bank transfer (automatic),63.69,44.46,No
C05192,Female,0,No,Yes,7,Yes,No,DSL,No,Yes,No,No,No,Yes,One year,Yes,Bank transfer (automatic),56.81,267.8,No
C05193,Female,1,Yes,No,72,Yes,No,Fiber optic,Yes,Yes,Yes,Yes,Yes,Yes,Month-to-month,Yes,Bank transfer (automatic),66.68,4929.12,No
C05194,Male,0,No,No,3,Yes,No,Fiber optic,Yes,Yes,No,No,Yes,Yes,Two year,Yes,Electronic check,83.66,191.2,Yes
C05195,Male,0,No,No,16,Yes,Yes,DSL,Yes,Yes,No,Yes,No,No,One year,Yes,Mailed check,31.43,451.89,No
C05196,Female,0,Yes,No,46,Yes,No,No,No internet service,No internet service,No internet service,No internet service,No internet service,No internet service,Month-to-month,Yes,Electronic check,31.07,1227.5,No
C05197,Female,1,No,No,70,Yes,Yes,Fiber optic,No,Yes,Yes,No,No,Yes,One year,Yes,Electronic check,55.88,3903.49,No
C05198,Female,0,No,No,13,Yes,Yes,Fiber optic,Yes,No,No,No,No,No,Month-to-month,Yes,Credit card (automatic),65.54,748.57,Yes
C05199,Female,0,No,Yes,5,Yes,No,Fiber optic,No,Yes,No,No,Yes,No,Month-to-month,Yes,Bank transfer (automatic),66.89,366.96,Yes
C05200,Female,0,No,No,42,Yes,Yes,Fiber optic,Yes,Yes,Yes,Yes,No,No,Month-to-month,No,Mailed check,94.16,3558.65,Yes
C05201,Male,0,Yes,Yes,47,Yes,No,DSL,No,Yes,No,No,No,Yes,Month-to-month,No,Mailed check,26.88,1218.62,No
C05202,Male,1,No,No,72,Yes,No,Fiber optic,No,No,No,No,Yes,Yes,Month-to-month,No,Bank transfer (automatic),61.77,4226.17,Yes
C05203,Male,0,No,Yes,4,Yes,Yes,DSL,Yes,No,No,Yes,Yes,Yes,One year,Yes,Bank transfer (automatic),49.54,69.56,No
C05204,Female,0,Yes,Yes,39,Yes,Yes,No,No internet service,No internet service,No internet service,No internet service,No internet service,No internet service,Month-to-month,Yes,Mailed check,18.3,987.62,No
C05205,Male,0,Yes,No,17,Yes,No,No,No internet service,No internet service,No internet service,No internet service,No internet service,No internet service,One year,Yes,Bank transfer (automatic),30.55,482.73,No
C05206,Male,0,No,No,72,Yes,Yes,DSL,Yes,No,Yes,No,Yes,No,Month-to-month,Yes,Electronic check,29.69,2179.45,No
C05207,Male,0,Yes,No,16,Yes,No,DSL,No,No,Yes,Yes,Yes,No,One year,No,Electronic check,62.86,891.08,No
C05208,Male,0,No,No,18,Yes,Yes,Fiber optic,No,No,No,No,No,No,Month-to-month,Yes,Electronic check,62.85,1100.16,Yes
C05209,Male,0,No,No,4,Yes,Yes,Fiber optic,Yes,No,No,No,No,Yes,Month-to-month,Yes,Bank transfer (automatic),66.48,286.51,Yes
C05210,Female,0,Yes,Yes,12,Yes,No,No,No internet service,No internet service,No internet service,No internet service,No internet service,No internet service,Month-to-month,Yes,Bank transfer (automatic),19.16,83.72,No
C05211,Male,0,Yes,No,16,Yes,No,Fiber optic,No,No,No,No,No,No,Two year,Yes,Mailed check,103.39,1684.89,No
C05212,Female,1,Yes,No,1,Yes,No,No,No internet service,No internet service,No internet service,No internet service,No internet service,No internet service,Month-to-month,No,Mailed check,18.0,36.57,Yes
C05213,Female,0,No,Yes,18,Yes,No,DSL,No,Yes,No,No,No,No,One year,No,Electronic check,48.23,1128.94,No
C05214,Female,0,No,No,13,Yes,No,Fiber optic,Yes,No,Yes,Yes,No,Yes,Month-to-month,No,Mailed check,64.75,686.76,Yes
C05215,Female,0,No,Yes,52,Yes,No,Fiber optic,No,Yes,No,No,Yes,Yes,Month-to-month,No,Electronic check,92.91,5114.01,Yes
C05216,Female,0,Yes,No,3,Yes,No,Fiber optic,No,Yes,No,No,No,No,One year,Yes,Mailed check,75.88,182.33,No
C05217,Male,0,No,No,45,Yes,Yes,No,No internet service,No internet service,No internet service,No internet service,No internet service,No internet service,Two year,No,Electronic check,18.0,921.92,No
C05218,Male,0,No,No,40,Yes,No,No,No internet service,No internet service,No internet service,No internet service,No internet service,No internet service,One year,No,Electronic check,18.0,675.59,No
C05219,Female,0,Yes,Yes,8,Yes,Yes,No,No internet service,No internet service,No internet service,No internet service,No internet service,No internet service,Month-to-month,Yes,Credit card (automatic),29.75,233.67,No
C05220,Female,0,No,No,2,Yes,No,Fiber optic,Yes,Yes,No,No,Yes,Yes,Month-to-month,No,Electronic check,61.53,510.99,Yes
C05221,Female,0,Yes,No,59,Yes,No,Fiber optic,Yes,No,Yes,No,Yes,No,Month-to-month,Yes,Credit card (automatic),76.46,4864.06,No
C05222,Male,0,No,Yes,9,Yes,No,DSL,No,Yes,Yes,No,No,No,Month-to-month,No,Credit card (automatic),24.82,582.74,No
C05223,Female,0,Yes,No,5,Yes,No,DSL,No,No,Yes,Yes,Yes,Yes,Month-to-month,Yes,Bank transfer (automatic),83.63,678.73,Yes
C05224,Male,0,Yes,Yes,14,Yes,No,Fiber optic,Yes,No,Yes,No,No,Yes,Month-to-month,Yes,Credit card (automatic),87.33,1336.14,Yes
C05225,Female,0,No,Yes,16,Yes,No,DSL,No,Yes,No,Yes,No,No,One year,Yes,Bank transfer (automatic),54.28,822.87,No
C05226,Male,0,No,Yes,12,Yes,No,DSL,Yes,No,No,Yes,No,Yes,One year,No,Electronic check,50.24,914.07,No
C05227,Female,1,Yes,No,72,Yes,Yes,Fiber optic,No,Yes,Yes,Yes,Yes,Yes,Month-to-month,No,Mailed check,57.75,4608.98,No
C05228,Male,0,No,Yes,68,Yes,Yes,DSL,Yes,Yes,Yes,Yes,Yes,Yes,Month-to-month,No,Bank transfer (automatic),41.87,2466.82,No
C05229,Female,0,No,No,66,Yes,No,Fiber optic,No,Yes,Yes,No,No,No,Month-to-month,No,Bank transfer (automatic),75.81,5086.54,No
C05230,Male,0,Yes,Yes,16,Yes,No,Fiber optic,No,No,No,Yes,Yes,No,Month-to-month,No,Mailed check,64.92,796.11,No
C05231,Male,0,No,Yes,72,Yes,No,Fiber optic,Yes,No,No,No,No,No,Month-to-month,Yes,Electronic check,73.53,5200.97,No
C05232,Male,0,No,Yes,36,Yes,No,Fiber optic,No,No,No,No,Yes,Yes,Month-to-month,Yes,Credit card (automatic),32.78,1403.8,No
C05233,Male,0,No,No,57,Yes,Yes,Fiber optic,Yes,No,Yes,No,No,No,One year,No,Credit card (automatic),94.58,5694.38,No
C05234,Male,0,Yes,Yes,22,Yes,No,Fiber optic,No,No,No,No,Yes,No,One year,Yes,Credit card (automatic),77.52,1385.85,Yes
C05235,Male,0,No,Yes,5,Yes,No,DSL,Yes,No,No,Yes,No,Yes,Month-to-month,Yes,Mailed check,37.09,18.0,No
C05236,Male,0,No,No,69,Yes,Yes,Fiber optic,No,Yes,Yes,Yes,Yes,No,One year,Yes,Mailed check,80.38,5486.71,No
C05237,Female,0,No,No,21,No,No phone service,Fiber optic,Yes,Yes,No,No,Yes,No,Month-to-month,Yes,Credit card (automatic),75.61,1634.19,Yes
C05238,Female,0,Yes,Yes,72,No,No phone service,DSL,No,No,Yes,No,No,Yes,Two year,No,Credit card (automatic),52.94,3632.35,No
C05239,Female,0,No,No,9,Yes,No,Fiber optic,No,No,Yes,Yes,Yes,No,Month-to-month,Yes,Bank transfer (automatic),52.52,740.93,Yes
C05240,Female,0,Yes,Yes,72,Yes,No,No,No internet service,No internet service,No internet service,No internet service,No internet service,No internet service,Month-to-month,Yes,Electronic check,18.0,1206.26,No
C05241,Female,0,No,No,8,Yes,Yes,Fiber optic,Yes,No,Yes,No,No,No,Month-to-month,Yes,Mailed check,66.81,625.34,Yes
C05242,Male,0,No,No,14,Yes,Yes,DSL,Yes,Yes,No,No,Yes,No,One year,Yes,Bank transfer (automatic),49.41,742.08,No
C05243,Male,0,Yes,Yes,28,Yes,No,DSL,No,Yes,No,Yes,No,No,Month-to-month,No,Electronic check,50.35,1170.05,No
C05244,Male,0,Yes,Yes,37,Yes,No,DSL,No,No,No,No,Yes,No,Two year,Yes,Credit card (automatic),23.4,895.93,No
C05245,Male,0,No,No,40,No,No phone service,DSL,No,No,Yes,Yes,No,No,One year,Yes,Electronic check,67.6,2772.42,No
C05246,Male,0,No,No,20,Yes,No,DSL,Yes,Yes,No,No,Yes,Yes,Month-to-month,Yes,Electronic check,35.04,664.53,Yes
C05247,Female,0,Yes,Yes,2,Yes,No,Fiber optic,Yes,No,No,Yes,No,No,Two year,Yes,Electronic check,53.52,69.0,Yes
C05248,Female,1,No,Yes,21,Yes,No,Fiber optic,Yes,Yes,Yes,No,Yes,No,Two year,Yes,Bank transfer (automatic),75.06,1193.51,No
C05249,Female,1,No,No,13,Yes,No,Fiber optic,No,No,No,No,No,No,Month-to-month,No,Mailed check,80.37,1223.89,Yes
C05250,Female,0,No,No,34,Yes,Yes,Fiber optic,Yes,No,No,No,No,No,Month-to-month,Yes,Mailed check,56.97,1900.11,No
C05251,Male,0,No,Yes,6,Yes,No,DSL,Yes,No,No,No,No,No,Month-to-month,No,Mailed check,31.04,103.65,Yes
C05252,Male,0,Yes,Yes,16,Yes,Yes,DSL,Yes,No,Yes,Yes,No,Yes,Two year,Yes,Electronic check,48.7,129.01,No
C05253,Male,0,No,Yes,72,Yes,Yes,Fiber optic,Yes,Yes,Yes,Yes,No,No,One year,No,Mailed check,85.52,6118.76,No
C05254,Female,0,Yes,Yes,2,Yes,No,Fiber optic,No,Yes,No,Yes,No,Yes,Two year,No,Electronic check,83.38,51.29,No
C05255,Male,0,Yes,No,29,Yes,No,DSL,No,Yes,No,No,No,No,Month-to-month,No,Electronic check,42.22,1449.64,Yes
C05256,Female,0,Yes,Yes,3,No,No phone service,DSL,Yes,No,No,Yes,No,Yes,Two year,Yes,Credit card (automatic),48.2,90.95,No
C05257,Male,0,No,No,5,Yes,No,DSL,Yes,Yes,No,No,Yes,Yes,Month-to-month,No,Credit card (automatic),23.61,96.69,Yes
C05258,Male,0,No,No,29,Yes,Yes,Fiber optic,No,No,No,Yes,No,No,Two year,Yes,Bank transfer (automatic),69.44,2074.94,No
C05259,Female,0,Yes,No,18,Yes,No,Fiber optic,Yes,No,No,Yes,Yes,Yes,Month-to-month,Yes,Credit card (automatic),81.61,1616.68,No
C05260,Male,0,No,No,25,Yes,Yes,Fiber optic,Yes,Yes,No,Yes,Yes,Yes,Month-to-month,No,Mailed check,32.54,824.16,Yes
C05261,Male,0,No,No,67,Yes,Yes,No,No internet service,No internet service,No internet service,No internet service,No internet service,No internet service,Two year,No,Electronic check,30.73,1662.61,No
C05262,Female,0,No,No,54,Yes,Yes,No,No internet service,No internet service,No internet service,No internet service,No internet service,No internet service,Two year,No,Mailed check,18.0,907.28,No
C05263,Male,0,No,No,70,Yes,No,DSL,Yes,No,Yes,No,Yes,No,Two year,Yes,Credit card (automatic),27.7,1984.95,No
C05264,Female,0,Yes,No,30,Yes,No,Fiber optic,No,Yes,Yes,Yes,No,Yes,Month-to-month,No,Electronic check,76.79,2120.15,Yes
C05265,Male,0,Yes,No,21,Yes,No,DSL,Yes,No,Yes,No,No,Yes,One year,Yes,Bank transfer (automatic),36.76,635.94,No
C05266,Male,0,No,Yes,19,Yes,No,Fiber optic,Yes,No,No,Yes,No,Yes,Month-to-month,No,Bank transfer (automatic),89.64,2143.31,Yes
C05267,Male,0,No,No,43,Yes,No,Fiber optic,No,No,No,Yes,Yes,Yes,Month-to-month,Yes,Electronic check,40.39,1727.58,No
C05268,Male,0,Yes,No,23,Yes,No,Fiber optic,Yes,No,No,No,No,Yes,Two year,Yes,Credit card (automatic),74.07,2077.94,No
C05269,Male,1,No,Yes,3,Yes,No,DSL,Yes,No,Yes,Yes,No,Yes,Month-to-month,No,Bank transfer (automatic),75.33,99.98,No
C05270,Male,0,No,No,4,Yes,No,Fiber optic,No,No,No,No,No,No,Month-to-month,Yes,Electronic check,85.38,422.0,Yes
C05271,Male,0,No,No,14,Yes,No,No,No internet service,No internet service,No internet service,No internet service,No internet service,No internet service,Month-to-month,Yes,Bank transfer (automatic),18.0,290.75,No
C05272,Male,0,Yes,No,2,Yes,No,DSL,No,Yes,No,No,No,Yes,Two year,Yes,Credit card (automatic),27.76,18.0,No
C05273,Female,0,No,No,8,Yes,Yes,Fiber optic,No,Yes,No,No,No,No,Month-to-month,Yes,Credit card (automatic),71.56,464.91,Yes
C05274,Female,0,No,Yes,34,Yes,Yes,No,No internet service,No internet service,No internet service,No internet service,No internet service,No internet service,Two year,No,Credit card (automatic),18.0,731.26,No
C05275,Male,0,Yes,Yes,1,Yes,No,DSL,No,No,No,Yes,Yes,Yes,Month-to-month,Yes,Electronic check,34.99,85.94,Yes
C05276,Male,0,Yes,No,29,Yes,Yes,DSL,Yes,Yes,Yes,No,Yes,No,Month-to-month,Yes,Electronic check,31.86,612.85,No
C05277,Female,0,Yes,No,47,Yes,Yes,Fiber optic,No,Yes,No,No,Yes,Yes,One year,Yes,Electronic check,69.22,3454.52,No
C05278,Male,0,No,No,5,Yes,No,DSL,Yes,No,No,Yes,Yes,No,Month-to-month,No,Electronic check,59.2,366.76,Yes
C05279,Male,0,Yes,Yes,6,Yes,No,No,No internet service,No internet service,No internet service,No internet service,No internet service,No internet service,Two year,No,Bank transfer (automatic),25.0,182.33,No
C05280,Female,0,Yes,No,1,Yes,No,Fiber optic,Yes,No,Yes,No,No,No,Month-to-month,Yes,Mailed check,52.5,85.44,Yes
C05281,Male,0,Yes,Yes,22,Yes,Yes,Fiber optic,No,No,No,Yes,Yes,Yes,Month-to-month,Yes,Electronic check,83.1,1881.13,Yes
C05282,Male,0,Yes,No,34,Yes,No,DSL,No,No,Yes,Yes,No,Yes,Two year,No,Credit card (automatic),18.94,323.26,No
C05283,Female,0,Yes,No,19,Yes,No,DSL,No,Yes,No,No,Yes,No,Month-to-month,Yes,Electronic check,41.87,690.48,No
C05284,Male,0,No,Yes,15,Yes,No,Fiber optic,No,No,No,Yes,No,Yes,One year,Yes,Credit card (automatic),88.51,1796.36,No
C05285,Male,0,No,No,19,Yes,Yes,Fiber optic,Yes,Yes,Yes,No,Yes,No,Month-to-month,No,Electronic check,57.33,1075.93,Yes
C05286,Female,0,No,No,48,Yes,No,Fiber optic,No,Yes,No,No,No,No,Month-to-month,No,Electronic check,50.42,2370.89,No
C05287,Male,0,Yes,No,1,Yes,Yes,No,No internet service,No internet service,No internet service,No internet service,No internet service,No internet service,Month-to-month,Yes,Electronic check,24.97,84.13,No
C05288,Female,0,Yes,No,49,Yes,Yes,Fiber optic,Yes,No,No,No,Yes,No,Month-to-month,Yes,Mailed check,66.14,3153.58,No
C05289,Male,0,Yes,Yes,35,Yes,Yes,DSL,Yes,No,No,Yes,No,No,Month-to-month,No,Mailed check,67.33,2412.32,No
C05290,Male,0,Yes,Yes,8,Yes,Yes,No,No internet service,No internet service,No internet service,No internet service,No internet service,No internet service,One year,Yes,Mailed check,18.0,544.22,No
C05291,Female,0,Yes,No,23,Yes,No,Fiber optic,Yes,No,No,Yes,Yes,Yes,Month-to-month,Yes,Bank transfer (automatic),56.1,1225.77,Yes
C05292,Female,0,Yes,No,1,Yes,No,No,No internet service,No internet service,No internet service,No internet service,No internet service,No internet service,Month-to-month,No,Electronic check,18.0,254.47,Yes
C05293,Male,0,No,No,15,Yes,Yes,DSL,Yes,No,No,No,Yes,No,One year,No,Electronic check,39.34,440.19,No
C05294,Female,0,Yes,No,6,Yes,No,DSL,No,No,No,No,Yes,No,Month-to-month,Yes,Mailed check,64.22,55.18,No
C05295,Female,0,No,Yes,1,Yes,Yes,Fiber optic,Yes,No,Yes,No,Yes,Yes,Month-to-month,No,Electronic check,82.46,160.07,Yes
C05296,Male,0,Yes,Yes,14,Yes,No,Fiber optic,No,No,No,Yes,No,No,Month-to-month,No,Credit card (automatic),84.83,1002.24,Yes
C05297,Male,0,Yes,No,41,Yes,Yes,No,No internet service,No internet service,No internet service,No internet service,No internet service,No internet service,Month-to-month,No,Credit card (automatic),21.86,1003.31,No
C05298,Male,0,No,No,72,Yes,Yes,DSL,Yes,No,No,No,No,No,Two year,No,Electronic check,46.7,3359.24,No
C05299,Female,0,Yes,No,34,No,No phone service,DSL,No,No,Yes,Yes,No,No,Month-to-month,No,Credit card (automatic),25.93,1147.84,No
C05300,Female,0,Yes,No,16,Yes,No,Fiber optic,Yes,No,No,Yes,Yes,Yes,Month-to-month,No,Mailed check,64.76,1285.22,Yes
C05301,Female,1,No,No,72,Yes,Yes,DSL,Yes,No,No,Yes,No,No,Month-to-month,No,Mailed check,36.82,2492.55,No
C05302,Female,0,No,No,10,Yes,No,DSL,Yes,No,Yes,No,Yes,No,One year,Yes,Bank transfer (automatic),41.67,491.46,No
C05303,Male,0,Yes,No,6,Yes,Yes,DSL,No,No,No,Yes,Yes,Yes,One year,Yes,Electronic check,28.33,131.98,No
C05304,Female,0,Yes,Yes,19,Yes,No,DSL,Yes,No,No,No,No,Yes,Month-to-month,Yes,Electronic check,56.84,1241.34,No
C05305,Male,0,No,No,22,Yes,Yes,Fiber optic,No,Yes,No,Yes,Yes,Yes,One year,No,Bank transfer (automatic),87.2,2085.41,No
C05306,Female,0,No,No,14,Yes,Yes,No,No internet service,No internet service,No internet service,No internet service,No internet service,No internet service,Month-to-month,Yes,Credit card (automatic),33.35,747.24,No
C05307,Male,1,Yes,No,38,Yes,No,Fiber optic,Yes,Yes,No,No,Yes,No,Month-to-month,Yes,Bank transfer (automatic),93.51,3264.6,No
C05308,Male,0,Yes,Yes,6,Yes,No,Fiber optic,Yes,No,Yes,No,No,Yes,Month-to-month,Yes,Bank transfer (automatic),78.05,219.96,Yes
C05309,Male,0,No,Yes,22,Yes,No,Fiber optic,No,No,Yes,No,No,Yes,Month-to-month,No,Credit card (automatic),61.33,1196.27,Yes
C05310,Female,0,Yes,Yes,22,No,No phone service,Fiber optic,Yes,No,No,No,No,No,Month-to-month,Yes,Credit card (automatic),77.75,1741.73,Yes
C05311,Male,0,Yes,Yes,55,Yes,Yes,No,No internet service,No internet service,No internet service,No internet service,No internet service,No internet service,Month-to-month,No,Electronic check,52.59,2664.79,No
C05312,Male,0,No,No,72,Yes,Yes,Fiber optic,No,No,No,Yes,No,Yes,Month-to-month,No,Electronic check,60.88,4116.55,No
C05313,Female,0,Yes,Yes,34,Yes,No,DSL,Yes,No,No,No,Yes,Yes,One year,Yes,Bank transfer (automatic),64.88,2485.51,No
C05314,Male,0,No,No,11,No,No phone service,No,No internet service,No internet service,No internet service,No internet service,No internet service,No internet service,Month-to-month,No,Electronic check,35.78,364.07,Yes
C05315,Female,0,No,Yes,37,Yes,No,Fiber optic,No,Yes,Yes,No,No,No,Month-to-month,No,Mailed check,72.48,2746.11,Yes
C05316,Female,0,No,Yes,9,Yes,No,DSL,No,No,Yes,Yes,No,No,Two year,Yes,Electronic check,39.87,570.67,No
C05317,Male,0,Yes,No,72,Yes,No,Fiber optic,No,No,Yes,Yes,No,No,One year,Yes,Credit card (automatic),64.55,4925.9,No
C05318,Male,0,Yes,No,55,Yes,No,Fiber optic,Yes,No,No,Yes,Yes,No,Month-to-month,No,Mailed check,95.35,4991.27,No
C05319,Female,0,Yes,Yes,18,Yes,Yes,DSL,No,No,No,No,Yes,No,One year,Yes,Electronic check,31.36,433.0,No
C05320,Male,0,Yes,No,49,Yes,Yes,Fiber optic,No,No,Yes,No,No,No,Month-to-month,Yes,Bank transfer (automatic),71.75,3428.95,No
C05321,Female,0,No,Yes,16,Yes,Yes,Fiber optic,Yes,No,No,No,Yes,Yes,Two year,Yes,Electronic check,51.1,968.5,No
C05322,Female,0,Yes,No,2,Yes,No,No,No internet service,No internet service,No internet service,No internet service,No internet service,No internet service,Month-to-month,Yes,Credit card (automatic),18.0,18.0,No
C05323,Female,0,Yes,No,39,Yes,No,No,No internet service,No internet service,No internet service,No internet service,No internet service,No internet service,Month-to-month,Yes,Credit card (automatic),36.37,1309.87,No
C05324,Male,0,Yes,No,16,Yes,No,DSL,Yes,No,No,Yes,No,No,Month-to-month,Yes,Electronic check,57.88,1089.35,Yes
C05325,Female,0,Yes,No,72,No,No phone service,Fiber optic,Yes,No,Yes,No,No,No,Month-to-month,No,Electronic check,64.95,4757.01,No
C05326,Male,1,No,No,11,Yes,No,No,No internet service,No internet service,No internet service,No internet service,No internet service,No internet service,Month-to-month,Yes,Electronic check,28.21,502.97,Yes
C05327,Male,0,No,No,59,Yes,Yes,Fiber optic,Yes,No,No,No,No,Yes,Two year,Yes,Electronic check,60.29,3625.77,No
C05328,Male,0,No,No,36,Yes,Yes,Fiber optic,No,No,Yes,No,No,Yes,Month-to-month,Yes,Electronic check,65.93,2293.94,Yes
C05329,Male,0,No,No,61,Yes,Yes,DSL,No,Yes,Yes,No,Yes,Yes,Month-to-month,No,Electronic check,25.81,1621.32,No
C05330,Female,0,No,Yes,11,Yes,No,No,No internet service,No internet service,No internet service,No internet service,No internet service,No internet service,Two year,Yes,Credit card (automatic),18.0,213.51,No
C05331,Male,0,Yes,No,19,Yes,No,Fiber optic,No,No,No,No,No,No,Month-to-month,Yes,Credit card (automatic),91.27,1701.42,Yes
C05332,Female,1,Yes,Yes,55,Yes,No,DSL,No,Yes,No,No,No,No,Month-to-month,Yes,Bank transfer (automatic),41.69,2540.3,No
C05333,Female,0,No,No,33,Yes,No,No,No internet service,No internet service,No internet service,No internet service,No internet service,No internet service,Two year,Yes,Mailed check,18.0,592.78,No
C05334,Male,1,Yes,No,14,Yes,Yes,No,No internet service,No internet service,No internet service,No internet service,No internet service,No internet service,Two year,No,Mailed check,18.0,122.09,No
C05335,Female,0,Yes,No,22,No,No phone service,Fiber optic,Yes,Yes,No,No,No,No,Month-to-month,No,Bank transfer (automatic),63.55,1312.32,Yes
C05336,Female,0,No,No,72,Yes,No,Fiber optic,No,No,Yes,No,Yes,No,Two year,Yes,Electronic check,63.33,4591.27,No
C05337,Male,0,Yes,Yes,43,Yes,Yes,Fiber optic,No,Yes,No,Yes,No,Yes,Month-to-month,Yes,Bank transfer (automatic),71.53,3224.99,No
C05338,Female,0,No,Yes,30,Yes,No,Fiber optic,Yes,Yes,No,Yes,No,No,Two year,Yes,Electronic check,76.86,2478.2,No
C05339,Female,0,No,No,56,Yes,Yes,Fiber optic,No,No,No,No,Yes,No,Two year,No,Bank transfer (automatic),79.4,4429.14,Yes
C05340,Female,0,Yes,No,18,Yes,Yes,No,No internet service,No internet service,No internet service,No internet service,No internet service,No internet service,One year,Yes,Mailed check,32.3,379.8,No
C05341,Female,0,Yes,No,72,Yes,Yes,Fiber optic,No,Yes,Yes,No,Yes,Yes,Two year,Yes,Bank transfer (automatic),83.02,5963.25,No
C05342,Male,0,No,Yes,25,Yes,No,Fiber optic,No,No,No,Yes,Yes,Yes,One year,Yes,Bank transfer (automatic),60.72,1004.67,No
C05343,Female,0,Yes,No,12,Yes,Yes,DSL,No,Yes,No,Yes,No,Yes,Month-to-month,Yes,Electronic check,39.31,441.94,No
C05344,Female,0,Yes,Yes,2,Yes,Yes,DSL,No,No,Yes,Yes,Yes,Yes,One year,Yes,Mailed check,47.02,46.23,No
C05345,Female,0,No,Yes,15,Yes,Yes,Fiber optic,Yes,Yes,No,Yes,Yes,Yes,One year,Yes,Bank transfer (automatic),75.1,1340.14,No
C05346,Female,0,Yes,No,26,Yes,Yes,No,No internet service,No internet service,No internet service,No internet service,No internet service,No internet service,One year,No,Electronic check,18.0,815.35,No
C05347,Male,0,Yes,No,38,No,No phone service,Fiber optic,Yes,No,No,Yes,No,No,Two year,No,Credit card (automatic),67.49,2735.99,No
C05348,Female,0,Yes,Yes,66,Yes,No,Fiber optic,Yes,Yes,No,No,Yes,Yes,Month-to-month,No,Mailed check,42.6,2954.78,No
C05349,Male,0,No,No,72,Yes,No,Fiber optic,No,Yes,Yes,No,No,Yes,One year,No,Electronic check,76.59,5508.1,No
C05350,Female,0,Yes,Yes,3,Yes,Yes,Fiber optic,No,No,No,No,Yes,No,One year,No,Bank transfer (automatic),79.01,197.88,No
C05351,Male,0,Yes,Yes,29,Yes,No,No,No internet service,No internet service,No internet service,No internet service,No internet service,No internet service,Month-to-month,No,Bank transfer (automatic),18.0,534.55,No
C05352,Male,1,Yes,No,35,Yes,No,No,No internet service,No internet service,No internet service,No internet service,No internet service,No internet service,Month-to-month,Yes,Mailed check,23.6,864.23,No
C05353,Male,0,Yes,No,6,Yes,Yes,DSL,Yes,Yes,No,No,No,Yes,Month-to-month,Yes,Bank transfer (automatic),39.97,186.85,Yes
C05354,Male,0,No,Yes,25,Yes,No,No,No internet service,No internet service,No internet service,No internet service,No internet service,No internet service,Month-to-month,Yes,Electronic check,23.77,765.51,No
C05355,Male,0,No,Yes,13,Yes,Yes,Fiber optic,No,No,No,No,No,Yes,Two year,Yes,Bank transfer (automatic),66.37,942.82,No
C05356,Female,1,Yes,Yes,2,Yes,No,No,No internet service,No internet service,No internet service,No internet service,No internet service,No internet service,Month-to-month,No,Mailed check,43.61,58.78,No
C05357,Female,0,Yes,No,2,No,No phone service,No,No internet service,No internet service,No internet service,No internet service,No internet service,No internet service,Two year,Yes,Electronic check,21.77,423.8,No
C05358,Female,0,Yes,No,45,Yes,Yes,Fiber optic,No,Yes,No,Yes,No,No,Two year,Yes,Credit card (automatic),77.21,3844.51,No
C05359,Male,1,No,Yes,30,Yes,No,Fiber optic,No,Yes,No,No,No,Yes,Two year,Yes,Credit card (automatic),66.6,2371.71,No
C05360,Female,1,Yes,No,40,Yes,No,No,No internet service,No internet service,No internet service,No internet service,No internet service,No internet service,One year,No,Mailed check,18.0,487.27,No
C05361,Male,1,Yes,Yes,36,Yes,No,Fiber optic,No,No,No,Yes,No,Yes,One year,Yes,Mailed check,80.03,2972.58,No
C05362,Male,0,No,No,4,Yes,Yes,DSL,No,Yes,No,No,Yes,No,Month-to-month,No,Bank transfer (automatic),38.36,18.0,Yes
C05363,Female,0,Yes,Yes,5,Yes,No,Fiber optic,No,No,No,No,Yes,No,One year,Yes,Credit card (automatic),79.16,463.8,No
C05364,Female,0,No,No,9,Yes,No,Fiber optic,Yes,Yes,No,No,No,No,Two year,No,Mailed check,70.22,858.42,No
C05365,Male,0,Yes,Yes,16,Yes,No,No,No internet service,No internet service,No internet service,No internet service,No internet service,No internet service,Month-to-month,No,Credit card (automatic),26.41,171.96,No
C05366,Male,0,Yes,No,72,Yes,No,DSL,No,No,No,Yes,Yes,No,Two year,Yes,Electronic check,39.66,3084.3,No
C05367,Female,0,No,Yes,35,No,No phone service,No,No internet service,No internet service,No internet service,No internet service,No internet service,No internet service,Month-to-month,No,Electronic check,20.58,990.76,No
C05368,Female,0,Yes,No,9,Yes,No,Fiber optic,No,Yes,Yes,Yes,No,No,Two year,No,Credit card (automatic),57.55,428.78,No
C05369,Female,0,Yes,No,1,Yes,No,Fiber optic,No,No,Yes,Yes,No,No,Month-to-month,Yes,Bank transfer (automatic),82.19,18.0,Yes
C05370,Female,0,Yes,No,36,Yes,Yes,No,No internet service,No internet service,No internet service,No internet service,No internet service,No internet service,Two year,No,Bank transfer (automatic),18.0,201.9,No
C05371,Male,1,No,Yes,31,Yes,No,DSL,Yes,Yes,No,Yes,Yes,Yes,Two year,No,Bank transfer (automatic),28.35,1344.58,No
C05372,Female,0,Yes,No,36,No,No phone service,DSL,No,Yes,Yes,No,Yes,Yes,One year,No,Electronic check,32.08,1064.48,No
C05373,Female,0,No,No,9,Yes,No,DSL,No,Yes,No,Yes,Yes,No,Month-to-month,Yes,Credit card (automatic),38.84,151.61,No
C05374,Female,0,No,No,23,Yes,No,DSL,No,No,No,No,No,Yes,Month-to-month,Yes,Electronic check,55.06,1207.03,Yes
C05375,Male,0,No,Yes,14,Yes,No,Fiber optic,No,Yes,Yes,No,Yes,No,Month-to-month,Yes,Electronic check,83.31,1213.9,Yes
C05376,Male,1,No,No,54,Yes,No,DSL,No,No,No,Yes,Yes,Yes,Month-to-month,No,Bank transfer (automatic),44.66,2647.34,No
C05377,Male,0,Yes,No,2,Yes,No,No,No internet service,No internet service,No internet service,No internet service,No internet service,No internet service,Two year,Yes,Electronic check,18.0,18.0,No
C05378,Male,0,Yes,Yes,10,No,No phone service,No,No internet service,No internet service,No internet service,No internet service,No internet service,No internet service,Month-to-month,No,Credit card (automatic),18.0,214.52,No
C05379,Female,0,Yes,No,29,Yes,No,Fiber optic,No,No,Yes,Yes,No,No,Month-to-month,Yes,Bank transfer (automatic),65.93,2051.04,No
C05380,Male,0,Yes,No,7,Yes,Yes,DSL,No,No,No,Yes,Yes,No,Month-to-month,No,Bank transfer (automatic),19.92,18.0,No
C05381,Female,0,Yes,Yes,35,Yes,No,Fiber optic,No,No,Yes,Yes,Yes,Yes,Month-to-month,Yes,Mailed check,50.75,1826.87,No
C05382,Female,0,Yes,No,4,Yes,No,No,No internet service,No internet service,No internet service,No internet service,No internet service,No internet service,Month-to-month,No,Mailed check,24.67,108.83,No
C05383,Female,0,No,No,1,No,No phone service,Fiber optic,No,No,Yes,Yes,Yes,Yes,Month-to-month,Yes,Mailed check,81.65,157.47,Yes
C05384,Female,1,No,Yes,63,Yes,No,DSL,Yes,No,No,Yes,No,Yes,One year,No,Bank transfer (automatic),55.42,3061.87,No
C05385,Male,0,Yes,No,12,Yes,No,DSL,Yes,Yes,Yes,No,Yes,Yes,Two year,Yes,Electronic check,61.55,799.34,No
C05386,Male,0,Yes,No,5,Yes,No,DSL,No,No,Yes,Yes,No,No,One year,No,Mailed check,57.41,300.5,No
C05387,Male,0,Yes,Yes,6,Yes,No,DSL,No,No,No,No,No,Yes,Month-to-month,Yes,Credit card (automatic),36.18,199.07,No
C05388,Female,0,Yes,Yes,69,Yes,No,Fiber optic,Yes,No,Yes,Yes,No,No,Month-to-month,No,Electronic check,60.09,3823.16,No
C05389,Female,0,Yes,No,34,Yes,Yes,No,No internet service,No internet service,No internet service,No internet service,No internet service,No internet service,One year,Yes,Mailed check,24.54,867.1,No
C05390,Female,0,No,No,72,Yes,Yes,DSL,No,Yes,Yes,No,No,No,One year,No,Electronic check,37.49,2482.62,No
C05391,Female,0,Yes,Yes,51,Yes,No,DSL,Yes,No,No,No,No,No,One year,Yes,Mailed check,44.22,2125.41,No
C05392,Female,0,Yes,Yes,46,Yes,No,No,No internet service,No internet service,No internet service,No internet service,No internet service,No internet service,Two year,Yes,Electronic check,39.25,1898.02,No
C05393,Male,0,Yes,No,22,Yes,No,No,No internet service,No internet service,No internet service,No internet service,No internet service,No internet service,Month-to-month,Yes,Mailed check,18.0,237.27,No
C05394,Female,0,No,No,55,No,No phone service,Fiber optic,No,Yes,No,No,No,No,Month-to-month,No,Mailed check,30.68,1233.52,No
C05395,Male,1,No,No,17,Yes,Yes,No,No internet service,No internet service,No internet service,No internet service,No internet service,No internet service,One year,No,Credit card (automatic),50.44,1128.42,No
C05396,Female,0,No,No,56,Yes,No,Fiber optic,No,Yes,Yes,No,Yes,No,Month-to-month,Yes,Electronic check,66.81,3991.64,Yes
C05397,Female,0,Yes,No,45,Yes,Yes,No,No internet service,No internet service,No internet service,No internet service,No internet service,No internet service,Month-to-month,No,Electronic check,18.0,695.82,No
C05398,Male,0,Yes,No,36,Yes,No,No,No internet service,No internet service,No internet service,No internet service,No internet service,No internet service,Month-to-month,Yes,Electronic check,18.0,658.16,No
C05399,Male,1,Yes,No,12,Yes,No,No,No internet service,No internet service,No internet service,No internet service,No internet service,No internet service,Month-to-month,No,Electronic check,18.0,112.01,No
C05400,Female,0,Yes,Yes,31,No,No phone service,DSL,No,No,Yes,Yes,Yes,Yes,One year,Yes,Credit card (automatic),36.01,1118.15,No
C05401,Female,0,No,No,22,Yes,Yes,Fiber optic,No,No,Yes,No,No,No,Month-to-month,Yes,Bank transfer (automatic),75.44,1754.3,Yes
C05402,Female,0,Yes,No,19,Yes,Yes,DSL,No,No,No,Yes,No,No,Two year,No,Electronic check,26.29,637.56,No
C05403,Female,0,Yes,Yes,72,Yes,Yes,Fiber optic,No,No,No,No,No,Yes,One year,Yes,Electronic check,50.15,4044.67,No
C05404,Male,0,No,Yes,22,Yes,Yes,DSL,Yes,No,No,Yes,Yes,Yes,Month-to-month,Yes,Electronic check,29.74,319.15,No
C05405,Female,0,Yes,No,1,Yes,Yes,Fiber optic,No,No,No,No,Yes,No,Month-to-month,Yes,Electronic check,66.77,354.3,Yes
C05406,Male,1,No,No,31,Yes,No,DSL,No,No,No,No,No,Yes,Month-to-month,Yes,Electronic check,28.34,768.37,No
C05407,Female,0,Yes,No,41,Yes,Yes,Fiber optic,No,No,Yes,Yes,Yes,No,Month-to-month,Yes,Electronic check,93.11,3605.03,Yes
C05408,Male,0,Yes,No,69,Yes,No,Fiber optic,No,Yes,No,No,Yes,Yes,Month-to-month,Yes,Mailed check,56.91,3896.91,No
C05409,Male,0,Yes,Yes,32,Yes,Yes,DSL,Yes,No,No,No,Yes,No,Two year,Yes,Electronic check,46.35,1589.09,No
C05410,Female,0,No,No,1,Yes,No,No,No internet service,No internet service,No internet service,No internet service,No internet service,No internet service,One year,No,Electronic check,35.52,18.0,No
C05411,Male,0,Yes,Yes,4,Yes,Yes,DSL,No,Yes,Yes,Yes,No,No,Month-to-month,No,Bank transfer (automatic),64.98,279.71,No
C05412,Female,0,Yes,Yes,5,Yes,No,DSL,No,No,No,No,No,No,Month-to-month,Yes,Bank transfer (automatic),26.22,56.32,Yes
C05413,Male,0,Yes,Yes,7,Yes,No,Fiber optic,No,Yes,No,Yes,Yes,No,Two year,No,Credit card (automatic),33.55,40.24,No
C05414,Female,0,No,No,51,Yes,Yes,Fiber optic,No,No,No,No,Yes,No,One year,Yes,Mailed check,55.62,2712.11,No
C05415,Male,0,No,Yes,11,Yes,No,DSL,No,No,Yes,No,No,Yes,Month-to-month,No,Mailed check,29.17,234.37,No
C05416,Female,0,Yes,No,11,No,No phone service,DSL,No,Yes,No,No,No,No,Month-to-month,Yes,Bank transfer (automatic),18.0,768.41,No
C05417,Female,0,Yes,Yes,45,Yes,No,Fiber optic,Yes,Yes,No,No,No,Yes,One year,Yes,Bank transfer (automatic),77.6,3167.25,No
C05418,Male,0,No,No,17,No,No phone service,No,No internet service,No internet service,No internet service,No internet service,No internet service,No internet service,Month-to-month,No,Mailed check,26.09,307.75,No
C05419,Male,1,No,No,2,Yes,No,DSL,Yes,No,No,Yes,No,Yes,Month-to-month,Yes,Credit card (automatic),18.0,18.0,No
C05420,Male,0,No,No,28,Yes,No,DSL,No,No,No,No,No,No,One year,Yes,Mailed check,28.97,676.54,No
C05421,Male,0,Yes,No,4,Yes,No,Fiber optic,Yes,No,No,Yes,No,No,Month-to-month,No,Electronic check,65.21,385.8,Yes
C05422,Female,0,Yes,No,27,Yes,No,Fiber optic,No,No,Yes,Yes,Yes,Yes,Month-to-month,No,Bank transfer (automatic),82.49,1897.55,No
C05423,Male,0,No,No,48,Yes,Yes,DSL,No,No,No,Yes,Yes,No,Month-to-month,No,Mailed check,41.14,1808.65,No
C05424,Female,0,No,No,72,Yes,No,DSL,No,Yes,No,No,No,No,One year,Yes,Bank transfer (automatic),90.09,6407.4,No
C05425,Male,0,No,No,2,Yes,No,Fiber optic,Yes,No,No,Yes,No,No,One year,Yes,Mailed check,61.52,200.76,Yes
C05426,Female,1,Yes,Yes,11,Yes,No,Fiber optic,No,Yes,Yes,No,Yes,Yes,Month-to-month,Yes,Bank transfer (automatic),84.7,892.15,Yes
C05427,Female,0,No,No,33,Yes,Yes,DSL,No,Yes,No,Yes,No,No,Two year,Yes,Mailed check,42.89,1556.76,No
C05428,Female,0,No,No,12,Yes,No,Fiber optic,Yes,No,No,No,Yes,Yes,Month-to-month,No,Mailed check,93.13,1285.77,Yes
C05429,Female,0,No,No,19,Yes,Yes,DSL,No,No,Yes,No,No,No,Month-to-month,No,Electronic check,38.59,698.16,Yes
C05430,Male,0,Yes,No,1,Yes,No,Fiber optic,Yes,No,No,No,No,No,Month-to-month,No,Electronic check,69.82,18.0,Yes
C05431,Male,0,No,No,37,Yes,No,Fiber optic,No,No,No,Yes,No,Yes,Two year,No,Electronic check,94.88,3690.03,No
C05432,Female,0,No,No,68,Yes,Yes,No,No internet service,No internet service,No internet service,No internet service,No internet service,No internet service,One year,No,Mailed check,18.0,1273.58,No
C05433,Male,1,No,Yes,72,Yes,No,Fiber optic,No,Yes,No,No,No,No,Month-to-month,Yes,Mailed check,99.02,7144.82,Yes
C05434,Male,0,No,Yes,56,Yes,No,Fiber optic,No,No,No,No,Yes,No,Month-to-month,No,Electronic check,78.87,4015.89,Yes
C05435,Female,0,No,No,1,Yes,Yes,Fiber optic,No,No,No,No,No,Yes,Month-to-month,No,Mailed check,76.12,18.0,Yes
C05436,Male,0,No,Yes,33,Yes,No,Fiber optic,No,No,Yes,No,No,Yes,Month-to-month,Yes,Credit card (automatic),51.38,1780.38,Yes
C05437,Male,0,Yes,Yes,21,Yes,Yes,DSL,Yes,No,No,No,Yes,No,Month-to-month,No,Mailed check,29.9,1064.87,No
C05438,Male,0,No,No,72,Yes,Yes,No,No internet service,No internet service,No internet service,No internet service,No internet service,No internet service,One year,Yes,Electronic check,26.11,1748.53,No
C05439,Female,0,No,No,72,Yes,No,No,No internet service,No internet service,No internet service,No internet service,No internet service,No internet service,Two year,Yes,Mailed check,34.99,2469.82,No
C05440,Male,0,Yes,No,72,Yes,Yes,Fiber optic,No,Yes,Yes,Yes,No,No,Month-to-month,Yes,Credit card (automatic),44.82,3164.26,No
C05441,Female,0,Yes,No,63,Yes,No,DSL,No,No,Yes,Yes,No,Yes,One year,Yes,Credit card (automatic),27.49,1775.29,No
C05442,Male,1,Yes,No,25,No,No phone service,Fiber optic,No,No,Yes,No,Yes,Yes,One year,Yes,Credit card (automatic),66.68,1510.1,No
C05443,Male,0,No,Yes,40,No,No phone service,Fiber optic,No,No,No,Yes,No,No,Month-to-month,No,Mailed check,91.17,3593.49,Yes
C05444,Male,0,Yes,Yes,72,Yes,Yes,DSL,No,No,Yes,Yes,Yes,No,Two year,Yes,Mailed check,31.06,2456.34,No
C05445,Female,0,No,Yes,27,Yes,Yes,No,No internet service,No internet service,No internet service,No internet service,No internet service,No internet service,Month-to-month,No,Electronic check,18.0,616.07,No
C05446,Female,0,No,Yes,58,Yes,No,Fiber optic,Yes,Yes,No,No,No,No,Month-to-month,No,Electronic check,72.41,4221.22,No
C05447,Male,0,No,No,72,Yes,No,No,No internet service,No internet service,No internet service,No internet service,No internet service,No internet service,One year,Yes,Credit card (automatic),34.17,2478.26,No
C05448,Female,0,Yes,No,27,Yes,No,No,No internet service,No internet service,No internet service,No internet service,No internet service,No internet service,One year,No,Bank transfer (automatic),18.0,588.5,No
C05449,Male,0,Yes,No,5,Yes,No,Fiber optic,Yes,No,No,No,No,Yes,Two year,No,Credit card (automatic),49.28,365.4,No
C05450,Female,0,Yes,No,5,Yes,Yes,Fiber optic,No,No,No,No,No,Yes,Month-to-month,Yes,Electronic check,53.62,739.31,Yes
C05451,Female,0,Yes,No,3,Yes,Yes,DSL,No,Yes,Yes,No,No,Yes,One year,Yes,Electronic check,46.55,18.0,Yes
C05452,Male,0,No,No,20,Yes,Yes,Fiber optic,No,No,No,Yes,No,Yes,One year,Yes,Electronic check,49.64,879.87,Yes
C05453,Male,0,No,Yes,20,Yes,No,Fiber optic,Yes,No,No,No,No,Yes,Month-to-month,Yes,Mailed check,95.33,2004.29,Yes
C05454,Male,0,Yes,No,30,Yes,No,Fiber optic,Yes,No,Yes,Yes,Yes,No,Two year,No,Mailed check,48.39,1435.19,No
C05455,Male,0,No,No,21,Yes,Yes,Fiber optic,No,Yes,Yes,Yes,No,No,Month-to-month,No,Credit card (automatic),100.32,1646.56,Yes
C05456,Female,0,Yes,Yes,72,Yes,No,Fiber optic,No,Yes,No,No,Yes,No,One year,No,Electronic check,73.3,5239.98,No
C05457,Female,0,Yes,No,11,Yes,No,Fiber optic,Yes,No,No,No,No,Yes,Month-to-month,No,Mailed check,85.99,1160.76,Yes
C05458,Female,0,No,No,66,No,No phone service,Fiber optic,No,No,Yes,Yes,No,No,Two year,No,Bank transfer (automatic),62.7,4475.65,No
C05459,Male,0,Yes,Yes,3,Yes,Yes,DSL,No,No,Yes,No,Yes,No,Two year,Yes,Bank transfer (automatic),50.7,608.1,No
C05460,Male,0,No,No,29,Yes,Yes,Fiber optic,No,Yes,Yes,Yes,No,No,One year,No,Credit card (automatic),63.69,1667.57,No
C05461,Female,0,No,Yes,33,Yes,Yes,No,No internet service,No internet service,No internet service,No internet service,No internet service,No internet service,Two year,Yes,Credit card (automatic),43.35,1649.47,No
C05462,Male,0,No,No,47,Yes,No,DSL,No,Yes,No,No,No,No,Month-to-month,Yes,Electronic check,56.17,2777.58,Yes
C05463,Female,0,Yes,No,22,Yes,Yes,No,No internet service,No internet service,No internet service,No internet service,No internet service,No internet service,Two year,Yes,Mailed check,24.97,437.44,No
C05464,Female,0,Yes,Yes,7,Yes,No,DSL,Yes,No,Yes,No,No,Yes,Two year,Yes,Bank transfer (automatic),56.2,351.47,No
C05465,Female,0,Yes,Yes,14,No,No phone service,No,No internet service,No internet service,No internet service,No internet service,No internet service,No internet service,Month-to-month,No,Mailed check,19.93,256.03,No
C05466,Female,0,No,No,10,Yes,No,No,No internet service,No internet service,No internet service,No internet service,No internet service,No internet service,One year,No,Mailed check,26.67,317.33,No
C05467,Female,0,Yes,No,17,Yes,No,Fiber optic,Yes,No,Yes,Yes,Yes,No,Two year,Yes,Electronic check,65.49,1548.03,No
C05468,Male,0,Yes,No,24,Yes,Yes,DSL,Yes,Yes,No,No,Yes,Yes,One year,No,Electronic check,38.58,1182.81,No
C05469,Male,0,No,No,31,Yes,Yes,DSL,Yes,Yes,Yes,Yes,No,No,Two year,Yes,Bank transfer (automatic),18.0,609.79,No
C05470,Male,0,No,No,59,Yes,Yes,DSL,No,Yes,Yes,Yes,No,No,One year,Yes,Credit card (automatic),25.97,1437.72,No
C05471,Female,0,No,Yes,72,Yes,Yes,No,No internet service,No internet service,No internet service,No internet service,No internet service,No internet service,Month-to-month,Yes,Credit card (automatic),18.0,1398.27,No
C05472,Female,0,No,No,19,Yes,No,DSL,No,No,Yes,Yes,No,No,Two year,No,Credit card (automatic),50.84,829.64,No
C05473,Female,0,Yes,No,2,Yes,Yes,Fiber optic,No,Yes,No,No,Yes,Yes,Two year,Yes,Credit card (automatic),98.89,89.57,No
C05474,Female,1,Yes,No,51,Yes,Yes,Fiber optic,No,No,Yes,No,Yes,Yes,Month-to-month,Yes,Electronic check,82.81,4039.33,Yes
C05475,Male,0,Yes,Yes,20,Yes,No,Fiber optic,No,No,Yes,No,No,Yes,Month-to-month,No,Mailed check,55.69,1276.18,Yes
C05476,Male,0,Yes,Yes,25,Yes,No,No,No internet service,No internet service,No internet service,No internet service,No internet service,No internet service,One year,Yes,Electronic check,33.87,773.54,No
C05477,Female,0,No,No,28,Yes,Yes,Fiber optic,No,No,No,Yes,No,Yes,One year,Yes,Mailed check,54.06,1607.33,No
C05478,Female,0,Yes,Yes,35,Yes,No,Fiber optic,No,Yes,Yes,Yes,Yes,No,Two year,No,Electronic check,84.76,2752.89,No
C05479,Female,0,No,No,70,Yes,Yes,Fiber optic,Yes,No,No,Yes,No,No,Month-to-month,No,Bank transfer (automatic),62.18,4038.55,No
C05480,Male,0,Yes,No,72,Yes,Yes,No,No internet service,No internet service,No internet service,No internet service,No internet service,No internet service,Month-to-month,Yes,Mailed check,18.0,1186.16,No
C05481,Male,0,Yes,Yes,72,Yes,Yes,DSL,Yes,No,No,No,No,No,Two year,Yes,Credit card (automatic),53.57,3617.24,No
C05482,Male,1,No,No,53,Yes,No,Fiber optic,No,No,No,No,Yes,No,Two year,No,Electronic check,68.22,3580.67,No
C05483,Female,0,Yes,No,70,Yes,No,No,No internet service,No internet service,No internet service,No internet service,No internet service,No internet service,Two year,No,Mailed check,31.55,2229.63,No
C05484,Female,0,No,Yes,1,Yes,No,DSL,No,Yes,No,Yes,Yes,No,Month-to-month,Yes,Electronic check,19.52,18.0,Yes
C05485,Male,0,No,No,60,Yes,Yes,DSL,No,No,No,No,No,No,Month-to-month,Yes,Mailed check,41.78,2692.48,No
C05486,Female,0,No,Yes,2,Yes,No,Fiber optic,No,Yes,Yes,No,No,No,Month-to-month,Yes,Electronic check,65.32,18.0,Yes
C05487,Male,0,Yes,Yes,43,Yes,Yes,No,No internet service,No internet service,No internet service,No internet service,No internet service,No internet service,Two year,Yes,Credit card (automatic),18.0,881.33,No
C05488,Female,0,No,Yes,5,Yes,No,DSL,No,No,No,No,Yes,No,Month-to-month,Yes,Credit card (automatic),49.05,412.65,Yes
C05489,Male,1,Yes,No,14,Yes,Yes,DSL,Yes,No,Yes,No,No,No,Month-to-month,Yes,Mailed check,27.39,298.52,No
C05490,Female,0,No,No,6,Yes,Yes,Fiber optic,No,No,Yes,No,Yes,Yes,One year,No,Mailed check,77.54,552.85,Yes
C05491,Male,0,Yes,No,18,Yes,No,Fiber optic,No,No,No,No,Yes,No,Two year,Yes,Mailed check,112.03,2199.08,Yes
C05492,Male,1,Yes,Yes,16,Yes,Yes,DSL,No,Yes,No,Yes,No,No,Month-to-month,Yes,Mailed check,41.11,684.13,No
C05493,Male,0,No,No,1,Yes,No,No,No internet service,No internet service,No internet service,No internet service,No internet service,No internet service,Month-to-month,Yes,Mailed check,18.29,18.0,No
C05494,Male,0,Yes,No,56,Yes,No,Fiber optic,No,No,No,No,No,No,Two year,No,Mailed check,67.6,3759.93,No
C05495,Male,0,No,No,61,No,No phone service,Fiber optic,No,Yes,No,No,Yes,No,Month-to-month,No,Credit card (automatic),87.8,5402.44,Yes
C05496,Male,0,Yes,Yes,49,Yes,No,Fiber optic,Yes,No,No,No,Yes,Yes,Month-to-month,No,Mailed check,63.57,3057.55,No
C05497,Female,0,No,Yes,60,Yes,Yes,No,No internet service,No internet service,No internet service,No internet service,No internet service,No internet service,Month-to-month,No,Bank transfer (automatic),23.18,1420.78,No
C05498,Female,0,No,No,44,No,No phone service,DSL,Yes,Yes,No,No,No,No,Month-to-month,No,Bank transfer (automatic),51.3,2226.69,No
C05499,Female,0,Yes,Yes,72,Yes,No,Fiber optic,No,Yes,Yes,No,Yes,No,One year,Yes,Credit card (automatic),61.83,4590.98,No
C05500,Male,0,No,Yes,27,Yes,No,DSL,Yes,Yes,Yes,No,No,No,Month-to-month,No,Electronic check,63.18,1863.46,No
C05501,Male,0,No,No,27,Yes,Yes,Fiber optic,No,No,No,No,No,Yes,Two year,No,Electronic check,85.45,2625.43,Yes
C05502,Female,0,No,No,62,Yes,No,Fiber optic,Yes,Yes,No,No,No,Yes,Two year,Yes,Bank transfer (automatic),68.96,4413.62,No
C05503,Male,1,Yes,No,13,Yes,Yes,DSL,No,Yes,No,Yes,No,No,One year,Yes,Mailed check,40.81,301.41,No
C05504,Male,0,No,Yes,1,Yes,No,DSL,No,No,Yes,Yes,Yes,No,One year,Yes,Bank transfer (automatic),60.01,135.07,No
C05505,Male,0,Yes,No,44,Yes,Yes,DSL,No,Yes,No,No,Yes,No,Two year,Yes,Mailed check,35.67,1341.43,No
C05506,Male,0,Yes,No,9,Yes,Yes,No,No internet service,No internet service,No internet service,No internet service,No internet service,No internet service,One year,No,Bank transfer (automatic),18.0,18.0,No
C05507,Male,0,Yes,No,20,Yes,Yes,Fiber optic,Yes,No,No,Yes,No,No,Month-to-month,Yes,Credit card (automatic),59.67,1562.73,Yes
C05508,Female,0,No,Yes,8,Yes,No,Fiber optic,Yes,No,No,No,No,Yes,Month-to-month,Yes,Mailed check,81.24,358.32,Yes
C05509,Female,0,No,No,56,Yes,No,Fiber optic,No,Yes,Yes,No,No,No,Month-to-month,No,Electronic check,86.7,4861.47,Yes
C05510,Female,0,Yes,No,72,No,No phone service,Fiber optic,No,Yes,No,No,No,Yes,One year,No,Electronic check,81.84,5720.86,No
C05511,Female,0,No,No,1,Yes,No,Fiber optic,No,Yes,No,No,No,No,Month-to-month,No,Electronic check,76.61,492.22,Yes
C05512,Female,0,No,No,8,Yes,No,Fiber optic,Yes,Yes,No,No,No,No,Two year,No,Credit card (automatic),47.69,515.84,No
C05513,Male,0,Yes,Yes,6,Yes,Yes,DSL,No,Yes,No,No,Yes,No,One year,Yes,Bank transfer (automatic),53.07,731.71,No
C05514,Male,0,No,Yes,35,Yes,No,DSL,No,No,Yes,No,Yes,Yes,Month-to-month,Yes,Mailed check,53.27,1695.42,No
C05515,Male,0,Yes,Yes,17,Yes,Yes,No,No internet service,No internet service,No internet service,No internet service,No internet service,No internet service,Two year,Yes,Mailed check,33.03,260.09,No
C05516,Male,0,Yes,No,19,Yes,No,DSL,Yes,No,No,No,No,Yes,Month-to-month,Yes,Electronic check,57.97,1138.99,Yes
C05517,Female,0,Yes,No,5,Yes,No,Fiber optic,No,No,Yes,No,Yes,No,Month-to-month,Yes,Electronic check,58.58,283.74,Yes
C05518,Female,1,No,No,17,No,No phone service,Fiber optic,Yes,Yes,Yes,Yes,No,No,Month-to-month,No,Mailed check,88.32,1459.12,Yes
C05519,Female,0,No,Yes,11,Yes,No,Fiber optic,Yes,Yes,No,No,No,Yes,Month-to-month,No,Electronic check,89.15,1227.88,Yes
C05520,Male,0,Yes,No,30,Yes,No,Fiber optic,Yes,No,No,No,No,Yes,Month-to-month,Yes,Mailed check,53.85,1580.33,No
C05521,Female,0,Yes,Yes,7,Yes,No,DSL,Yes,No,Yes,No,Yes,No,Two year,No,Mailed check,58.92,142.28,No
C05522,Male,0,No,No,30,No,No phone service,Fiber optic,Yes,No,No,Yes,No,No,Month-to-month,Yes,Credit card (automatic),74.6,2186.55,No
C05523,Female,0,No,Yes,15,Yes,No,Fiber optic,Yes,No,Yes,Yes,No,No,Month-to-month,No,Mailed check,70.88,1178.49,Yes
C05524,Female,0,No,No,13,No,No phone service,DSL,No,No,Yes,Yes,Yes,No,Month-to-month,No,Bank transfer (automatic),55.23,892.18,Yes
C05525,Male,0,No,No,11,Yes,No,Fiber optic,No,Yes,Yes,No,Yes,Yes,Month-to-month,Yes,Credit card (automatic),63.85,437.99,Yes
C05526,Male,0,No,No,35,Yes,Yes,Fiber optic,No,No,No,Yes,No,Yes,Month-to-month,Yes,Credit card (automatic),66.91,2102.82,Yes
C05527,Female,1,No,No,26,Yes,No,No,No internet service,No internet service,No internet service,No internet service,No internet service,No internet service,One year,No,Bank transfer (automatic),32.25,641.52,No
C05528,Female,1,No,Yes,61,Yes,Yes,DSL,Yes,Yes,Yes,No,No,No,One year,Yes,Mailed check,62.31,3773.12,No
C05529,Male,0,Yes,No,8,Yes,Yes,No,No internet service,No internet service,No internet service,No internet service,No internet service,No internet service,Two year,Yes,Electronic check,18.0,185.26,No
C05530,Female,0,No,No,1,Yes,No,No,No internet service,No internet service,No internet service,No internet service,No internet service,No internet service,Two year,No,Mailed check,18.0,430.02,No
C05531,Female,0,Yes,No,6,Yes,No,DSL,No,No,No,No,No,Yes,One year,Yes,Electronic check,22.94,45.73,No
C05532,Male,1,Yes,Yes,13,Yes,Yes,Fiber optic,No,Yes,No,Yes,No,No,One year,Yes,Electronic check,56.48,895.7,No
C05533,Female,0,Yes,No,6,No,No phone service,DSL,No,No,Yes,No,Yes,No,Month-to-month,Yes,Mailed check,35.07,18.0,Yes
C05534,Male,0,No,Yes,2,Yes,Yes,DSL,No,No,No,No,No,No,Two year,Yes,Electronic check,58.95,18.0,Yes
C05535,Female,1,No,No,18,Yes,Yes,Fiber optic,Yes,No,No,Yes,No,No,One year,Yes,Bank transfer (automatic),64.74,1193.95,No
C05536,Male,0,No,Yes,36,Yes,No,Fiber optic,Yes,No,No,No,No,No,Month-to-month,Yes,Bank transfer (automatic),78.84,2513.31,No
C05537,Female,0,Yes,No,44,Yes,No,DSL,No,No,Yes,Yes,No,Yes,Month-to-month,Yes,Credit card (automatic),38.27,1955.84,No
C05538,Male,0,No,No,16,Yes,Yes,Fiber optic,No,No,No,Yes,No,No,Month-to-month,No,Electronic check,88.28,1129.56,Yes
C05539,Female,1,Yes,Yes,20,Yes,Yes,No,No internet service,No internet service,No internet service,No internet service,No internet service,No internet service,Month-to-month,No,Credit card (automatic),18.0,310.29,No
C05540,Male,0,No,No,45,Yes,No,Fiber optic,Yes,No,No,No,Yes,No,One year,No,Credit card (automatic),69.0,3328.5,No
C05541,Female,0,Yes,No,13,No,No phone service,DSL,Yes,No,No,No,No,Yes,Month-to-month,No,Mailed check,18.0,194.79,No
C05542,Female,0,No,Yes,49,No,No phone service,DSL,No,Yes,No,No,No,No,Month-to-month,No,Mailed check,37.35,1460.59,No
C05543,Female,0,No,Yes,72,Yes,Yes,Fiber optic,Yes,No,No,Yes,Yes,No,Month-to-month,Yes,Credit card (automatic),74.5,5530.68,No
C05544,Female,0,No,No,67,Yes,Yes,Fiber optic,Yes,Yes,Yes,Yes,Yes,No,Month-to-month,No,Credit card (automatic),98.42,6848.77,No
C05545,Female,0,No,No,19,Yes,Yes,Fiber optic,No,No,No,No,Yes,No,Month-to-month,No,Electronic check,102.01,1894.22,Yes
C05546,Female,1,No,No,27,Yes,Yes,DSL,No,No,No,No,No,No,Month-to-month,Yes,Bank transfer (automatic),66.64,1741.68,Yes
C05547,Female,0,Yes,No,40,Yes,No,Fiber optic,No,Yes,No,Yes,Yes,No,Month-to-month,No,Mailed check,65.95,2841.41,No
C05548,Female,1,No,No,13,Yes,No,Fiber optic,No,Yes,No,No,No,No,Month-to-month,Yes,Mailed check,49.09,303.01,Yes
C05549,Female,0,Yes,Yes,51,Yes,No,Fiber optic,Yes,No,Yes,No,No,No,Month-to-month,No,Electronic check,60.36,3293.81,Yes
C05550,Male,0,Yes,No,18,Yes,No,Fiber optic,Yes,Yes,Yes,No,Yes,No,Two year,No,Mailed check,88.74,1790.3,No
C05551,Male,0,Yes,No,60,Yes,No,No,No internet service,No internet service,No internet service,No internet service,No internet service,No internet service,Month-to-month,No,Electronic check,18.0,812.07,No
C05552,Female,0,No,No,9,Yes,Yes,No,No internet service,No internet service,No internet service,No internet service,No internet service,No internet service,One year,Yes,Credit card (automatic),21.57,33.56,No
C05553,Male,0,Yes,No,1,Yes,No,Fiber optic,Yes,No,Yes,Yes,Yes,Yes,One year,No,Mailed check,73.43,18.0,No
C05554,Female,0,Yes,No,32,No,No phone service,No,No internet service,No internet service,No internet service,No internet service,No internet service,No internet service,Month-to-month,No,Credit card (automatic),30.94,689.89,No
C05555,Female,0,No,Yes,19,Yes,No,DSL,No,No,No,No,No,No,Two year,Yes,Electronic check,27.16,865.58,No
C05556,Male,0,No,No,1,Yes,Yes,DSL,No,Yes,No,No,Yes,Yes,One year,No,Credit card (automatic),18.0,67.47,No
C05557,Female,1,Yes,No,21,Yes,No,DSL,No,Yes,No,Yes,No,Yes,One year,Yes,Electronic check,42.26,936.87,No
C05558,Female,0,No,No,5,Yes,No,Fiber optic,No,No,Yes,No,Yes,No,One year,Yes,Electronic check,49.59,369.12,Yes
C05559,Male,0,Yes,Yes,31,Yes,No,Fiber optic,Yes,No,Yes,No,Yes,Yes,Month-to-month,No,Credit card (automatic),55.11,1693.25,Yes
C05560,Male,0,No,No,18,Yes,Yes,Fiber optic,Yes,No,No,Yes,Yes,Yes,Month-to-month,Yes,Electronic check,62.21,833.0,Yes
C05561,Female,0,No,No,6,Yes,Yes,No,No internet service,No internet service,No internet service,No internet service,No internet service,No internet service,Two year,Yes,Electronic check,36.68,222.76,No
C05562,Male,0,No,Yes,16,Yes,No,Fiber optic,Yes,No,Yes,Yes,No,No,Two year,Yes,Electronic check,53.72,1103.43,No
C05563,Male,0,No,Yes,8,Yes,Yes,No,No internet service,No internet service,No internet service,No internet service,No internet service,No internet service,Two year,Yes,Electronic check,19.74,18.0,No
C05564,Female,0,Yes,No,33,Yes,Yes,DSL,No,Yes,No,Yes,No,No,Month-to-month,No,Electronic check,28.19,575.03,No
C05565,Male,1,Yes,Yes,11,Yes,No,Fiber optic,Yes,Yes,No,Yes,Yes,No,Two year,No,Credit card (automatic),87.95,984.54,No
C05566,Male,0,No,No,55,Yes,Yes,Fiber optic,No,No,No,No,Yes,Yes,Month-to-month,No,Electronic check,61.48,3296.23,Yes
C05567,Female,0,Yes,No,1,Yes,Yes,DSL,No,Yes,Yes,Yes,No,Yes,Month-to-month,No,Credit card (automatic),22.67,18.0,No
C05568,Male,0,No,No,16,Yes,No,No,No internet service,No internet service,No internet service,No internet service,No internet service,No internet service,Month-to-month,Yes,Credit card (automatic),18.0,318.73,No
C05569,Male,0,Yes,No,30,Yes,Yes,Fiber optic,No,Yes,No,No,No,No,Month-to-month,No,Bank transfer (automatic),78.24,2281.18,Yes
C05570,Female,0,Yes,No,1,Yes,Yes,DSL,Yes,No,No,No,No,Yes,Month-to-month,Yes,Electronic check,44.38,246.72,Yes
C05571,Female,0,No,No,7,No,No phone service,DSL,Yes,Yes,Yes,No,No,No,One year,Yes,Bank transfer (automatic),33.39,61.95,No
C05572,Female,1,Yes,No,12,Yes,Yes,DSL,No,Yes,No,No,No,No,Month-to-month,No,Mailed check,25.57,177.63,Yes
C05573,Male,0,Yes,No,1,Yes,Yes,No,No internet service,No internet service,No internet service,No internet service,No internet service,No internet service,Two year,No,Credit card (automatic),18.0,170.88,No
C05574,Female,0,Yes,No,25,No,No phone service,DSL,Yes,Yes,No,No,Yes,No,Two year,Yes,Mailed check,79.32,2048.19,No
C05575,Female,1,No,No,31,Yes,Yes,Fiber optic,Yes,Yes,No,Yes,No,No,Month-to-month,No,Electronic check,49.68,1674.44,Yes
C05576,Male,0,Yes,No,8,Yes,No,DSL,Yes,No,Yes,No,Yes,No,Month-to-month,No,Bank transfer (automatic),47.01,178.83,Yes
C05577,Female,0,Yes,No,25,Yes,No,Fiber optic,Yes,No,Yes,Yes,Yes,No,Month-to-month,Yes,Mailed check,67.98,1573.97,No
C05578,Female,0,Yes,No,72,Yes,Yes,DSL,No,Yes,No,Yes,Yes,No,Month-to-month,Yes,Bank transfer (automatic),43.39,3276.83,No
C05579,Female,0,Yes,No,69,No,No phone service,Fiber optic,No,Yes,Yes,Yes,Yes,No,Two year,Yes,Electronic check,37.71,2652.17,No
C05580,Female,0,Yes,No,1,Yes,Yes,Fiber optic,No,No,No,No,No,No,Month-to-month,Yes,Credit card (automatic),99.0,83.49,Yes
C05581,Male,0,No,No,4,Yes,Yes,Fiber optic,No,Yes,Yes,No,Yes,No,One year,Yes,Bank transfer (automatic),83.06,511.53,Yes
C05582,Female,0,No,No,21,Yes,No,Fiber optic,No,No,No,Yes,No,No,One year,No,Mailed check,73.31,1577.38,No
C05583,Female,0,Yes,Yes,9,Yes,No,No,No internet service,No internet service,No internet service,No internet service,No internet service,No internet service,Month-to-month,No,Bank transfer (automatic),18.0,18.0,No
C05584,Male,1,No,No,2,No,No phone service,Fiber optic,Yes,Yes,No,No,No,No,Month-to-month,Yes,Mailed check,54.97,18.0,Yes
C05585,Female,0,No,No,9,Yes,Yes,No,No internet service,No internet service,No internet service,No internet service,No internet service,No internet service,One year,Yes,Credit card (automatic),35.95,427.3,No
C05586,Male,0,Yes,Yes,2,Yes,Yes,DSL,No,Yes,No,No,No,No,Month-to-month,No,Credit card (automatic),46.97,315.25,Yes
C05587,Male,0,Yes,No,24,Yes,No,DSL,No,Yes,Yes,No,No,Yes,One year,No,Credit card (automatic),46.36,931.87,No
C05588,Male,0,No,Yes,21,Yes,No,Fiber optic,No,Yes,No,Yes,No,No,Two year,Yes,Mailed check,62.84,884.74,No
C05589,Female,0,No,No,1,Yes,Yes,No,No internet service,No internet service,No internet service,No internet service,No internet service,No internet service,Two year,Yes,Electronic check,18.0,189.73,No
C05590,Male,0,Yes,No,21,Yes,No,DSL,No,No,Yes,No,No,No,Two year,Yes,Bank transfer (automatic),18.0,624.69,No
C05591,Male,0,Yes,Yes,23,Yes,No,DSL,Yes,No,No,Yes,No,Yes,Month-to-month,Yes,Mailed check,49.27,1630.98,No
C05592,Male,0,Yes,Yes,29,Yes,No,Fiber optic,No,Yes,Yes,No,No,No,Two year,Yes,Electronic check,84.62,2384.26,No
C05593,Female,0,Yes,No,72,Yes,Yes,Fiber optic,No,Yes,No,Yes,Yes,Yes,Month-to-month,Yes,Credit card (automatic),77.21,5601.83,No
C05594,Female,0,No,Yes,72,Yes,Yes,Fiber optic,Yes,No,No,Yes,No,Yes,Month-to-month,Yes,Electronic check,52.23,3684.35,No
C05595,Female,0,No,Yes,23,Yes,Yes,Fiber optic,Yes,Yes,Yes,Yes,Yes,No,Month-to-month,Yes,Electronic check,63.72,1421.92,Yes
C05596,Female,0,No,Yes,59,Yes,No,Fiber optic,No,No,Yes,Yes,No,No,Month-to-month,No,Bank transfer (automatic),49.8,2922.55,No
C05597,Female,0,Yes,Yes,2,Yes,No,Fiber optic,No,No,Yes,No,No,No,Two year,Yes,Credit card (automatic),66.55,388.51,No
C05598,Female,0,Yes,Yes,24,Yes,No,No,No internet service,No internet service,No internet service,No internet service,No internet service,No internet service,One year,No,Bank transfer (automatic),18.0,640.58,No
C05599,Female,0,Yes,No,36,Yes,Yes,No,No internet service,No internet service,No internet service,No internet service,No internet service,No internet service,One year,Yes,Bank transfer (automatic),18.0,1089.28,No
C05600,Male,0,No,No,26,Yes,No,DSL,Yes,Yes,No,No,No,No,Two year,Yes,Credit card (automatic),40.35,1243.85,No
C05601,Male,1,No,Yes,8,Yes,No,Fiber optic,Yes,No,No,No,No,Yes,Two year,Yes,Electronic check,54.64,467.16,Yes
C05602,Male,1,Yes,Yes,2,Yes,Yes,DSL,Yes,Yes,Yes,No,Yes,No,Month-to-month,Yes,Bank transfer (automatic),47.92,18.0,Yes
C05603,Male,1,Yes,No,15,Yes,No,No,No internet service,No internet service,No internet service,No internet service,No internet service,No internet service,Month-to-month,Yes,Mailed check,48.76,958.83,Yes
C05604,Female,0,No,Yes,33,No,No phone service,Fiber optic,Yes,No,Yes,No,No,Yes,Two year,Yes,Bank transfer (automatic),65.88,2115.61,No
C05605,Male,0,No,No,72,Yes,No,No,No internet service,No internet service,No internet service,No internet service,No internet service,No internet service,One year,No,Credit card (automatic),22.97,1711.05,No
C05606,Male,0,Yes,Yes,8,Yes,Yes,DSL,Yes,Yes,No,No,No,Yes,One year,Yes,Mailed check,38.0,534.76,No
C05607,Male,1,Yes,Yes,72,Yes,Yes,DSL,Yes,No,No,No,No,No,One year,Yes,Bank transfer (automatic),59.28,4216.41,No
C05608,Male,0,Yes,Yes,2,Yes,Yes,No,No internet service,No internet service,No internet service,No internet service,No internet service,No internet service,One year,No,Mailed check,36.51,18.0,No
C05609,Female,0,No,Yes,72,No,No phone service,No,No internet service,No internet service,No internet service,No internet service,No internet service,No internet service,One year,No,Bank transfer (automatic),18.0,1428.18,No
C05610,Female,0,No,No,57,Yes,No,Fiber optic,Yes,Yes,No,Yes,Yes,Yes,Month-to-month,No,Electronic check,58.72,3612.18,No
C05611,Female,0,No,Yes,1,Yes,No,DSL,Yes,Yes,Yes,No,Yes,Yes,Month-to-month,Yes,Electronic check,52.2,21.17,Yes
C05612,Male,0,No,No,11,No,No phone service,DSL,No,Yes,No,No,No,Yes,Two year,Yes,Credit card (automatic),31.41,95.6,No
C05613,Female,0,No,No,1,Yes,No,Fiber optic,No,Yes,Yes,Yes,No,Yes,Two year,Yes,Electronic check,63.31,18.0,Yes
C05614,Male,0,Yes,No,72,Yes,Yes,Fiber optic,No,No,Yes,Yes,No,No,Month-to-month,Yes,Mailed check,80.48,5374.04,No
C05615,Female,0,Yes,Yes,17,Yes,No,No,No internet service,No internet service,No internet service,No internet service,No internet service,No internet service,One year,Yes,Credit card (automatic),37.97,503.71,No
C05616,Female,0,Yes,Yes,34,Yes,Yes,DSL,Yes,No,No,Yes,Yes,Yes,Month-to-month,Yes,Electronic check,38.01,1289.81,No
C05617,Female,0,Yes,No,8,Yes,Yes,DSL,No,No,No,No,No,Yes,Month-to-month,Yes,Credit card (automatic),38.99,536.18,Yes
C05618,Female,1,No,Yes,72,Yes,No,Fiber optic,Yes,No,Yes,Yes,No,Yes,Two year,No,Electronic check,87.51,6312.15,No
C05619,Female,0,No,No,10,Yes,No,DSL,Yes,Yes,No,No,Yes,Yes,Month-to-month,Yes,Bank transfer (automatic),44.33,367.89,No
C05620,Male,0,No,No,9,Yes,Yes,Fiber optic,No,No,No,No,No,Yes,Month-to-month,No,Mailed check,91.92,961.69,Yes
C05621,Female,0,Yes,No,12,Yes,Yes,Fiber optic,Yes,No,No,Yes,Yes,No,One year,Yes,Electronic check,49.0,510.11,No
C05622,Male,0,Yes,Yes,19,Yes,No,Fiber optic,No,Yes,Yes,No,No,No,One year,Yes,Bank transfer (automatic),73.41,1674.35,No
C05623,Male,0,Yes,No,1,Yes,No,Fiber optic,Yes,No,Yes,Yes,No,No,Two year,Yes,Electronic check,67.67,197.08,No
C05624,Male,0,No,No,29,Yes,No,No,No internet service,No internet service,No internet service,No internet service,No internet service,No internet service,Month-to-month,No,Bank transfer (automatic),26.44,854.18,No
C05625,Male,0,Yes,No,1,Yes,Yes,Fiber optic,No,Yes,No,Yes,No,No,Month-to-month,Yes,Mailed check,76.12,18.0,Yes
C05626,Male,0,Yes,Yes,24,Yes,Yes,DSL,No,Yes,No,No,Yes,Yes,Month-to-month,No,Electronic check,44.9,1404.89,No
C05627,Female,0,Yes,No,19,Yes,No,DSL,No,Yes,No,No,Yes,No,Month-to-month,Yes,Mailed check,40.6,802.78,Yes
C05628,Female,0,No,No,8,Yes,No,No,No internet service,No internet service,No internet service,No internet service,No internet service,No internet service,Month-to-month,No,Bank transfer (automatic),28.12,384.47,No
C05629,Female,0,No,No,12,Yes,Yes,Fiber optic,Yes,No,No,Yes,Yes,Yes,Month-to-month,No,Electronic check,58.14,1026.56,Yes
C05630,Female,0,No,No,39,Yes,Yes,Fiber optic,Yes,No,No,No,No,No,Month-to-month,No,Credit card (automatic),80.09,3141.78,No
C05631,Male,0,No,No,1,Yes,No,No,No internet service,No internet service,No internet service,No internet service,No internet service,No internet service,One year,No,Bank transfer (automatic),18.0,18.0,No
C05632,Female,0,No,Yes,12,No,No phone service,Fiber optic,Yes,No,Yes,Yes,Yes,No,Two year,Yes,Credit card (automatic),67.31,766.48,No
C05633,Female,0,Yes,No,36,Yes,No,DSL,No,No,No,No,No,Yes,Month-to-month,Yes,Credit card (automatic),43.91,1617.67,No
C05634,Male,0,Yes,No,5,Yes,No,DSL,No,No,Yes,No,Yes,No,Two year,No,Credit card (automatic),49.27,151.82,No
C05635,Male,0,No,Yes,26,Yes,No,No,No internet service,No internet service,No internet service,No internet service,No internet service,No internet service,Two year,Yes,Mailed check,26.85,819.5,No
C05636,Female,0,No,No,5,Yes,Yes,Fiber optic,Yes,No,Yes,No,No,No,Month-to-month,Yes,Electronic check,61.61,110.15,Yes
C05637,Female,0,Yes,No,5,Yes,No,Fiber optic,Yes,Yes,Yes,Yes,Yes,No,Month-to-month,Yes,Credit card (automatic),60.7,401.88,No
C05638,Male,0,Yes,Yes,47,No,No phone service,No,No internet service,No internet service,No internet service,No internet service,No internet service,No internet service,Two year,No,Bank transfer (automatic),18.0,671.87,No
C05639,Female,0,No,Yes,9,Yes,Yes,Fiber optic,Yes,No,Yes,No,No,Yes,One year,Yes,Mailed check,56.0,485.44,No
C05640,Female,1,Yes,No,15,Yes,No,Fiber optic,Yes,No,Yes,No,No,No,Month-to-month,Yes,Credit card (automatic),69.05,1196.32,Yes
C05641,Female,0,No,No,41,Yes,Yes,Fiber optic,No,No,No,No,No,No,Two year,Yes,Electronic check,49.24,2023.81,No
C05642,Female,0,Yes,No,6,Yes,Yes,Fiber optic,No,No,No,Yes,No,Yes,Month-to-month,Yes,Credit card (automatic),63.39,138.42,Yes
C05643,Male,0,Yes,Yes,24,No,No phone service,Fiber optic,Yes,Yes,Yes,Yes,Yes,Yes,One year,No,Credit card (automatic),53.87,1282.57,No
C05644,Male,0,Yes,Yes,72,Yes,No,DSL,Yes,No,Yes,No,Yes,Yes,Month-to-month,Yes,Mailed check,30.05,1974.14,No
C05645,Male,0,No,No,25,Yes,No,No,No internet service,No internet service,No internet service,No internet service,No internet service,No internet service,Two year,No,Mailed check,24.48,302.82,No
C05646,Female,0,No,No,1,Yes,Yes,No,No internet service,No internet service,No internet service,No internet service,No internet service,No internet service,Month-to-month,Yes,Credit card (automatic),18.0,18.0,No
C05647,Female,0,Yes,Yes,28,Yes,Yes,Fiber optic,No,No,No,No,No,No,One year,Yes,Mailed check,72.63,1962.09,No
C05648,Female,0,No,No,3,Yes,Yes,Fiber optic,No,No,No,Yes,No,No,Two year,Yes,Bank transfer (automatic),48.84,214.5,Yes
C05649,Female,0,Yes,No,10,Yes,Yes,DSL,No,No,Yes,No,Yes,No,One year,No,Bank transfer (automatic),54.37,640.58,No
C05650,Female,0,Yes,Yes,60,Yes,No,No,No internet service,No internet service,No internet service,No internet service,No internet service,No internet service,Two year,Yes,Electronic check,18.0,874.36,No
C05651,Male,0,No,Yes,1,Yes,No,Fiber optic,Yes,No,No,No,No,No,Two year,Yes,Credit card (automatic),68.96,44.58,Yes
C05652,Female,0,Yes,Yes,2,Yes,No,Fiber optic,Yes,Yes,Yes,No,No,No,Month-to-month,Yes,Bank transfer (automatic),58.21,459.15,Yes
C05653,Female,0,No,No,14,Yes,No,Fiber optic,No,No,No,No,Yes,No,Two year,Yes,Electronic check,66.03,784.0,Yes
C05654,Male,0,No,Yes,72,Yes,No,DSL,No,No,No,No,No,Yes,One year,No,Mailed check,67.2,4853.05,No
C05655,Female,0,No,No,11,Yes,No,DSL,No,Yes,No,No,No,No,Two year,Yes,Electronic check,34.74,577.12,No
C05656,Male,1,No,No,5,Yes,Yes,DSL,No,No,Yes,No,No,No,Month-to-month,Yes,Bank transfer (automatic),53.2,547.2,Yes
C05657,Male,0,No,No,25,No,No phone service,Fiber optic,No,No,Yes,No,No,No,Month-to-month,No,Electronic check,73.6,1882.28,Yes
C05658,Male,0,Yes,Yes,23,Yes,No,Fiber optic,Yes,No,No,Yes,Yes,Yes,One year,No,Mailed check,36.84,481.64,No
C05659,Male,0,Yes,No,19,Yes,No,DSL,Yes,Yes,No,No,No,No,One year,No,Credit card (automatic),24.69,601.68,No
C05660,Male,0,Yes,No,72,No,No phone service,DSL,No,Yes,No,No,Yes,Yes,Two year,Yes,Electronic check,71.55,5174.07,No
C05661,Female,0,No,No,10,Yes,No,DSL,Yes,No,No,No,No,Yes,Month-to-month,Yes,Bank transfer (automatic),35.53,352.31,Yes
C05662,Male,0,Yes,No,11,Yes,No,DSL,No,Yes,Yes,Yes,No,Yes,Month-to-month,No,Electronic check,50.94,480.32,Yes
C05663,Male,0,Yes,No,4,Yes,No,No,No internet service,No internet service,No internet service,No internet service,No internet service,No internet service,Month-to-month,Yes,Mailed check,19.35,18.0,No
C05664,Female,1,No,No,38,Yes,Yes,Fiber optic,No,No,No,Yes,Yes,No,Two year,Yes,Bank transfer (automatic),84.18,3092.47,No
C05665,Female,0,No,Yes,12,Yes,No,DSL,No,No,No,No,No,Yes,Month-to-month,No,Credit card (automatic),69.16,648.29,Yes
C05666,Male,0,No,No,51,Yes,No,Fiber optic,Yes,No,Yes,No,Yes,No,Month-to-month,No,Electronic check,62.99,3246.98,No
C05667,Female,1,No,No,72,Yes,No,Fiber optic,No,No,Yes,No,No,No,Month-to-month,No,Electronic check,60.84,4545.93,Yes
C05668,Female,0,Yes,No,1,Yes,No,No,No internet service,No internet service,No internet service,No internet service,No internet service,No internet service,One year,Yes,Bank transfer (automatic),18.0,62.62,No
C05669,Male,0,No,Yes,72,Yes,No,DSL,Yes,Yes,Yes,No,Yes,Yes,Two year,Yes,Mailed check,67.69,4583.67,No
C05670,Male,0,Yes,Yes,9,Yes,No,DSL,No,Yes,Yes,Yes,Yes,No,One year,Yes,Electronic check,39.03,424.54,No
C05671,Female,1,Yes,No,17,Yes,Yes,Fiber optic,No,Yes,No,Yes,No,Yes,One year,Yes,Bank transfer (automatic),92.33,1430.19,No
C05672,Male,0,No,Yes,48,Yes,Yes,No,No internet service,No internet service,No internet service,No internet service,No internet service,No internet service,Month-to-month,Yes,Bank transfer (automatic),23.86,670.43,No
C05673,Male,0,No,No,35,Yes,No,DSL,Yes,Yes,Yes,No,Yes,No,One year,No,Bank transfer (automatic),59.92,2146.43,No
C05674,Female,0,No,No,48,Yes,No,DSL,No,No,No,No,Yes,No,Month-to-month,Yes,Credit card (automatic),29.83,1325.34,No
C05675,Male,0,No,No,20,Yes,Yes,DSL,No,No,Yes,No,No,No,Month-to-month,No,Bank transfer (automatic),20.76,351.71,No
C05676,Male,0,No,Yes,72,Yes,No,Fiber optic,No,Yes,Yes,No,Yes,Yes,Month-to-month,Yes,Bank transfer (automatic),60.68,4360.18,No
C05677,Male,0,Yes,Yes,49,Yes,Yes,Fiber optic,Yes,Yes,Yes,No,Yes,Yes,Month-to-month,No,Mailed check,75.53,3546.53,Yes
C05678,Male,0,No,No,11,Yes,No,No,No internet service,No internet service,No internet service,No internet service,No internet service,No internet service,Two year,Yes,Bank transfer (automatic),24.09,477.03,No
C05679,Male,1,No,No,72,Yes,Yes,No,No internet service,No internet service,No internet service,No internet service,No internet service,No internet service,Month-to-month,No,Bank transfer (automatic),18.0,994.21,No
C05680,Female,0,No,No,72,Yes,Yes,Fiber optic,No,No,No,No,Yes,Yes,Month-to-month,Yes,Mailed check,77.48,5340.75,No
C05681,Female,1,Yes,No,17,Yes,No,No,No internet service,No internet service,No internet service,No internet service,No internet service,No internet service,Month-to-month,Yes,Bank transfer (automatic),21.22,416.72,No
C05682,Male,0,Yes,No,33,Yes,No,DSL,Yes,Yes,No,Yes,No,No,One year,No,Credit card (automatic),43.51,1570.92,No
C05683,Female,0,No,Yes,53,Yes,No,Fiber optic,Yes,Yes,No,No,No,Yes,One year,No,Mailed check,80.93,4102.7,No
C05684,Male,0,Yes,No,54,Yes,Yes,No,No internet service,No internet service,No internet service,No internet service,No internet service,No internet service,Month-to-month,Yes,Mailed check,29.52,1483.87,No
C05685,Male,0,No,Yes,1,Yes,No,Fiber optic,No,No,No,No,Yes,Yes,Month-to-month,Yes,Bank transfer (automatic),84.5,71.49,Yes
C05686,Male,1,Yes,Yes,31,Yes,No,DSL,Yes,Yes,No,No,Yes,No,One year,Yes,Electronic check,35.73,1149.98,No
C05687,Male,0,Yes,No,72,Yes,Yes,DSL,No,No,No,No,No,Yes,Two year,Yes,Electronic check,55.93,4164.52,No
C05688,Male,0,No,No,8,Yes,No,Fiber optic,Yes,Yes,No,No,Yes,Yes,Month-to-month,Yes,Mailed check,86.59,523.33,Yes
C05689,Female,0,Yes,No,50,Yes,No,No,No internet service,No internet service,No internet service,No internet service,No internet service,No internet service,Month-to-month,No,Mailed check,18.0,994.28,No
C05690,Female,0,No,No,24,Yes,No,Fiber optic,Yes,No,No,No,Yes,No,Month-to-month,Yes,Electronic check,83.82,2081.36,Yes
C05691,Male,0,Yes,Yes,8,Yes,No,DSL,No,Yes,No,Yes,No,No,One year,No,Bank transfer (automatic),32.86,203.5,No
C05692,Female,0,Yes,No,1,Yes,No,Fiber optic,Yes,No,No,Yes,No,No,One year,Yes,Mailed check,82.12,18.0,No
C05693,Male,0,Yes,No,45,Yes,No,No,No internet service,No internet service,No internet service,No internet service,No internet service,No internet service,Month-to-month,No,Electronic check,31.58,1512.39,No
C05694,Female,0,No,Yes,12,Yes,Yes,Fiber optic,Yes,Yes,No,Yes,No,No,Month-to-month,No,Electronic check,49.95,736.49,Yes
C05695,Male,0,Yes,No,15,Yes,No,DSL,No,No,No,No,Yes,Yes,Month-to-month,Yes,Bank transfer (automatic),40.86,800.08,No
C05696,Female,0,No,No,21,Yes,No,No,No internet service,No internet service,No internet service,No internet service,No internet service,No internet service,Month-to-month,Yes,Electronic check,18.0,676.14,No
C05697,Male,0,No,No,22,No,No phone service,No,No internet service,No internet service,No internet service,No internet service,No internet service,No internet service,Two year,Yes,Mailed check,19.01,356.05,No
C05698,Male,0,No,No,7,Yes,No,Fiber optic,No,No,No,No,No,No,One year,No,Electronic check,76.45,699.05,Yes
C05699,Female,0,No,No,35,Yes,No,DSL,Yes,No,No,Yes,No,No,Month-to-month,Yes,Electronic check,54.92,1801.38,Yes
C05700,Female,0,Yes,No,37,Yes,No,Fiber optic,Yes,No,No,No,Yes,No,One year,No,Credit card (automatic),56.84,2334.79,No
C05701,Male,0,Yes,No,4,Yes,No,No,No internet service,No internet service,No internet service,No internet service,No internet service,No internet service,Month-to-month,No,Electronic check,35.53,55.62,No
C05702,Female,0,No,No,24,Yes,No,No,No internet service,No internet service,No internet service,No internet service,No internet service,No internet service,Two year,No,Credit card (automatic),53.27,1349.17,No
C05703,Male,0,Yes,No,30,Yes,Yes,No,No internet service,No internet service,No internet service,No internet service,No internet service,No internet service,Month-to-month,Yes,Mailed check,18.0,268.46,No
C05704,Female,0,No,No,6,Yes,No,DSL,Yes,No,No,No,No,No,Month-to-month,Yes,Bank transfer (automatic),66.09,542.83,Yes
C05705,Female,0,No,Yes,71,Yes,No,No,No internet service,No internet service,No internet service,No internet service,No internet service,No internet service,Two year,No,Bank transfer (automatic),18.0,1339.4,No
C05706,Male,0,Yes,No,21,Yes,No,Fiber optic,No,Yes,Yes,Yes,Yes,Yes,One year,No,Mailed check,95.23,2118.26,No
C05707,Female,0,No,No,3,Yes,No,No,No internet service,No internet service,No internet service,No internet service,No internet service,No internet service,Month-to-month,Yes,Credit card (automatic),43.52,193.45,Yes
C05708,Female,0,No,Yes,13,Yes,Yes,Fiber optic,No,No,No,Yes,Yes,Yes,Two year,No,Bank transfer (automatic),66.33,941.17,No
C05709,Male,0,Yes,No,20,Yes,Yes,No,No internet service,No internet service,No internet service,No internet service,No internet service,No internet service,Two year,No,Credit card (automatic),18.0,665.01,No
C05710,Female,0,No,Yes,1,Yes,No,DSL,No,No,Yes,No,Yes,Yes,One year,No,Mailed check,48.89,18.0,Yes
C05711,Male,0,Yes,Yes,1,Yes,No,Fiber optic,No,Yes,No,No,No,No,Month-to-month,Yes,Bank transfer (automatic),66.28,121.45,Yes
C05712,Male,0,No,No,1,Yes,Yes,DSL,Yes,Yes,No,Yes,No,No,Month-to-month,No,Credit card (automatic),58.05,18.0,Yes
C05713,Male,0,No,No,24,Yes,No,DSL,Yes,No,Yes,No,No,Yes,One year,Yes,Bank transfer (automatic),47.65,1192.42,No
C05714,Male,0,No,No,13,Yes,Yes,Fiber optic,No,No,Yes,No,No,Yes,Month-to-month,Yes,Electronic check,54.55,381.46,Yes
C05715,Male,0,No,Yes,71,Yes,Yes,Fiber optic,Yes,Yes,No,Yes,Yes,No,Month-to-month,Yes,Credit card (automatic),55.59,4027.95,No
C05716,Female,0,No,No,26,Yes,Yes,Fiber optic,No,Yes,No,No,No,Yes,Month-to-month,Yes,Mailed check,60.78,1385.01,Yes
C05717,Male,0,No,Yes,45,Yes,Yes,DSL,Yes,No,Yes,No,No,No,One year,Yes,Bank transfer (automatic),56.16,2500.0,No
C05718,Male,0,No,No,37,Yes,Yes,DSL,No,No,No,No,No,No,Month-to-month,Yes,Electronic check,43.42,1229.62,Yes
C05719,Female,0,No,No,23,Yes,No,DSL,No,Yes,No,Yes,No,No,Month-to-month,Yes,Mailed check,33.61,742.74,No
C05720,Female,1,No,No,43,Yes,No,DSL,No,Yes,No,Yes,No,Yes,Month-to-month,Yes,Bank transfer (automatic),68.47,2865.72,No
C05721,Female,0,No,Yes,25,Yes,No,Fiber optic,No,Yes,No,Yes,No,Yes,Month-to-month,Yes,Bank transfer (automatic),81.9,2163.64,Yes
C05722,Male,0,No,No,15,Yes,No,Fiber optic,No,No,No,Yes,Yes,Yes,One year,Yes,Mailed check,70.7,1106.66,No
C05723,Male,0,No,No,18,Yes,Yes,No,No internet service,No internet service,No internet service,No internet service,No internet service,No internet service,One year,No,Electronic check,18.0,18.0,No
C05724,Male,0,No,Yes,58,Yes,No,DSL,No,No,No,No,No,No,Month-to-month,Yes,Credit card (automatic),35.97,2471.92,No
C05725,Female,0,Yes,Yes,26,Yes,No,DSL,No,No,Yes,No,No,Yes,Two year,Yes,Bank transfer (automatic),18.0,475.77,No
C05726,Male,0,No,No,15,Yes,No,Fiber optic,No,Yes,Yes,No,No,Yes,Month-to-month,Yes,Electronic check,73.82,1368.41,Yes
C05727,Female,0,No,No,6,Yes,No,No,No internet service,No internet service,No internet service,No internet service,No internet service,No internet service,One year,Yes,Credit card (automatic),18.0,172.06,No
C05728,Male,0,No,No,21,Yes,No,DSL,No,No,Yes,No,Yes,No,Month-to-month,Yes,Bank transfer (automatic),52.12,1245.55,Yes
C05729,Female,0,Yes,Yes,9,Yes,No,No,No internet service,No internet service,No internet service,No internet service,No internet service,No internet service,One year,Yes,Credit card (automatic),52.66,500.71,No
C05730,Male,0,No,No,72,Yes,No,Fiber optic,No,Yes,No,No,Yes,No,Month-to-month,Yes,Credit card (automatic),63.59,4478.26,No
C05731,Male,1,Yes,No,21,Yes,Yes,No,No internet service,No internet service,No internet service,No internet service,No internet service,No internet service,Month-to-month,No,Bank transfer (automatic),18.0,428.26,Yes
C05732,Male,0,Yes,No,1,Yes,No,No,No internet service,No internet service,No internet service,No internet service,No internet service,No internet service,Month-to-month,Yes,Electronic check,29.0,18.0,No
C05733,Female,0,No,No,3,Yes,No,DSL,No,Yes,No,No,No,No,One year,No,Bank transfer (automatic),35.66,340.2,No
C05734,Female,0,No,No,10,Yes,Yes,Fiber optic,Yes,Yes,No,No,No,Yes,Month-to-month,Yes,Electronic check,50.17,595.7,Yes
C05735,Male,0,Yes,No,3,Yes,Yes,No,No internet service,No internet service,No internet service,No internet service,No internet service,No internet service,Month-to-month,No,Mailed check,18.0,18.0,No
C05736,Male,1,No,No,71,Yes,No,No,No internet service,No internet service,No internet service,No internet service,No internet service,No internet service,One year,No,Bank transfer (automatic),18.0,1026.19,No
C05737,Male,0,Yes,No,61,Yes,Yes,Fiber optic,No,Yes,No,Yes,No,No,Month-to-month,No,Credit card (automatic),64.85,3959.6,No
C05738,Female,0,Yes,Yes,72,No,No phone service,No,No internet service,No internet service,No internet service,No internet service,No internet service,No internet service,Month-to-month,Yes,Mailed check,23.34,1461.02,No
C05739,Male,0,Yes,No,39,Yes,Yes,Fiber optic,Yes,No,Yes,Yes,No,No,Month-to-month,Yes,Mailed check,87.02,3274.55,No
C05740,Male,0,No,Yes,33,Yes,No,Fiber optic,No,No,Yes,No,No,No,One year,No,Electronic check,70.1,2340.59,No
C05741,Male,0,Yes,No,72,Yes,Yes,DSL,No,Yes,Yes,Yes,No,Yes,Two year,Yes,Bank transfer (automatic),47.96,3148.28,No
C05742,Male,0,Yes,No,72,Yes,No,Fiber optic,No,Yes,No,No,Yes,No,Two year,Yes,Electronic check,84.48,6016.76,No
C05743,Female,0,No,No,67,No,No phone service,Fiber optic,No,Yes,No,Yes,No,No,Month-to-month,Yes,Credit card (automatic),78.84,5721.25,No
C05744,Female,0,Yes,Yes,63,Yes,No,DSL,No,No,Yes,Yes,No,Yes,Month-to-month,Yes,Electronic check,41.21,2751.05,No
C05745,Male,0,No,Yes,35,Yes,Yes,No,No internet service,No internet service,No internet service,No internet service,No internet service,No internet service,Two year,Yes,Mailed check,39.49,1343.26,No
C05746,Male,1,No,Yes,1,Yes,Yes,No,No internet service,No internet service,No internet service,No internet service,No internet service,No internet service,Two year,Yes,Credit card (automatic),18.0,18.0,No
C05747,Female,0,No,Yes,17,Yes,Yes,DSL,No,Yes,No,No,Yes,No,Month-to-month,No,Electronic check,39.76,600.9,Yes
C05748,Female,0,Yes,No,32,Yes,No,Fiber optic,No,Yes,No,Yes,No,No,Month-to-month,No,Mailed check,79.16,2571.69,No
C05749,Male,0,No,No,25,Yes,Yes,Fiber optic,No,No,Yes,No,No,No,Month-to-month,Yes,Electronic check,89.59,2194.28,Yes
C05750,Female,0,No,Yes,55,Yes,No,No,No internet service,No internet service,No internet service,No internet service,No internet service,No internet service,Two year,No,Electronic check,19.8,1006.07,No
C05751,Female,0,Yes,Yes,54,No,No phone service,DSL,No,Yes,No,No,Yes,Yes,Month-to-month,Yes,Bank transfer (automatic),25.63,1261.96,No
C05752,Male,0,Yes,No,29,Yes,No,Fiber optic,No,Yes,Yes,No,No,Yes,Month-to-month,No,Credit card (automatic),86.04,2470.55,No
C05753,Female,0,No,No,1,Yes,Yes,No,No internet service,No internet service,No internet service,No internet service,No internet service,No internet service,Two year,Yes,Electronic check,23.07,64.39,No
C05754,Female,1,Yes,No,14,Yes,No,Fiber optic,Yes,No,No,Yes,No,Yes,Month-to-month,Yes,Electronic check,60.86,830.08,Yes
C05755,Male,0,No,Yes,8,Yes,No,Fiber optic,Yes,No,No,Yes,Yes,Yes,Month-to-month,Yes,Mailed check,70.68,748.14,Yes
C05756,Male,0,No,No,13,Yes,Yes,Fiber optic,No,No,Yes,Yes,No,No,Month-to-month,No,Credit card (automatic),68.18,893.65,Yes
C05757,Female,1,Yes,No,30,Yes,Yes,Fiber optic,Yes,No,No,Yes,Yes,No,Month-to-month,Yes,Electronic check,69.56,1960.4,Yes
C05758,Male,1,Yes,Yes,2,Yes,Yes,No,No internet service,No internet service,No internet service,No internet service,No internet service,No internet service,Month-to-month,No,Bank transfer (automatic),18.0,143.98,Yes
C05759,Female,0,No,Yes,1,Yes,No,No,No internet service,No internet service,No internet service,No internet service,No internet service,No internet service,One year,Yes,Bank transfer (automatic),18.0,18.0,No
C05760,Male,0,Yes,No,18,Yes,No,Fiber optic,Yes,No,Yes,No,Yes,Yes,Two year,No,Mailed check,84.41,1808.71,No
C05761,Female,0,No,No,50,Yes,Yes,DSL,No,No,Yes,Yes,No,No,One year,Yes,Electronic check,33.45,1442.31,No
C05762,Male,1,Yes,Yes,1,Yes,Yes,DSL,No,No,No,No,Yes,Yes,One year,No,Mailed check,56.57,18.0,Yes
C05763,Female,1,No,No,60,No,No phone service,DSL,No,Yes,No,No,No,No,Month-to-month,No,Mailed check,40.5,2703.27,No
C05764,Female,0,No,Yes,15,Yes,Yes,DSL,No,No,Yes,Yes,No,Yes,One year,Yes,Credit card (automatic),35.28,315.04,No
C05765,Female,0,Yes,No,4,Yes,Yes,No,No internet service,No internet service,No internet service,No internet service,No internet service,No internet service,Month-to-month,No,Credit card (automatic),18.0,55.07,No
C05766,Male,0,Yes,No,26,Yes,Yes,Fiber optic,No,Yes,Yes,Yes,No,No,Month-to-month,Yes,Credit card (automatic),66.14,1834.79,No
C05767,Male,0,No,No,72,No,No phone service,DSL,No,No,Yes,Yes,Yes,No,Month-to-month,No,Electronic check,33.73,2635.17,No
C05768,Female,0,No,No,25,Yes,No,No,No internet service,No internet service,No internet service,No internet service,No internet service,No internet service,Two year,Yes,Electronic check,18.0,508.05,No
C05769,Female,1,Yes,No,37,Yes,No,No,No internet service,No internet service,No internet service,No internet service,No internet service,No internet service,Two year,Yes,Electronic check,28.3,882.15,No
C05770,Male,0,No,Yes,54,Yes,Yes,No,No internet service,No internet service,No internet service,No internet service,No internet service,No internet service,Two year,Yes,Electronic check,21.05,1032.65,No
C05771,Male,0,Yes,No,51,Yes,Yes,No,No internet service,No internet service,No internet service,No internet service,No internet service,No internet service,Month-to-month,Yes,Mailed check,18.0,1123.72,No
C05772,Male,0,No,No,2,No,No phone service,DSL,No,No,No,No,No,No,Month-to-month,No,Mailed check,24.03,18.0,No
C05773,Male,0,No,No,43,Yes,Yes,Fiber optic,Yes,No,Yes,Yes,Yes,No,Month-to-month,Yes,Mailed check,77.84,3009.07,No
C05774,Male,0,Yes,No,72,Yes,Yes,DSL,Yes,Yes,No,No,No,No,Two year,Yes,Credit card (automatic),41.55,3047.63,No
C05775,Male,0,Yes,No,38,Yes,Yes,Fiber optic,No,No,Yes,No,No,Yes,Month-to-month,Yes,Bank transfer (automatic),69.94,2696.01,Yes
C05776,Female,0,Yes,No,57,Yes,No,DSL,Yes,No,No,Yes,Yes,No,One year,Yes,Bank transfer (automatic),67.71,4091.46,No
C05777,Male,0,No,Yes,21,Yes,Yes,No,No internet service,No internet service,No internet service,No internet service,No internet service,No internet service,Two year,Yes,Bank transfer (automatic),23.47,840.11,No
C05778,Female,0,Yes,No,12,Yes,No,No,No internet service,No internet service,No internet service,No internet service,No internet service,No internet service,Month-to-month,No,Mailed check,18.0,240.25,No
C05779,Male,0,Yes,No,36,Yes,Yes,Fiber optic,No,No,Yes,Yes,No,Yes,Month-to-month,No,Mailed check,72.02,2833.88,No
C05780,Male,0,No,No,21,Yes,Yes,Fiber optic,No,Yes,No,No,No,Yes,Month-to-month,Yes,Mailed check,61.67,1227.36,Yes
C05781,Female,0,Yes,No,72,Yes,No,No,No internet service,No internet service,No internet service,No internet service,No internet service,No internet service,One year,Yes,Credit card (automatic),34.97,2500.8,No
C05782,Female,0,No,No,72,Yes,Yes,Fiber optic,No,No,Yes,Yes,No,Yes,One year,Yes,Bank transfer (automatic),77.1,5534.55,No
C05783,Male,0,Yes,No,54,Yes,Yes,Fiber optic,No,Yes,No,No,Yes,No,Month-to-month,No,Mailed check,64.17,3217.18,No
C05784,Female,0,Yes,No,72,Yes,No,DSL,Yes,No,No,No,Yes,No,One year,Yes,Mailed check,56.06,4320.05,No
C05785,Female,0,Yes,No,13,Yes,Yes,No,No internet service,No internet service,No internet service,No internet service,No internet service,No internet service,Month-to-month,Yes,Credit card (automatic),24.28,402.8,No
C05786,Female,1,No,No,72,Yes,No,No,No internet service,No internet service,No internet service,No internet service,No internet service,No internet service,Month-to-month,Yes,Mailed check,23.68,1564.37,No
C05787,Female,0,No,No,12,Yes,No,Fiber optic,Yes,No,Yes,No,No,Yes,Two year,No,Credit card (automatic),69.16,830.81,No
C05788,Male,0,No,Yes,4,Yes,Yes,Fiber optic,Yes,No,Yes,No,Yes,No,Month-to-month,No,Mailed check,71.31,240.95,Yes
C05789,Female,0,Yes,No,31,Yes,Yes,Fiber optic,Yes,No,No,No,No,No,One year,Yes,Credit card (automatic),78.52,2202.99,No
C05790,Male,0,Yes,No,19,Yes,Yes,DSL,No,No,No,No,No,No,Month-to-month,No,Electronic check,33.16,631.41,Yes
C05791,Male,0,No,No,72,Yes,No,DSL,Yes,Yes,No,No,Yes,Yes,Month-to-month,No,Mailed check,66.1,4856.45,No
C05792,Male,1,Yes,No,21,Yes,No,DSL,No,No,No,Yes,No,No,Month-to-month,Yes,Electronic check,42.49,1404.26,No
C05793,Male,0,Yes,Yes,72,Yes,No,DSL,Yes,Yes,No,No,No,No,Month-to-month,No,Electronic check,38.47,3004.27,No
C05794,Female,0,Yes,No,2,Yes,No,DSL,Yes,No,No,No,Yes,No,Month-to-month,Yes,Mailed check,35.98,73.18,No
C05795,Female,0,No,No,56,Yes,No,Fiber optic,No,No,No,Yes,No,No,Two year,No,Mailed check,64.01,3874.09,No
C05796,Male,1,No,No,45,Yes,Yes,Fiber optic,Yes,No,Yes,No,No,No,Month-to-month,Yes,Electronic check,81.27,3082.67,Yes
C05797,Male,0,Yes,Yes,40,Yes,Yes,No,No internet service,No internet service,No internet service,No internet service,No internet service,No internet service,Month-to-month,Yes,Mailed check,19.62,627.05,No
C05798,Male,0,Yes,No,14,Yes,No,Fiber optic,No,No,Yes,No,Yes,Yes,One year,No,Credit card (automatic),64.77,691.25,Yes
C05799,Male,0,No,No,49,Yes,Yes,Fiber optic,No,No,No,No,No,Yes,Two year,No,Mailed check,79.19,3694.65,No
C05800,Female,0,No,No,21,Yes,No,No,No internet service,No internet service,No internet service,No internet service,No internet service,No internet service,Two year,Yes,Electronic check,18.0,416.09,No
C05801,Male,1,Yes,No,40,Yes,Yes,No,No internet service,No internet service,No internet service,No internet service,No internet service,No internet service,One year,Yes,Electronic check,18.0,591.95,No
C05802,Female,0,No,No,25,Yes,Yes,DSL,No,No,Yes,Yes,No,Yes,Two year,Yes,Credit card (automatic),28.25,656.5,No
C05803,Male,0,Yes,No,5,No,No phone service,Fiber optic,No,Yes,No,Yes,Yes,Yes,Two year,No,Electronic check,59.65,327.99,No
C05804,Male,1,Yes,No,2,Yes,No,Fiber optic,No,Yes,No,Yes,No,No,Month-to-month,Yes,Credit card (automatic),65.69,330.91,Yes
C05805,Male,1,Yes,Yes,14,Yes,No,Fiber optic,No,Yes,No,Yes,Yes,No,Month-to-month,No,Electronic check,54.28,1102.54,Yes
C05806,Male,0,Yes,Yes,72,Yes,No,No,No internet service,No internet service,No internet service,No internet service,No internet service,No internet service,Month-to-month,Yes,Mailed check,41.64,3036.46,No
C05807,Female,1,Yes,No,24,Yes,No,DSL,Yes,Yes,No,Yes,No,No,Month-to-month,Yes,Bank transfer (automatic),52.45,1158.62,No
C05808,Female,0,No,No,51,Yes,Yes,DSL,Yes,Yes,No,No,No,Yes,Month-to-month,No,Bank transfer (automatic),41.13,1912.73,No
C05809,Female,0,Yes,No,27,Yes,No,DSL,No,No,No,No,Yes,Yes,Month-to-month,No,Bank transfer (automatic),57.23,1545.83,No
C05810,Male,1,Yes,No,72,Yes,No,No,No internet service,No internet service,No internet service,No internet service,No internet service,No internet service,One year,Yes,Credit card (automatic),18.0,1082.7,No
C05811,Male,0,Yes,No,14,Yes,No,Fiber optic,Yes,No,Yes,Yes,No,No,Month-to-month,Yes,Electronic check,103.82,1328.14,Yes
C05812,Female,0,No,No,1,No,No phone service,Fiber optic,Yes,No,No,Yes,No,No,One year,No,Bank transfer (automatic),86.09,18.0,No
C05813,Female,0,No,No,48,Yes,Yes,Fiber optic,No,No,No,Yes,Yes,Yes,Month-to-month,No,Credit card (automatic),83.69,4092.06,No
C05814,Male,0,Yes,Yes,39,Yes,No,DSL,No,No,No,Yes,No,Yes,Month-to-month,No,Electronic check,56.56,1880.83,No
C05815,Male,0,Yes,No,23,Yes,Yes,DSL,No,No,No,No,Yes,No,One year,Yes,Electronic check,21.5,341.46,No
C05816,Female,0,Yes,Yes,12,Yes,Yes,No,No internet service,No internet service,No internet service,No internet service,No internet service,No internet service,Month-to-month,No,Bank transfer (automatic),18.0,190.71,No
C05817,Male,0,Yes,No,6,No,No phone service,DSL,No,No,No,No,Yes,Yes,Two year,Yes,Electronic check,19.08,18.0,Yes
C05818,Male,0,Yes,No,21,Yes,No,No,No internet service,No internet service,No internet service,No internet service,No internet service,No internet service,Month-to-month,Yes,Bank transfer (automatic),26.7,447.37,No
C05819,Female,0,No,Yes,35,Yes,Yes,No,No internet service,No internet service,No internet service,No internet service,No internet service,No internet service,Two year,Yes,Electronic check,21.42,573.34,No
C05820,Male,1,No,No,27,Yes,Yes,Fiber optic,No,Yes,No,Yes,No,No,Month-to-month,No,Mailed check,90.04,2369.79,Yes
C05821,Female,0,No,No,18,Yes,No,Fiber optic,No,No,No,Yes,No,No,Month-to-month,No,Bank transfer (automatic),83.66,1540.94,Yes
C05822,Male,0,Yes,No,24,Yes,No,Fiber optic,No,Yes,No,No,No,Yes,Month-to-month,No,Credit card (automatic),57.49,1274.11,Yes
C05823,Female,0,Yes,No,3,Yes,Yes,DSL,Yes,No,Yes,No,No,No,Month-to-month,Yes,Mailed check,18.0,84.36,No
C05824,Male,0,No,No,38,Yes,No,No,No internet service,No internet service,No internet service,No internet service,No internet service,No internet service,One year,Yes,Mailed check,18.0,628.81,No
C05825,Female,1,No,No,42,No,No phone service,Fiber optic,No,Yes,Yes,No,Yes,No,Month-to-month,Yes,Credit card (automatic),56.84,2553.14,Yes
C05826,Female,0,Yes,No,1,Yes,No,DSL,Yes,Yes,No,Yes,No,No,Month-to-month,Yes,Electronic check,41.96,71.99,Yes
C05827,Female,0,No,No,10,Yes,No,DSL,No,No,No,Yes,No,Yes,Month-to-month,No,Mailed check,34.97,339.1,No
C05828,Female,0,Yes,No,3,No,No phone service,No,No internet service,No internet service,No internet service,No internet service,No internet service,No internet service,Two year,Yes,Electronic check,33.47,188.85,No
C05829,Male,0,Yes,No,72,Yes,No,No,No internet service,No internet service,No internet service,No internet service,No internet service,No internet service,Month-to-month,No,Bank transfer (automatic),35.96,2918.64,No
C05830,Male,0,Yes,No,28,No,No phone service,Fiber optic,Yes,No,No,Yes,No,No,Month-to-month,Yes,Mailed check,58.01,1432.0,No
C05831,Female,0,No,No,20,Yes,No,No,No internet service,No internet service,No internet service,No internet service,No internet service,No internet service,Month-to-month,Yes,Bank transfer (automatic),60.0,1048.86,No
C05832,Male,0,Yes,Yes,19,Yes,Yes,No,No internet service,No internet service,No internet service,No internet service,No internet service,No internet service,Two year,Yes,Electronic check,18.0,541.44,No
C05833,Male,0,No,No,72,Yes,No,DSL,No,Yes,No,No,No,No,One year,Yes,Credit card (automatic),32.83,2473.46,No
C05834,Male,0,Yes,No,34,Yes,No,No,No internet service,No internet service,No internet service,No internet service,No internet service,No internet service,One year,No,Credit card (automatic),40.67,1467.46,No
C05835,Male,0,Yes,No,5,Yes,No,Fiber optic,No,No,Yes,Yes,No,No,Two year,No,Mailed check,91.49,18.0,No
C05836,Male,0,No,No,19,Yes,No,Fiber optic,No,No,Yes,No,No,No,Month-to-month,Yes,Credit card (automatic),71.63,1320.26,Yes
C05837,Female,0,Yes,Yes,47,Yes,Yes,DSL,Yes,No,No,Yes,Yes,No,Month-to-month,No,Electronic check,61.55,3018.25,No
C05838,Female,0,Yes,No,17,Yes,No,No,No internet service,No internet service,No internet service,No internet service,No internet service,No internet service,Month-to-month,Yes,Bank transfer (automatic),18.0,207.39,No
C05839,Female,0,Yes,No,11,No,No phone service,DSL,No,Yes,No,No,Yes,No,Month-to-month,Yes,Credit card (automatic),38.39,685.99,No
C05840,Female,0,No,No,72,Yes,No,Fiber optic,No,Yes,No,No,Yes,No,Month-to-month,No,Mailed check,76.18,5404.93,No
C05841,Male,0,No,Yes,72,No,No phone service,DSL,Yes,No,No,No,No,No,Month-to-month,Yes,Bank transfer (automatic),44.94,3265.2,No
C05842,Male,0,Yes,Yes,72,Yes,Yes,Fiber optic,Yes,No,Yes,No,Yes,No,Month-to-month,Yes,Bank transfer (automatic),58.11,4393.82,No
C05843,Female,0,Yes,No,4,Yes,No,Fiber optic,No,No,Yes,No,No,No,One year,No,Electronic check,72.79,441.28,Yes
C05844,Male,0,No,Yes,8,Yes,Yes,Fiber optic,Yes,No,Yes,No,No,No,Month-to-month,Yes,Electronic check,71.23,655.9,Yes
C05845,Male,0,Yes,No,18,No,No phone service,Fiber optic,No,No,Yes,Yes,No,No,One year,Yes,Bank transfer (automatic),67.18,1137.41,No
C05846,Female,0,Yes,Yes,57,Yes,No,DSL,Yes,No,Yes,Yes,No,Yes,Month-to-month,No,Mailed check,56.71,3416.15,No
C05847,Male,0,Yes,No,42,Yes,Yes,Fiber optic,No,Yes,Yes,Yes,No,Yes,One year,Yes,Credit card (automatic),94.07,3798.77,No
C05848,Female,0,No,No,60,Yes,No,Fiber optic,No,No,Yes,Yes,No,No,Month-to-month,No,Credit card (automatic),54.67,3111.05,No
C05849,Female,0,Yes,No,72,Yes,Yes,No,No internet service,No internet service,No internet service,No internet service,No internet service,No internet service,Month-to-month,Yes,Credit card (automatic),33.3,2104.01,No
C05850,Male,1,No,No,48,Yes,No,Fiber optic,Yes,Yes,No,Yes,No,No,Two year,No,Electronic check,104.9,5131.17,No
C05851,Male,0,No,No,9,No,No phone service,Fiber optic,Yes,Yes,No,Yes,No,No,Two year,Yes,Mailed check,44.44,254.7,No
C05852,Female,0,No,Yes,10,No,No phone service,No,No internet service,No internet service,No internet service,No internet service,No internet service,No internet service,One year,Yes,Bank transfer (automatic),31.41,70.74,No
C05853,Female,0,No,No,13,Yes,Yes,Fiber optic,Yes,Yes,Yes,Yes,No,No,Two year,No,Electronic check,75.87,774.25,No
C05854,Male,0,Yes,No,11,Yes,No,DSL,Yes,No,No,No,Yes,No,Month-to-month,No,Credit card (automatic),43.36,810.2,No
C05855,Female,0,No,Yes,9,Yes,No,No,No internet service,No internet service,No internet service,No internet service,No internet service,No internet service,Two year,No,Mailed check,18.0,68.76,No
C05856,Female,1,No,Yes,44,Yes,Yes,No,No internet service,No internet service,No internet service,No internet service,No internet service,No internet service,Month-to-month,No,Electronic check,27.79,1551.24,No
C05857,Female,0,No,Yes,1,Yes,No,DSL,No,No,No,Yes,No,Yes,One year,Yes,Electronic check,57.1,18.84,No
C05858,Male,0,Yes,No,41,Yes,No,DSL,No,No,No,No,No,No,One year,No,Bank transfer (automatic),41.65,1993.38,No
C05859,Female,0,Yes,No,55,Yes,No,No,No internet service,No internet service,No internet service,No internet service,No internet service,No internet service,Two year,Yes,Bank transfer (automatic),20.54,1207.02,No
C05860,Male,1,No,Yes,2,Yes,Yes,Fiber optic,No,No,No,No,No,No,One year,No,Bank transfer (automatic),40.12,152.33,Yes
C05861,Female,0,Yes,Yes,2,No,No phone service,DSL,Yes,No,Yes,No,No,Yes,Month-to-month,No,Electronic check,53.38,146.82,Yes
C05862,Male,0,Yes,No,10,Yes,Yes,Fiber optic,No,Yes,No,No,No,Yes,Month-to-month,No,Bank transfer (automatic),57.21,879.8,Yes
C05863,Female,0,No,No,7,Yes,No,Fiber optic,No,No,Yes,No,No,No,One year,Yes,Electronic check,67.2,449.66,Yes
C05864,Male,1,No,No,27,Yes,Yes,DSL,No,No,Yes,Yes,Yes,No,Two year,No,Credit card (automatic),31.21,848.83,No
C05865,Male,0,Yes,No,36,No,No phone service,Fiber optic,Yes,No,Yes,No,Yes,Yes,Month-to-month,Yes,Bank transfer (automatic),62.64,2112.86,Yes
C05866,Male,0,No,No,32,Yes,Yes,Fiber optic,No,No,No,No,No,Yes,Two year,No,Bank transfer (automatic),81.59,2298.2,No
C05867,Female,0,No,No,14,Yes,No,Fiber optic,Yes,No,Yes,No,Yes,No,Month-to-month,Yes,Electronic check,51.25,557.11,Yes
C05868,Female,0,Yes,No,22,Yes,No,Fiber optic,Yes,No,Yes,Yes,No,No,Month-to-month,Yes,Electronic check,68.17,1387.77,Yes
C05869,Female,0,No,Yes,32,Yes,No,DSL,No,No,No,Yes,No,Yes,Month-to-month,Yes,Electronic check,37.97,955.59,Yes
C05870,Male,0,No,No,4,Yes,No,DSL,Yes,Yes,Yes,No,No,No,Two year,No,Electronic check,63.92,76.57,No
C05871,Female,0,No,No,8,No,No phone service,Fiber optic,No,No,Yes,Yes,No,Yes,Two year,Yes,Credit card (automatic),67.9,190.92,No
C05872,Male,0,No,No,70,Yes,No,DSL,No,No,Yes,Yes,Yes,Yes,Month-to-month,No,Bank transfer (automatic),26.52,1692.72,No
C05873,Female,0,No,No,13,Yes,No,Fiber optic,Yes,No,Yes,No,Yes,No,One year,No,Credit card (automatic),70.36,1078.66,No
C05874,Male,0,Yes,No,51,Yes,No,No,No internet service,No internet service,No internet service,No internet service,No internet service,No internet service,Month-to-month,No,Electronic check,18.0,1192.13,No
C05875,Male,0,Yes,No,9,Yes,No,No,No internet service,No internet service,No internet service,No internet service,No internet service,No internet service,Month-to-month,Yes,Bank transfer (automatic),28.93,18.0,No
C05876,Male,0,Yes,No,1,No,No phone service,Fiber optic,No,Yes,No,No,Yes,Yes,Two year,Yes,Credit card (automatic),43.7,57.5,Yes
C05877,Female,0,No,No,22,Yes,No,Fiber optic,No,Yes,No,Yes,No,Yes,One year,No,Mailed check,71.21,1607.11,No
C05878,Female,0,No,No,71,Yes,No,DSL,No,No,No,Yes,No,Yes,Month-to-month,Yes,Electronic check,56.54,3888.73,No
C05879,Female,0,Yes,No,54,Yes,No,DSL,No,No,No,No,No,Yes,One year,No,Bank transfer (automatic),34.98,1713.17,No
C05880,Male,1,Yes,Yes,9,Yes,Yes,DSL,Yes,Yes,No,No,No,Yes,Two year,Yes,Bank transfer (automatic),68.04,449.4,No
C05881,Male,0,Yes,No,72,Yes,No,No,No internet service,No internet service,No internet service,No internet service,No internet service,No internet service,Two year,Yes,Credit card (automatic),20.62,1318.83,No
C05882,Female,0,Yes,No,20,Yes,Yes,Fiber optic,No,No,No,No,Yes,No,Month-to-month,Yes,Credit card (automatic),43.49,1079.71,Yes
C05883,Female,0,Yes,No,1,Yes,No,DSL,Yes,No,Yes,No,No,Yes,Month-to-month,Yes,Mailed check,35.96,209.6,No
C05884,Female,0,Yes,Yes,1,Yes,No,Fiber optic,No,Yes,Yes,Yes,Yes,Yes,Month-to-month,Yes,Electronic check,89.19,256.76,Yes
C05885,Male,0,No,No,21,Yes,No,Fiber optic,Yes,Yes,Yes,No,No,No,Month-to-month,No,Electronic check,71.9,1413.62,Yes
C05886,Male,0,Yes,Yes,25,Yes,No,Fiber optic,No,Yes,No,No,No,Yes,Two year,No,Credit card (automatic),24.91,462.63,No
C05887,Male,0,No,No,2,No,No phone service,No,No internet service,No internet service,No internet service,No internet service,No internet service,No internet service,Two year,No,Mailed check,36.65,135.66,No
C05888,Male,0,No,No,72,Yes,No,Fiber optic,No,No,Yes,No,Yes,No,Two year,Yes,Bank transfer (automatic),68.88,4968.53,No
C05889,Male,0,No,No,40,Yes,No,Fiber optic,No,Yes,No,No,No,Yes,One year,Yes,Bank transfer (automatic),73.59,3124.73,No
C05890,Female,0,Yes,Yes,51,Yes,Yes,DSL,Yes,No,No,Yes,Yes,Yes,Month-to-month,Yes,Mailed check,29.5,1426.41,No
C05891,Male,0,No,No,28,No,No phone service,DSL,Yes,No,Yes,No,No,No,Month-to-month,Yes,Credit card (automatic),41.12,1069.94,No
C05892,Male,0,No,Yes,34,Yes,Yes,Fiber optic,No,No,No,No,No,No,One year,No,Electronic check,62.06,2270.73,Yes
C05893,Male,1,Yes,No,15,No,No phone service,DSL,Yes,No,Yes,No,No,No,Two year,Yes,Bank transfer (automatic),47.7,746.08,No
C05894,Male,0,Yes,No,36,Yes,Yes,Fiber optic,No,No,No,No,No,No,Two year,Yes,Bank transfer (automatic),72.12,2255.17,No
C05895,Male,0,Yes,No,72,Yes,Yes,Fiber optic,No,No,Yes,No,No,No,Two year,Yes,Electronic check,88.37,6602.36,No
C05896,Female,0,No,No,33,Yes,Yes,Fiber optic,No,Yes,Yes,No,No,No,Month-to-month,No,Electronic check,79.0,2968.21,Yes
C05897,Male,0,No,No,13,Yes,No,DSL,Yes,Yes,No,No,No,No,One year,No,Bank transfer (automatic),53.12,823.94,No
C05898,Male,0,Yes,No,10,Yes,No,Fiber optic,Yes,No,Yes,Yes,Yes,Yes,Month-to-month,Yes,Electronic check,74.55,817.38,Yes
C05899,Male,0,Yes,No,72,Yes,No,No,No internet service,No internet service,No internet service,No internet service,No internet service,No internet service,Two year,Yes,Electronic check,21.88,1757.54,No
C05900,Female,0,No,No,6,Yes,No,DSL,Yes,No,No,Yes,No,No,Two year,No,Mailed check,67.32,534.33,No
C05901,Female,0,No,No,52,Yes,Yes,No,No internet service,No internet service,No internet service,No internet service,No internet service,No internet service,Two year,Yes,Bank transfer (automatic),18.0,1098.6,No
C05902,Female,1,No,Yes,20,Yes,No,No,No internet service,No internet service,No internet service,No internet service,No internet service,No internet service,Two year,Yes,Credit card (automatic),18.0,250.37,No
C05903,Male,0,No,No,18,Yes,Yes,Fiber optic,No,No,No,No,No,No,Month-to-month,No,Mailed check,44.41,249.64,Yes
C05904,Female,1,No,No,44,Yes,Yes,Fiber optic,No,No,No,Yes,No,No,Month-to-month,No,Electronic check,53.26,2358.25,Yes
C05905,Male,0,No,No,5,Yes,Yes,Fiber optic,No,No,Yes,No,Yes,No,Month-to-month,No,Mailed check,87.72,255.76,Yes
C05906,Male,0,Yes,No,20,Yes,Yes,Fiber optic,No,Yes,No,No,No,Yes,One year,Yes,Bank transfer (automatic),68.34,1264.08,No
C05907,Female,0,Yes,No,1,Yes,Yes,No,No internet service,No internet service,No internet service,No internet service,No internet service,No internet service,Two year,Yes,Electronic check,24.9,346.92,No
C05908,Male,0,No,No,35,Yes,No,Fiber optic,Yes,Yes,No,Yes,No,No,Month-to-month,Yes,Electronic check,62.84,2081.26,Yes
C05909,Male,1,Yes,No,1,Yes,Yes,Fiber optic,No,Yes,No,Yes,No,No,Month-to-month,No,Electronic check,70.88,18.0,Yes
C05910,Male,0,Yes,No,2,Yes,No,DSL,No,No,Yes,No,No,No,Month-to-month,Yes,Mailed check,37.97,278.86,Yes
C05911,Female,0,No,No,59,No,No phone service,DSL,No,No,Yes,No,Yes,No,One year,Yes,Credit card (automatic),42.64,2598.21,No
C05912,Male,1,No,No,18,Yes,No,No,No internet service,No internet service,No internet service,No internet service,No internet service,No internet service,Two year,Yes,Bank transfer (automatic),22.46,341.44,No
C05913,Male,0,No,No,7,No,No phone service,DSL,Yes,Yes,Yes,No,Yes,No,Month-to-month,Yes,Bank transfer (automatic),47.84,171.74,Yes
C05914,Female,0,No,No,28,Yes,No,No,No internet service,No internet service,No internet service,No internet service,No internet service,No internet service,One year,No,Credit card (automatic),18.0,498.72,No
C05915,Male,0,No,No,23,Yes,Yes,Fiber optic,Yes,Yes,Yes,No,No,No,Month-to-month,No,Credit card (automatic),69.87,1556.72,Yes
C05916,Male,0,Yes,No,16,Yes,No,No,No internet service,No internet service,No internet service,No internet service,No internet service,No internet service,Two year,Yes,Mailed check,18.0,132.46,No
C05917,Female,0,No,No,72,Yes,Yes,No,No internet service,No internet service,No internet service,No internet service,No internet service,No internet service,Month-to-month,Yes,Bank transfer (automatic),18.0,1208.55,No
C05918,Male,0,Yes,No,44,Yes,No,No,No internet service,No internet service,No internet service,No internet service,No internet service,No internet service,Two year,Yes,Credit card (automatic),21.73,1020.3,No
C05919,Male,0,Yes,No,5,Yes,Yes,Fiber optic,No,No,No,No,Yes,No,Month-to-month,Yes,Mailed check,51.96,18.0,Yes
C05920,Male,0,Yes,No,27,No,No phone service,No,No internet service,No internet service,No internet service,No internet service,No internet service,No internet service,One year,Yes,Bank transfer (automatic),18.0,404.25,No
C05921,Male,0,No,No,2,No,No phone service,Fiber optic,No,No,No,Yes,Yes,No,Two year,No,Credit card (automatic),57.47,198.81,No
C05922,Male,1,Yes,No,8,Yes,Yes,DSL,No,No,Yes,No,Yes,No,Two year,Yes,Mailed check,27.86,80.65,No
C05923,Female,0,No,No,72,Yes,No,Fiber optic,Yes,No,No,No,No,Yes,Month-to-month,No,Bank transfer (automatic),32.67,2472.24,No
C05924,Female,0,Yes,Yes,19,Yes,No,Fiber optic,No,Yes,No,Yes,No,No,Month-to-month,Yes,Mailed check,69.46,1438.68,Yes
C05925,Female,0,Yes,No,71,Yes,No,DSL,No,Yes,No,Yes,No,No,Two year,No,Bank transfer (automatic),49.64,3333.09,No
C05926,Female,0,No,Yes,5,Yes,No,No,No internet service,No internet service,No internet service,No internet service,No internet service,No internet service,Month-to-month,Yes,Mailed check,39.21,349.77,Yes
C05927,Male,0,No,No,7,Yes,Yes,DSL,No,Yes,No,No,Yes,Yes,Month-to-month,No,Electronic check,43.0,177.2,Yes
C05928,Male,0,Yes,No,13,Yes,No,Fiber optic,Yes,No,No,No,No,No,Month-to-month,No,Credit card (automatic),65.21,712.52,Yes
C05929,Male,1,No,No,14,Yes,No,Fiber optic,No,No,No,No,Yes,No,Month-to-month,No,Bank transfer (automatic),74.2,815.38,Yes
C05930,Male,0,No,No,43,Yes,No,DSL,Yes,Yes,Yes,No,Yes,No,Month-to-month,Yes,Credit card (automatic),58.65,2531.05,No
C05931,Male,0,No,No,29,No,No phone service,DSL,No,No,Yes,Yes,No,No,Month-to-month,No,Bank transfer (automatic),65.85,2090.5,No
C05932,Female,0,No,Yes,25,Yes,No,Fiber optic,Yes,Yes,Yes,Yes,Yes,No,One year,No,Credit card (automatic),74.13,1985.5,No
C05933,Female,0,Yes,No,29,Yes,No,DSL,Yes,Yes,No,No,Yes,Yes,Month-to-month,No,Credit card (automatic),68.49,2308.42,No
C05934,Male,0,No,No,42,Yes,No,No,No internet service,No internet service,No internet service,No internet service,No internet service,No internet service,Two year,Yes,Electronic check,40.98,1865.97,No
C05935,Male,0,Yes,No,71,Yes,No,Fiber optic,No,No,No,Yes,Yes,No,One year,No,Credit card (automatic),60.87,4295.21,No
C05936,Male,0,Yes,No,17,Yes,No,DSL,No,No,No,Yes,Yes,Yes,One year,Yes,Electronic check,18.0,31.49,No
C05937,Female,1,No,No,51,Yes,Yes,DSL,Yes,Yes,No,Yes,No,No,Two year,No,Credit card (automatic),29.49,1602.36,No
C05938,Male,0,Yes,No,21,Yes,No,Fiber optic,No,Yes,Yes,Yes,No,No,Month-to-month,Yes,Bank transfer (automatic),62.47,1523.48,Yes
C05939,Male,0,Yes,No,40,Yes,Yes,No,No internet service,No internet service,No internet service,No internet service,No internet service,No internet service,Month-to-month,Yes,Mailed check,18.0,585.67,No
C05940,Male,0,No,Yes,66,Yes,No,No,No internet service,No internet service,No internet service,No internet service,No internet service,No internet service,Month-to-month,Yes,Credit card (automatic),18.0,1095.44,No
C05941,Female,0,No,No,1,Yes,No,DSL,No,No,No,No,No,No,Two year,Yes,Mailed check,28.97,69.16,No
C05942,Male,0,No,Yes,25,Yes,No,DSL,No,No,Yes,No,Yes,Yes,Month-to-month,Yes,Bank transfer (automatic),53.63,1263.23,No
C05943,Female,0,No,No,72,Yes,No,DSL,No,No,Yes,No,No,No,Month-to-month,Yes,Electronic check,34.68,2450.95,No
C05944,Female,0,Yes,No,21,Yes,No,Fiber optic,Yes,Yes,Yes,Yes,Yes,No,Month-to-month,Yes,Electronic check,67.08,1161.36,Yes
C05945,Female,0,No,Yes,63,Yes,Yes,Fiber optic,Yes,No,Yes,No,No,No,Two year,Yes,Bank transfer (automatic),68.17,4671.73,No
C05946,Female,0,No,No,6,Yes,Yes,DSL,Yes,Yes,No,No,No,No,One year,No,Mailed check,50.78,394.73,No
C05947,Female,0,Yes,No,29,Yes,No,DSL,No,No,Yes,Yes,Yes,No,Month-to-month,No,Electronic check,54.1,1799.76,No
C05948,Female,0,Yes,Yes,65,Yes,Yes,No,No internet service,No internet service,No internet service,No internet service,No internet service,No internet service,Month-to-month,Yes,Electronic check,30.23,2190.85,No
C05949,Male,0,Yes,Yes,18,Yes,No,No,No internet service,No internet service,No internet service,No internet service,No internet service,No internet service,Two year,Yes,Credit card (automatic),30.43,741.05,No
C05950,Male,0,No,Yes,21,Yes,Yes,DSL,Yes,Yes,No,Yes,No,Yes,Two year,No,Mailed check,73.96,1672.61,No
C05951,Male,0,Yes,Yes,2,Yes,No,DSL,No,No,No,Yes,No,Yes,One year,Yes,Credit card (automatic),45.69,18.0,No
C05952,Female,0,No,Yes,1,Yes,Yes,No,No internet service,No internet service,No internet service,No internet service,No internet service,No internet service,Month-to-month,No,Electronic check,22.38,52.3,Yes
C05953,Male,0,Yes,No,20,Yes,Yes,Fiber optic,No,No,Yes,No,No,No,Month-to-month,Yes,Mailed check,70.84,1112.82,Yes
C05954,Female,0,Yes,No,59,Yes,Yes,No,No internet service,No internet service,No internet service,No internet service,No internet service,No internet service,One year,Yes,Mailed check,20.61,999.43,No
C05955,Female,0,Yes,No,72,Yes,Yes,Fiber optic,Yes,No,Yes,No,No,No,Month-to-month,Yes,Electronic check,67.23,4848.06,No
C05956,Female,0,Yes,No,34,Yes,Yes,Fiber optic,No,No,Yes,No,Yes,Yes,Month-to-month,No,Electronic check,59.35,1986.49,Yes
C05957,Male,0,Yes,No,56,Yes,No,DSL,No,Yes,No,Yes,No,Yes,Month-to-month,Yes,Mailed check,30.63,1708.59,No
C05958,Female,0,Yes,No,42,Yes,Yes,No,No internet service,No internet service,No internet service,No internet service,No internet service,No internet service,Two year,No,Mailed check,24.55,747.19,No
C05959,Female,0,Yes,No,38,Yes,Yes,No,No internet service,No internet service,No internet service,No internet service,No internet service,No internet service,One year,Yes,Bank transfer (automatic),18.0,651.68,No
C05960,Male,0,No,No,46,Yes,No,DSL,No,Yes,No,No,Yes,No,One year,No,Mailed check,38.8,1856.38,No
C05961,Male,0,No,No,22,Yes,Yes,Fiber optic,No,Yes,Yes,Yes,Yes,No,Two year,Yes,Electronic check,84.43,1945.53,No
C05962,Female,0,No,No,19,Yes,No,Fiber optic,No,No,Yes,No,No,No,Month-to-month,Yes,Mailed check,68.38,1228.36,Yes
C05963,Female,0,No,No,5,Yes,No,Fiber optic,No,Yes,Yes,No,No,No,Month-to-month,Yes,Credit card (automatic),65.05,140.89,Yes
C05964,Male,0,No,Yes,59,Yes,No,No,No internet service,No internet service,No internet service,No internet service,No internet service,No internet service,Month-to-month,No,Electronic check,24.21,1819.98,No
C05965,Male,0,No,No,1,Yes,No,Fiber optic,Yes,No,No,Yes,No,Yes,One year,Yes,Credit card (automatic),83.06,18.0,No
C05966,Male,0,Yes,No,9,Yes,Yes,No,No internet service,No internet service,No internet service,No internet service,No internet service,No internet service,Two year,Yes,Bank transfer (automatic),18.0,162.4,No
C05967,Female,0,No,No,23,Yes,No,No,No internet service,No internet service,No internet service,No internet service,No internet service,No internet service,One year,No,Bank transfer (automatic),21.27,814.01,No
C05968,Male,0,No,Yes,72,Yes,No,Fiber optic,No,Yes,No,No,No,Yes,One year,Yes,Mailed check,41.53,2891.96,No
C05969,Male,0,No,Yes,49,Yes,No,No,No internet service,No internet service,No internet service,No internet service,No internet service,No internet service,Month-to-month,Yes,Mailed check,30.55,1452.34,No
C05970,Male,0,No,No,14,Yes,Yes,DSL,Yes,No,Yes,No,No,Yes,One year,Yes,Bank transfer (automatic),42.61,614.53,No
C05971,Female,0,Yes,Yes,40,Yes,Yes,DSL,No,No,No,Yes,No,No,One year,Yes,Bank transfer (automatic),62.85,2628.63,No
C05972,Male,0,No,No,72,Yes,No,DSL,No,Yes,No,Yes,No,No,One year,Yes,Bank transfer (automatic),62.38,4464.72,No
C05973,Male,0,Yes,No,24,No,No phone service,Fiber optic,Yes,Yes,No,No,Yes,No,Month-to-month,No,Bank transfer (automatic),68.48,1593.42,Yes
C05974,Male,0,Yes,No,19,Yes,Yes,DSL,Yes,Yes,No,No,Yes,No,One year,Yes,Electronic check,33.36,742.33,No
C05975,Male,0,Yes,Yes,25,Yes,Yes,No,No internet service,No internet service,No internet service,No internet service,No internet service,No internet service,Month-to-month,Yes,Mailed check,22.37,918.68,No
C05976,Male,0,Yes,No,11,Yes,No,No,No internet service,No internet service,No internet service,No internet service,No internet service,No internet service,Month-to-month,Yes,Mailed check,22.78,328.5,No
C05977,Female,0,Yes,Yes,72,Yes,No,Fiber optic,No,Yes,Yes,No,Yes,Yes,Month-to-month,Yes,Credit card (automatic),67.07,5081.76,No
C05978,Female,0,Yes,No,51,Yes,No,Fiber optic,Yes,Yes,No,Yes,No,No,Two year,Yes,Bank transfer (automatic),81.55,4283.72,No
C05979,Female,0,No,No,39,Yes,No,Fiber optic,No,Yes,No,No,No,Yes,Two year,Yes,Mailed check,93.58,3566.63,No
C05980,Male,1,Yes,No,28,Yes,Yes,Fiber optic,Yes,No,No,Yes,No,No,One year,Yes,Credit card (automatic),76.82,1935.56,No
C05981,Female,1,No,No,72,Yes,No,Fiber optic,No,No,No,Yes,No,Yes,Two year,No,Bank transfer (automatic),75.14,5348.41,No
C05982,Female,0,No,No,11,Yes,Yes,DSL,No,No,No,No,No,No,Month-to-month,No,Credit card (automatic),67.43,747.13,Yes
C05983,Female,1,No,No,10,Yes,No,No,No internet service,No internet service,No internet service,No internet service,No internet service,No internet service,Two year,Yes,Credit card (automatic),27.81,319.46,No
C05984,Male,0,Yes,Yes,8,Yes,No,DSL,No,No,Yes,No,Yes,No,Month-to-month,No,Bank transfer (automatic),46.53,18.0,Yes
C05985,Male,0,No,No,43,Yes,Yes,Fiber optic,Yes,Yes,No,No,Yes,Yes,Two year,Yes,Mailed check,66.42,3327.82,No
C05986,Female,0,Yes,Yes,51,Yes,No,Fiber optic,Yes,No,Yes,No,Yes,No,Month-to-month,Yes,Mailed check,49.51,2446.17,No
C05987,Female,0,Yes,No,29,Yes,No,No,No internet service,No internet service,No internet service,No internet service,No internet service,No internet service,Month-to-month,No,Electronic check,32.19,1125.77,No
C05988,Male,0,No,No,33,Yes,No,DSL,Yes,No,No,No,Yes,Yes,Two year,Yes,Bank transfer (automatic),59.95,2249.6,No
C05989,Male,1,No,Yes,13,Yes,Yes,Fiber optic,No,No,No,No,No,No,Month-to-month,Yes,Mailed check,55.54,1079.71,Yes
C05990,Female,0,No,No,1,Yes,Yes,Fiber optic,No,No,No,Yes,Yes,No,Two year,Yes,Electronic check,60.21,61.76,Yes
C05991,Male,0,Yes,Yes,9,Yes,Yes,Fiber optic,No,No,No,Yes,No,No,Month-to-month,Yes,Electronic check,45.17,397.05,Yes
C05992,Female,0,Yes,Yes,28,Yes,Yes,DSL,No,No,No,No,No,No,Month-to-month,No,Credit card (automatic),38.59,1162.02,No
C05993,Male,0,Yes,No,53,Yes,No,Fiber optic,Yes,No,No,Yes,Yes,Yes,Month-to-month,Yes,Electronic check,82.1,4361.41,No
C05994,Female,0,No,No,48,Yes,No,DSL,No,Yes,No,No,No,Yes,Two year,Yes,Mailed check,48.3,2084.73,No
C05995,Female,0,Yes,Yes,6,Yes,No,Fiber optic,No,Yes,No,No,No,Yes,Month-to-month,Yes,Mailed check,78.84,238.02,Yes
C05996,Male,0,No,No,1,Yes,Yes,Fiber optic,No,No,No,No,Yes,No,Month-to-month,No,Mailed check,62.44,18.0,Yes
C05997,Female,0,Yes,No,60,Yes,Yes,No,No internet service,No internet service,No internet service,No internet service,No internet service,No internet service,Month-to-month,Yes,Mailed check,18.0,853.41,No
C05998,Female,0,Yes,No,2,Yes,No,DSL,No,Yes,No,Yes,No,No,Month-to-month,Yes,Electronic check,56.93,97.38,Yes
C05999,Female,0,Yes,No,15,Yes,No,Fiber optic,No,No,No,No,No,No,Month-to-month,Yes,Electronic check,66.38,1027.62,Yes
C06000,Male,1,Yes,Yes,3,No,No phone service,DSL,Yes,No,No,No,Yes,No,Month-to-month,No,Electronic check,36.34,18.0,Yes
C06001,Male,0,No,Yes,26,Yes,No,DSL,Yes,Yes,No,No,Yes,No,Month-to-month,Yes,Credit card (automatic),46.24,1400.54,No
C06002,Male,0,No,Yes,14,Yes,Yes,Fiber optic,No,No,No,Yes,No,No,Two year,Yes,Bank transfer (automatic),54.45,565.52,No
C06003,Female,0,Yes,Yes,7,Yes,No,DSL,No,Yes,No,No,No,No,One year,No,Credit card (automatic),54.1,597.02,No
C06004,Male,0,Yes,Yes,28,Yes,Yes,DSL,No,Yes,Yes,No,No,No,Month-to-month,No,Bank transfer (automatic),39.86,1251.28,No
C06005,Female,1,No,No,14,Yes,No,Fiber optic,Yes,No,Yes,Yes,No,No,Month-to-month,Yes,Mailed check,56.26,781.66,Yes
C06006,Female,0,No,No,5,Yes,No,Fiber optic,No,Yes,No,Yes,Yes,No,Month-to-month,Yes,Mailed check,37.43,120.09,Yes
C06007,Male,0,No,No,38,Yes,No,DSL,Yes,No,No,Yes,No,Yes,Month-to-month,Yes,Mailed check,40.76,1602.88,No
C06008,Male,0,Yes,No,58,Yes,Yes,Fiber optic,No,No,No,No,No,No,Month-to-month,Yes,Mailed check,66.34,3789.89,No
C06009,Female,1,Yes,Yes,10,Yes,No,DSL,Yes,No,Yes,Yes,No,Yes,Two year,No,Electronic check,40.73,108.75,No
C06010,Female,0,Yes,Yes,6,Yes,Yes,No,No internet service,No internet service,No internet service,No internet service,No internet service,No internet service,Two year,Yes,Mailed check,18.0,209.23,No
C06011,Male,0,Yes,No,2,Yes,No,Fiber optic,Yes,No,No,No,No,Yes,One year,No,Mailed check,73.4,379.08,No
C06012,Male,0,No,Yes,24,Yes,No,DSL,No,No,No,No,No,No,Two year,Yes,Bank transfer (automatic),54.44,1422.79,No
C06013,Male,0,Yes,No,56,Yes,Yes,DSL,Yes,Yes,No,Yes,No,Yes,Month-to-month,Yes,Bank transfer (automatic),23.82,1366.25,No
C06014,Female,0,No,No,9,Yes,No,DSL,Yes,Yes,Yes,Yes,Yes,No,Month-to-month,Yes,Credit card (automatic),39.58,413.17,Yes
C06015,Female,0,Yes,No,19,Yes,No,DSL,Yes,Yes,No,No,No,No,One year,No,Mailed check,28.2,277.13,No
C06016,Female,0,No,No,5,No,No phone service,Fiber optic,Yes,Yes,No,No,No,No,Month-to-month,Yes,Bank transfer (automatic),62.45,446.44,Yes
C06017,Female,0,Yes,Yes,16,Yes,Yes,No,No internet service,No internet service,No internet service,No internet service,No internet service,No internet service,One year,Yes,Mailed check,18.0,292.82,No
C06018,Female,0,Yes,No,1,Yes,No,No,No internet service,No internet service,No internet service,No internet service,No internet service,No internet service,Two year,Yes,Mailed check,32.83,61.05,No
C06019,Male,0,No,No,72,Yes,No,Fiber optic,No,No,Yes,Yes,No,No,One year,Yes,Electronic check,49.34,3237.62,No
C06020,Male,0,Yes,No,36,Yes,Yes,Fiber optic,Yes,Yes,Yes,No,No,Yes,Month-to-month,No,Electronic check,58.08,1848.48,No
C06021,Female,0,Yes,No,12,Yes,Yes,DSL,Yes,Yes,Yes,No,No,Yes,Two year,Yes,Electronic check,33.67,379.36,No
C06022,Female,0,Yes,Yes,68,Yes,Yes,Fiber optic,No,No,No,No,No,No,One year,Yes,Electronic check,78.37,5748.57,No
C06023,Male,0,No,No,6,Yes,Yes,DSL,No,No,No,No,Yes,Yes,Two year,Yes,Electronic check,56.12,192.43,Yes
C06024,Male,0,No,No,2,Yes,Yes,DSL,No,Yes,Yes,Yes,No,No,One year,No,Mailed check,50.84,18.0,No
C06025,Male,0,No,No,72,Yes,No,Fiber optic,No,No,No,Yes,Yes,Yes,Two year,No,Electronic check,61.03,4192.12,No
C06026,Male,0,No,No,11,Yes,Yes,No,No internet service,No internet service,No internet service,No internet service,No internet service,No internet service,Month-to-month,No,Credit card (automatic),18.0,410.38,No
C06027,Female,0,No,Yes,72,Yes,Yes,DSL,Yes,No,No,No,Yes,No,Month-to-month,No,Electronic check,37.33,2504.06,No
C06028,Male,0,No,Yes,32,Yes,No,DSL,No,Yes,No,No,No,No,Month-to-month,Yes,Electronic check,24.11,1024.34,No
C06029,Female,0,No,No,72,Yes,Yes,DSL,Yes,Yes,No,No,No,No,Two year,No,Mailed check,44.08,3304.88,No
C06030,Male,0,No,No,44,No,No phone service,DSL,Yes,No,No,No,No,No,Month-to-month,Yes,Electronic check,46.83,2203.06,No
C06031,Male,0,Yes,No,3,No,No phone service,No,No internet service,No internet service,No internet service,No internet service,No internet service,No internet service,Two year,Yes,Credit card (automatic),18.0,225.4,No
C06032,Male,1,No,No,61,Yes,No,DSL,Yes,No,No,Yes,Yes,No,Month-to-month,Yes,Bank transfer (automatic),58.19,3281.12,No
C06033,Female,0,No,No,5,Yes,No,Fiber optic,No,No,No,Yes,No,Yes,Two year,Yes,Electronic check,80.25,95.88,Yes
C06034,Female,0,Yes,No,37,Yes,Yes,DSL,Yes,No,No,No,No,Yes,Two year,No,Mailed check,43.27,1285.21,No
C06035,Male,0,Yes,No,22,Yes,No,Fiber optic,No,No,Yes,No,No,Yes,Month-to-month,Yes,Mailed check,74.24,1899.48,Yes
C06036,Female,0,Yes,No,39,Yes,No,Fiber optic,Yes,Yes,Yes,No,Yes,No,One year,No,Credit card (automatic),88.72,2933.95,No
C06037,Female,0,Yes,Yes,46,Yes,Yes,Fiber optic,No,Yes,No,Yes,Yes,No,Month-to-month,No,Bank transfer (automatic),64.1,2910.97,No
C06038,Male,1,Yes,No,52,Yes,No,Fiber optic,No,No,Yes,Yes,No,No,Month-to-month,Yes,Mailed check,85.93,4922.74,Yes
C06039,Male,0,Yes,No,57,Yes,No,No,No internet service,No internet service,No internet service,No internet service,No internet service,No internet service,Month-to-month,Yes,Mailed check,18.0,833.9,No
C06040,Female,0,Yes,Yes,60,Yes,No,DSL,Yes,No,No,Yes,Yes,No,Month-to-month,No,Mailed check,25.68,1623.54,No
C06041,Female,0,No,No,17,Yes,Yes,Fiber optic,Yes,No,No,Yes,No,Yes,Month-to-month,No,Bank transfer (automatic),65.74,940.1,Yes
C06042,Female,0,Yes,No,70,Yes,Yes,Fiber optic,No,No,No,Yes,Yes,No,Month-to-month,No,Electronic check,76.45,5136.97,No
C06043,Male,0,Yes,No,40,Yes,No,No,No internet service,No internet service,No internet service,No internet service,No internet service,No internet service,Month-to-month,No,Mailed check,18.0,724.27,No
C06044,Male,0,Yes,No,58,Yes,Yes,No,No internet service,No internet service,No internet service,No internet service,No internet service,No internet service,Month-to-month,Yes,Electronic check,54.65,3027.46,No
C06045,Female,0,No,No,72,Yes,No,DSL,Yes,No,No,No,Yes,Yes,Month-to-month,Yes,Electronic check,59.95,3989.56,No
C06046,Male,1,Yes,No,3,Yes,No,No,No internet service,No internet service,No internet service,No internet service,No internet service,No internet service,One year,No,Electronic check,35.71,18.0,No
C06047,Male,0,Yes,No,14,Yes,No,Fiber optic,No,No,No,Yes,No,Yes,Month-to-month,Yes,Mailed check,105.2,1484.23,Yes
C06048,Female,0,No,Yes,52,Yes,No,No,No internet service,No internet service,No internet service,No internet service,No internet service,No internet service,Month-to-month,No,Electronic check,18.76,954.3,No
C06049,Female,1,Yes,No,2,Yes,No,Fiber optic,No,No,No,No,Yes,No,Month-to-month,No,Mailed check,64.82,72.82,Yes
C06050,Male,0,Yes,No,24,Yes,No,DSL,Yes,Yes,No,No,No,No,Two year,Yes,Bank transfer (automatic),57.9,1417.01,No
C06051,Male,0,Yes,No,62,Yes,No,Fiber optic,Yes,Yes,No,Yes,No,No,Two year,Yes,Credit card (automatic),71.95,4490.13,No
C06052,Female,0,No,Yes,1,Yes,Yes,Fiber optic,No,No,Yes,No,No,Yes,Month-to-month,Yes,Bank transfer (automatic),60.13,18.0,Yes
C06053,Male,0,No,No,72,Yes,No,DSL,Yes,No,No,Yes,Yes,No,Two year,Yes,Bank transfer (automatic),38.67,2480.6,No
C06054,Male,0,No,No,72,Yes,Yes,Fiber optic,No,No,No,Yes,No,Yes,Month-to-month,Yes,Credit card (automatic),41.69,3279.7,No
C06055,Female,0,Yes,No,12,Yes,Yes,Fiber optic,Yes,No,No,No,Yes,Yes,Month-to-month,Yes,Mailed check,76.48,985.59,No
C06056,Female,0,No,No,46,No,No phone service,No,No internet service,No internet service,No internet service,No internet service,No internet service,No internet service,Month-to-month,No,Mailed check,31.58,1446.58,No
C06057,Male,0,Yes,Yes,4,Yes,No,Fiber optic,No,Yes,No,Yes,No,Yes,Two year,Yes,Electronic check,95.88,121.97,Yes
C06058,Male,1,Yes,No,47,No,No phone service,Fiber optic,Yes,Yes,Yes,No,No,No,Month-to-month,Yes,Mailed check,90.9,4098.75,Yes
C06059,Male,0,Yes,No,21,Yes,No,No,No internet service,No internet service,No internet service,No internet service,No internet service,No internet service,Month-to-month,Yes,Mailed check,48.79,710.63,No
C06060,Female,0,No,No,62,Yes,No,Fiber optic,No,No,No,No,No,No,Month-to-month,No,Credit card (automatic),71.17,4707.9,No
C06061,Male,0,Yes,No,7,Yes,No,Fiber optic,Yes,No,No,Yes,No,No,One year,Yes,Electronic check,74.67,711.9,No
C06062,Male,0,No,No,35,Yes,No,DSL,No,No,No,No,Yes,No,Two year,Yes,Bank transfer (automatic),38.31,1296.4,No
C06063,Female,0,No,Yes,49,Yes,No,Fiber optic,Yes,Yes,No,No,No,Yes,Two year,Yes,Bank transfer (automatic),70.37,3343.87,No
C06064,Female,0,Yes,No,7,Yes,No,DSL,No,No,No,No,No,Yes,Month-to-month,No,Bank transfer (automatic),50.53,704.76,Yes
C06065,Male,0,Yes,No,54,Yes,Yes,No,No internet service,No internet service,No internet service,No internet service,No internet service,No internet service,One year,Yes,Bank transfer (automatic),27.28,1134.22,No
C06066,Female,0,Yes,Yes,72,Yes,No,No,No internet service,No internet service,No internet service,No internet service,No internet service,No internet service,Month-to-month,No,Credit card (automatic),18.0,1001.51,No
C06067,Female,0,Yes,No,30,Yes,No,DSL,No,Yes,No,Yes,No,No,Month-to-month,Yes,Bank transfer (automatic),48.34,1458.21,No
C06068,Male,0,Yes,No,49,Yes,No,DSL,No,Yes,Yes,No,No,Yes,One year,No,Credit card (automatic),27.03,1381.98,No
C06069,Female,0,No,No,24,Yes,No,Fiber optic,Yes,No,Yes,No,No,Yes,Month-to-month,Yes,Bank transfer (automatic),77.91,1743.93,Yes
C06070,Female,0,Yes,Yes,29,Yes,No,DSL,No,No,Yes,No,Yes,Yes,Month-to-month,Yes,Credit card (automatic),54.68,1766.01,No
C06071,Male,0,No,No,1,Yes,No,Fiber optic,Yes,Yes,Yes,No,No,No,Two year,No,Bank transfer (automatic),86.52,288.54,No
C06072,Female,0,Yes,No,23,Yes,No,Fiber optic,No,Yes,Yes,No,No,No,One year,Yes,Mailed check,63.06,1664.45,No
C06073,Male,0,No,No,27,Yes,No,No,No internet service,No internet service,No internet service,No internet service,No internet service,No internet service,Month-to-month,Yes,Electronic check,45.64,1214.38,Yes
C06074,Male,1,No,No,35,Yes,No,No,No internet service,No internet service,No internet service,No internet service,No internet service,No internet service,One year,Yes,Credit card (automatic),18.0,1361.85,No
C06075,Female,0,No,Yes,5,No,No phone service,Fiber optic,No,No,No,No,No,No,Month-to-month,Yes,Electronic check,57.94,218.02,Yes
C06076,Female,0,No,No,8,Yes,No,Fiber optic,No,No,Yes,Yes,Yes,No,Month-to-month,No,Credit card (automatic),90.29,837.58,Yes
C06077,Female,0,Yes,No,45,Yes,Yes,Fiber optic,No,No,No,Yes,Yes,No,Month-to-month,No,Bank transfer (automatic),64.19,2994.95,No
C06078,Male,1,Yes,No,5,Yes,No,No,No internet service,No internet service,No internet service,No internet service,No internet service,No internet service,One year,Yes,Bank transfer (automatic),31.56,130.42,No
C06079,Female,0,No,No,17,Yes,No,DSL,Yes,Yes,No,No,Yes,Yes,Month-to-month,No,Mailed check,47.92,784.44,Yes
C06080,Male,0,No,No,9,No,No phone service,Fiber optic,No,Yes,Yes,Yes,No,No,Month-to-month,No,Electronic check,71.21,602.74,Yes
C06081,Female,0,No,No,25,Yes,Yes,DSL,Yes,Yes,Yes,No,No,Yes,Two year,Yes,Bank transfer (automatic),69.79,1362.8,No
C06082,Female,0,Yes,No,72,No,No phone service,DSL,Yes,Yes,No,Yes,Yes,No,Month-to-month,Yes,Mailed check,25.25,1448.94,No
C06083,Female,0,Yes,No,61,Yes,No,Fiber optic,Yes,No,No,Yes,No,Yes,One year,No,Mailed check,78.79,4315.51,No
C06084,Male,0,Yes,No,10,Yes,No,DSL,Yes,No,Yes,No,No,No,Month-to-month,No,Bank transfer (automatic),38.62,544.05,No
C06085,Female,0,No,No,14,Yes,No,Fiber optic,No,Yes,No,No,No,Yes,Two year,Yes,Electronic check,73.32,1304.79,Yes
C06086,Female,0,No,No,72,Yes,No,DSL,No,No,Yes,No,No,No,Month-to-month,No,Bank transfer (automatic),31.94,2330.72,No
C06087,Male,0,No,Yes,72,Yes,No,Fiber optic,No,No,Yes,Yes,No,No,One year,Yes,Credit card (automatic),70.65,4947.58,No
C06088,Male,1,No,No,5,Yes,Yes,DSL,No,No,Yes,Yes,No,Yes,Month-to-month,Yes,Electronic check,53.94,254.38,Yes
C06089,Female,0,No,Yes,56,Yes,Yes,No,No internet service,No internet service,No internet service,No internet service,No internet service,No internet service,Two year,Yes,Mailed check,34.96,1824.96,No
C06090,Female,0,No,No,11,Yes,Yes,Fiber optic,No,No,No,No,No,Yes,One year,Yes,Mailed check,66.79,647.43,No
C06091,Female,0,Yes,No,25,Yes,Yes,DSL,No,Yes,No,No,No,No,Month-to-month,Yes,Electronic check,34.82,1100.93,No
C06092,Male,1,No,Yes,1,Yes,No,DSL,Yes,Yes,Yes,Yes,Yes,No,Month-to-month,Yes,Mailed check,34.09,18.0,Yes
C06093,Male,1,Yes,No,72,Yes,No,DSL,Yes,No,No,No,Yes,No,Two year,No,Electronic check,62.93,4551.75,No
C06094,Male,0,No,No,45,Yes,No,Fiber optic,Yes,No,Yes,Yes,No,No,One year,No,Credit card (automatic),69.41,3297.01,No
C06095,Male,0,Yes,Yes,8,Yes,No,DSL,No,No,No,Yes,No,No,Two year,Yes,Credit card (automatic),38.8,384.6,No
C06096,Female,0,No,No,36,Yes,No,DSL,No,No,Yes,No,No,Yes,Two year,Yes,Credit card (automatic),56.83,1973.82,No
C06097,Male,1,No,No,11,Yes,Yes,Fiber optic,No,No,No,No,Yes,No,Month-to-month,No,Credit card (automatic),70.64,588.7,Yes
C06098,Male,0,No,No,2,Yes,No,No,No internet service,No internet service,No internet service,No internet service,No internet service,No internet service,One year,Yes,Bank transfer (automatic),18.0,18.0,No
C06099,Male,0,No,No,17,Yes,No,DSL,No,No,No,No,Yes,No,Month-to-month,Yes,Credit card (automatic),42.32,643.23,Yes
C06100,Female,0,No,Yes,30,Yes,Yes,DSL,No,Yes,Yes,Yes,No,Yes,Month-to-month,No,Mailed check,44.34,1629.45,No
C06101,Female,1,No,Yes,3,Yes,No,Fiber optic,Yes,No,No,Yes,Yes,Yes,Month-to-month,Yes,Credit card (automatic),36.13,18.0,Yes
C06102,Male,0,Yes,No,23,Yes,No,Fiber optic,No,No,No,No,No,Yes,Two year,Yes,Credit card (automatic),63.7,1608.08,No
C06103,Male,0,No,No,23,Yes,Yes,Fiber optic,No,No,No,Yes,No,Yes,Month-to-month,Yes,Mailed check,51.11,1153.19,Yes
C06104,Female,0,Yes,No,31,Yes,No,Fiber optic,Yes,No,No,Yes,Yes,Yes,One year,Yes,Credit card (automatic),79.88,2382.86,No
C06105,Female,0,No,No,8,Yes,Yes,DSL,No,No,Yes,Yes,No,No,One year,No,Mailed check,47.64,381.03,No
C06106,Female,0,No,No,1,No,No phone service,Fiber optic,No,Yes,Yes,No,No,Yes,Two year,Yes,Bank transfer (automatic),69.68,267.96,No
C06107,Female,1,No,No,12,Yes,No,No,No internet service,No internet service,No internet service,No internet service,No internet service,No internet service,One year,Yes,Credit card (automatic),44.19,697.89,No
C06108,Female,1,No,No,16,Yes,No,No,No internet service,No internet service,No internet service,No internet service,No internet service,No internet service,Two year,Yes,Credit card (automatic),29.98,667.71,No
C06109,Female,1,No,Yes,32,Yes,Yes,Fiber optic,No,Yes,No,No,No,No,Two year,No,Bank transfer (automatic),45.66,1582.47,No
C06110,Female,0,No,Yes,72,No,No phone service,DSL,No,No,Yes,No,No,No,Month-to-month,No,Electronic check,41.51,2981.37,No
C06111,Female,0,No,No,7,Yes,No,Fiber optic,No,Yes,Yes,Yes,Yes,No,Two year,Yes,Electronic check,69.78,442.45,Yes
C06112,Male,1,No,No,37,Yes,Yes,No,No internet service,No internet service,No internet service,No internet service,No internet service,No internet service,Month-to-month,No,Credit card (automatic),35.12,1764.67,No
C06113,Male,0,No,Yes,3,Yes,Yes,DSL,No,Yes,No,Yes,No,No,One year,Yes,Mailed check,50.96,396.66,No
C06114,Male,0,Yes,No,6,Yes,Yes,Fiber optic,No,No,Yes,No,Yes,Yes,Month-to-month,No,Electronic check,74.73,483.35,Yes
C06115,Male,1,No,No,22,No,No phone service,No,No internet service,No internet service,No internet service,No internet service,No internet service,No internet service,Two year,No,Credit card (automatic),28.83,566.43,No
C06116,Male,0,No,Yes,39,Yes,Yes,Fiber optic,No,Yes,Yes,No,No,Yes,One year,Yes,Mailed check,35.35,1498.71,No
C06117,Male,0,No,No,62,Yes,No,Fiber optic,Yes,No,No,No,Yes,Yes,Month-to-month,No,Credit card (automatic),52.85,3164.68,No
C06118,Female,0,No,Yes,43,Yes,No,Fiber optic,No,No,No,Yes,Yes,No,Two year,Yes,Mailed check,86.26,3979.24,No
C06119,Female,0,Yes,No,1,Yes,No,DSL,No,No,Yes,Yes,No,Yes,Month-to-month,Yes,Credit card (automatic),42.35,164.8,Yes
C06120,Male,0,Yes,Yes,36,Yes,No,Fiber optic,Yes,No,No,No,No,No,One year,No,Credit card (automatic),58.04,2490.28,No
C06121,Male,0,No,No,55,Yes,No,No,No internet service,No internet service,No internet service,No internet service,No internet service,No internet service,Month-to-month,Yes,Mailed check,20.54,1111.65,No
C06122,Female,0,No,Yes,23,Yes,Yes,No,No internet service,No internet service,No internet service,No internet service,No internet service,No internet service,Month-to-month,Yes,Electronic check,40.83,489.91,Yes
C06123,Female,0,No,No,72,Yes,No,Fiber optic,Yes,No,No,Yes,Yes,No,Month-to-month,Yes,Bank transfer (automatic),67.77,5058.47,No
C06124,Female,0,Yes,No,1,Yes,Yes,Fiber optic,No,No,No,Yes,Yes,No,One year,Yes,Credit card (automatic),82.53,190.91,Yes
C06125,Male,0,No,No,54,Yes,No,DSL,No,Yes,No,Yes,No,Yes,Two year,Yes,Electronic check,30.36,1593.1,No
C06126,Female,1,No,No,13,Yes,No,Fiber optic,Yes,No,Yes,No,No,Yes,Month-to-month,Yes,Electronic check,80.89,1204.42,Yes
C06127,Male,0,Yes,No,33,Yes,Yes,Fiber optic,No,No,Yes,No,Yes,No,One year,Yes,Mailed check,52.05,1755.49,No
C06128,Male,0,Yes,Yes,37,Yes,No,Fiber optic,No,Yes,No,Yes,Yes,No,Two year,No,Electronic check,25.26,753.58,No
C06129,Female,0,Yes,No,11,Yes,Yes,Fiber optic,No,Yes,No,Yes,Yes,Yes,Two year,Yes,Electronic check,96.72,1144.75,Yes
C06130,Female,1,Yes,No,72,Yes,No,Fiber optic,Yes,Yes,No,No,Yes,No,Two year,Yes,Mailed check,66.94,4744.69,No
C06131,Male,0,Yes,No,3,Yes,No,Fiber optic,No,Yes,Yes,No,No,Yes,Two year,Yes,Mailed check,99.41,197.27,No
C06132,Female,0,Yes,No,5,Yes,Yes,DSL,Yes,Yes,No,No,Yes,Yes,Month-to-month,No,Credit card (automatic),50.41,457.5,No
C06133,Female,1,No,No,71,Yes,No,Fiber optic,Yes,No,Yes,Yes,No,No,Month-to-month,Yes,Credit card (automatic),72.26,5145.29,No
C06134,Male,0,Yes,No,4,Yes,No,Fiber optic,Yes,Yes,No,Yes,No,No,Two year,Yes,Electronic check,43.39,88.61,No
C06135,Female,1,Yes,No,15,Yes,Yes,DSL,Yes,Yes,Yes,No,No,Yes,Month-to-month,No,Credit card (automatic),49.63,855.59,No
C06136,Male,1,Yes,No,42,Yes,Yes,DSL,Yes,No,Yes,Yes,No,No,Month-to-month,Yes,Electronic check,79.37,3600.08,No
C06137,Male,1,Yes,No,50,Yes,Yes,No,No internet service,No internet service,No internet service,No internet service,No internet service,No internet service,Two year,No,Bank transfer (automatic),27.83,1310.71,No
C06138,Female,0,No,No,72,Yes,Yes,DSL,No,Yes,Yes,Yes,Yes,No,Month-to-month,Yes,Electronic check,73.54,5375.7,No
C06139,Male,0,Yes,No,49,Yes,No,Fiber optic,No,Yes,Yes,Yes,No,No,Month-to-month,No,Electronic check,84.57,3833.12,No
C06140,Male,1,No,No,59,Yes,No,DSL,No,Yes,No,No,No,No,Month-to-month,No,Mailed check,50.64,3114.96,No
C06141,Female,0,No,No,72,Yes,Yes,DSL,No,No,Yes,Yes,No,No,Two year,Yes,Credit card (automatic),18.0,1203.89,No
C06142,Female,0,Yes,No,25,Yes,Yes,DSL,Yes,No,Yes,No,Yes,No,Month-to-month,Yes,Mailed check,21.31,604.9,No
C06143,Female,0,No,No,13,Yes,No,Fiber optic,Yes,Yes,No,No,Yes,No,Month-to-month,Yes,Electronic check,67.31,1050.18,Yes
C06144,Male,0,No,No,45,Yes,No,No,No internet service,No internet service,No internet service,No internet service,No internet service,No internet service,Two year,No,Electronic check,36.53,1447.33,No
C06145,Male,0,Yes,Yes,5,Yes,Yes,No,No internet service,No internet service,No internet service,No internet service,No internet service,No internet service,Two year,No,Electronic check,19.46,82.29,No
C06146,Female,0,No,Yes,2,Yes,Yes,Fiber optic,No,No,Yes,Yes,No,Yes,One year,Yes,Mailed check,86.65,130.44,Yes
C06147,Male,0,No,No,49,No,No phone service,Fiber optic,Yes,No,Yes,No,No,Yes,Month-to-month,No,Credit card (automatic),48.68,2308.05,No
C06148,Female,0,No,No,72,Yes,No,Fiber optic,No,No,No,Yes,No,Yes,Month-to-month,Yes,Electronic check,82.63,5801.92,No
C06149,Female,0,Yes,No,18,Yes,Yes,Fiber optic,No,No,Yes,No,No,No,Month-to-month,Yes,Electronic check,63.86,1149.2,Yes
C06150,Male,0,No,No,5,Yes,No,No,No internet service,No internet service,No internet service,No internet service,No internet service,No internet service,One year,Yes,Bank transfer (automatic),18.0,285.68,No
C06151,Female,0,Yes,No,21,Yes,No,No,No internet service,No internet service,No internet service,No internet service,No internet service,No internet service,One year,Yes,Bank transfer (automatic),26.42,477.84,No
C06152,Male,0,Yes,No,15,Yes,No,Fiber optic,Yes,Yes,No,No,No,No,One year,No,Mailed check,31.55,527.36,No
C06153,Male,0,Yes,No,14,Yes,No,Fiber optic,Yes,No,No,Yes,No,No,Month-to-month,No,Electronic check,53.24,202.96,No
C06154,Female,0,No,Yes,31,No,No phone service,Fiber optic,Yes,Yes,Yes,Yes,Yes,No,One year,Yes,Electronic check,109.3,3319.98,No
C06155,Male,0,No,No,6,Yes,No,Fiber optic,Yes,Yes,No,Yes,Yes,Yes,Two year,Yes,Mailed check,70.02,459.4,No
C06156,Female,0,Yes,No,15,Yes,No,Fiber optic,Yes,No,Yes,No,Yes,No,Month-to-month,Yes,Electronic check,92.29,1362.49,Yes
C06157,Male,0,Yes,No,64,Yes,Yes,Fiber optic,Yes,No,No,No,No,Yes,One year,Yes,Electronic check,54.45,3520.02,No
C06158,Male,0,No,No,41,Yes,No,No,No internet service,No internet service,No internet service,No internet service,No internet service,No internet service,One year,No,Electronic check,18.0,489.88,No
C06159,Male,0,No,No,1,Yes,Yes,No,No internet service,No internet service,No internet service,No internet service,No internet service,No internet service,Two year,No,Electronic check,21.76,18.0,No
C06160,Female,0,Yes,Yes,23,Yes,No,Fiber optic,No,Yes,No,No,No,Yes,Month-to-month,Yes,Credit card (automatic),59.87,1369.02,Yes
C06161,Male,1,No,Yes,3,Yes,Yes,DSL,No,Yes,Yes,No,Yes,Yes,One year,Yes,Electronic check,47.0,70.18,No
C06162,Female,0,Yes,Yes,72,Yes,No,DSL,Yes,No,Yes,No,No,Yes,One year,Yes,Electronic check,57.1,4345.65,No
C06163,Male,1,No,No,8,Yes,No,No,No internet service,No internet service,No internet service,No internet service,No internet service,No internet service,Month-to-month,Yes,Mailed check,49.17,737.65,Yes
C06164,Male,0,No,Yes,72,Yes,No,No,No internet service,No internet service,No internet service,No internet service,No internet service,No internet service,Month-to-month,No,Credit card (automatic),18.0,1139.25,No
C06165,Female,0,Yes,Yes,57,Yes,No,Fiber optic,Yes,Yes,No,Yes,Yes,No,Month-to-month,Yes,Mailed check,84.01,4666.79,No
C06166,Female,0,No,No,25,Yes,Yes,Fiber optic,No,No,No,Yes,No,No,Two year,No,Electronic check,73.64,2003.32,No
C06167,Female,0,No,No,13,No,No phone service,Fiber optic,No,No,Yes,No,Yes,Yes,One year,No,Bank transfer (automatic),64.6,838.33,No
C06168,Female,0,Yes,No,62,Yes,No,Fiber optic,Yes,Yes,No,Yes,No,No,Month-to-month,No,Mailed check,59.63,3668.87,No
C06169,Female,0,Yes,No,5,Yes,Yes,DSL,No,No,No,No,Yes,Yes,Two year,Yes,Bank transfer (automatic),48.17,366.19,No
C06170,Male,0,Yes,No,6,Yes,No,DSL,No,No,Yes,No,No,No,One year,Yes,Bank transfer (automatic),35.14,18.0,No
C06171,Male,0,Yes,Yes,8,Yes,Yes,DSL,No,No,Yes,No,Yes,Yes,Month-to-month,Yes,Electronic check,43.14,847.61,Yes
C06172,Female,0,No,No,29,Yes,No,Fiber optic,Yes,Yes,Yes,No,No,Yes,Two year,No,Mailed check,73.39,2214.28,No
C06173,Male,0,Yes,No,12,Yes,Yes,Fiber optic,No,No,Yes,No,No,No,Two year,Yes,Mailed check,35.25,739.52,No
C06174,Male,1,No,No,72,Yes,Yes,No,No internet service,No internet service,No internet service,No internet service,No internet service,No internet service,Two year,No,Mailed check,18.0,1599.23,No
C06175,Male,0,Yes,No,6,Yes,No,DSL,No,No,No,Yes,No,No,One year,Yes,Bank transfer (automatic),59.71,227.48,No
C06176,Female,0,No,No,52,Yes,No,Fiber optic,Yes,No,Yes,No,Yes,Yes,Month-to-month,Yes,Credit card (automatic),69.95,3420.6,No
C06177,Male,0,Yes,No,3,Yes,No,DSL,No,No,No,Yes,Yes,No,Two year,Yes,Bank transfer (automatic),57.22,18.0,No
C06178,Male,0,Yes,No,13,Yes,Yes,No,No internet service,No internet service,No internet service,No internet service,No internet service,No internet service,Two year,Yes,Electronic check,18.0,18.0,No
C06179,Male,0,Yes,No,8,Yes,Yes,No,No internet service,No internet service,No internet service,No internet service,No internet service,No internet service,Month-to-month,No,Mailed check,18.69,296.73,No
C06180,Female,0,No,No,72,No,No phone service,No,No internet service,No internet service,No internet service,No internet service,No internet service,No internet service,Two year,No,Mailed check,18.0,1148.51,No
C06181,Male,0,Yes,No,1,Yes,No,DSL,No,No,No,Yes,Yes,Yes,Month-to-month,Yes,Electronic check,64.63,169.89,No
C06182,Male,1,Yes,No,40,Yes,Yes,No,No internet service,No internet service,No internet service,No internet service,No internet service,No internet service,One year,Yes,Mailed check,39.79,1483.2,No
C06183,Female,0,No,Yes,9,No,No phone service,DSL,No,No,No,No,No,Yes,One year,No,Electronic check,39.4,52.58,No
C06184,Female,1,No,No,53,Yes,Yes,DSL,No,Yes,No,No,No,No,Month-to-month,Yes,Bank transfer (automatic),18.0,1418.55,No
C06185,Male,1,No,Yes,11,Yes,Yes,DSL,Yes,No,Yes,No,No,Yes,Month-to-month,Yes,Credit card (automatic),84.14,763.79,Yes
C06186,Male,1,Yes,No,6,Yes,No,Fiber optic,Yes,Yes,No,No,No,Yes,Month-to-month,Yes,Credit card (automatic),83.95,433.19,Yes
C06187,Female,0,Yes,No,37,Yes,Yes,DSL,No,Yes,No,Yes,No,No,One year,No,Electronic check,54.49,2013.56,No
C06188,Female,0,No,No,9,Yes,Yes,Fiber optic,Yes,No,Yes,Yes,Yes,Yes,Month-to-month,No,Mailed check,85.02,1046.6,Yes
C06189,Female,0,No,No,21,Yes,Yes,DSL,No,Yes,No,No,No,No,One year,Yes,Electronic check,50.83,977.39,No
C06190,Female,0,Yes,No,4,Yes,Yes,No,No internet service,No internet service,No internet service,No internet service,No internet service,No internet service,Month-to-month,Yes,Mailed check,18.0,18.0,No
C06191,Female,0,Yes,No,41,Yes,No,Fiber optic,No,No,No,No,No,Yes,Month-to-month,No,Electronic check,52.52,1972.82,Yes
C06192,Female,0,No,No,16,Yes,No,Fiber optic,No,No,Yes,No,No,No,Month-to-month,No,Bank transfer (automatic),87.33,1288.54,Yes
C06193,Female,0,Yes,No,4,Yes,No,No,No internet service,No internet service,No internet service,No internet service,No internet service,No internet service,One year,Yes,Electronic check,18.0,24.36,No
C06194,Male,0,No,Yes,43,No,No phone service,DSL,Yes,No,No,No,No,No,Month-to-month,No,Mailed check,25.4,1101.28,No
C06195,Female,0,Yes,No,3,Yes,Yes,DSL,No,Yes,No,Yes,No,No,Month-to-month,No,Credit card (automatic),37.32,218.7,Yes
C06196,Female,0,No,No,27,Yes,Yes,Fiber optic,No,Yes,No,Yes,No,Yes,One year,Yes,Mailed check,67.0,1982.26,No
C06197,Male,0,No,Yes,29,Yes,Yes,DSL,Yes,Yes,No,Yes,No,Yes,Month-to-month,No,Credit card (automatic),51.37,1621.42,No
C06198,Female,0,Yes,No,72,Yes,No,DSL,No,No,Yes,No,Yes,Yes,One year,Yes,Credit card (automatic),49.52,3462.15,No
C06199,Female,0,Yes,Yes,5,Yes,No,No,No internet service,No internet service,No internet service,No internet service,No internet service,No internet service,Two year,No,Mailed check,29.86,208.27,No
C06200,Male,0,No,No,33,Yes,No,DSL,Yes,Yes,No,No,No,No,One year,Yes,Bank transfer (automatic),25.17,930.68,No
C06201,Female,0,Yes,Yes,15,Yes,No,No,No internet service,No internet service,No internet service,No internet service,No internet service,No internet service,Month-to-month,Yes,Bank transfer (automatic),35.27,518.64,No
C06202,Male,0,No,No,16,Yes,Yes,DSL,No,Yes,No,No,No,No,Month-to-month,No,Electronic check,48.73,653.05,Yes
C06203,Male,0,No,No,22,No,No phone service,No,No internet service,No internet service,No internet service,No internet service,No internet service,No internet service,One year,Yes,Mailed check,25.05,581.04,No
C06204,Male,0,No,No,8,Yes,No,Fiber optic,Yes,No,No,No,No,No,Month-to-month,Yes,Mailed check,88.82,690.79,Yes
C06205,Male,0,Yes,No,19,Yes,No,Fiber optic,Yes,Yes,No,Yes,No,No,Two year,No,Mailed check,63.97,1443.8,No
C06206,Female,0,Yes,No,37,Yes,No,DSL,No,No,Yes,No,No,No,Two year,No,Electronic check,52.26,1847.49,No
C06207,Male,0,No,No,19,Yes,Yes,DSL,Yes,Yes,Yes,No,Yes,No,Month-to-month,Yes,Bank transfer (automatic),55.62,986.52,Yes
C06208,Male,0,Yes,No,1,Yes,No,Fiber optic,Yes,Yes,Yes,No,Yes,Yes,One year,No,Credit card (automatic),30.46,179.3,No
C06209,Female,0,No,No,9,Yes,No,Fiber optic,No,No,No,No,Yes,No,Month-to-month,No,Mailed check,56.77,560.36,Yes
C06210,Male,1,No,Yes,13,Yes,No,DSL,No,Yes,Yes,Yes,No,No,One year,No,Credit card (automatic),55.63,898.28,No
C06211,Male,0,Yes,Yes,14,Yes,Yes,Fiber optic,Yes,Yes,No,Yes,No,No,Two year,Yes,Bank transfer (automatic),68.04,1005.2,No
C06212,Male,0,Yes,No,2,Yes,Yes,DSL,No,No,No,Yes,Yes,Yes,Month-to-month,No,Electronic check,19.27,18.0,Yes
C06213,Male,0,Yes,No,19,No,No phone service,No,No internet service,No internet service,No internet service,No internet service,No internet service,No internet service,Month-to-month,No,Mailed check,18.0,722.52,No
C06214,Female,0,No,Yes,37,Yes,No,No,No internet service,No internet service,No internet service,No internet service,No internet service,No internet service,Month-to-month,No,Bank transfer (automatic),33.22,965.99,Yes
C06215,Male,0,Yes,Yes,1,Yes,Yes,DSL,Yes,No,Yes,No,No,Yes,Two year,Yes,Bank transfer (automatic),48.25,128.82,No
C06216,Female,0,Yes,No,44,Yes,Yes,Fiber optic,Yes,No,No,No,Yes,No,Month-to-month,No,Bank transfer (automatic),56.67,2490.99,No
C06217,Female,0,No,No,72,Yes,No,Fiber optic,Yes,No,Yes,Yes,No,No,Two year,Yes,Bank transfer (automatic),64.67,4456.98,No
C06218,Male,0,Yes,No,1,Yes,No,No,No internet service,No internet service,No internet service,No internet service,No internet service,No internet service,Month-to-month,Yes,Electronic check,18.0,160.76,Yes
C06219,Male,0,Yes,No,6,Yes,Yes,DSL,No,No,Yes,No,No,Yes,Two year,Yes,Credit card (automatic),31.36,318.9,No
C06220,Male,0,Yes,Yes,25,Yes,Yes,DSL,No,No,No,Yes,Yes,No,Month-to-month,No,Electronic check,33.93,1057.41,No
C06221,Male,0,No,No,7,Yes,Yes,No,No internet service,No internet service,No internet service,No internet service,No internet service,No internet service,One year,Yes,Electronic check,44.54,434.16,No
C06222,Female,0,Yes,No,46,Yes,No,No,No internet service,No internet service,No internet service,No internet service,No internet service,No internet service,Two year,No,Electronic check,41.67,1922.45,No
C06223,Female,0,No,No,11,Yes,No,No,No internet service,No internet service,No internet service,No internet service,No internet service,No internet service,One year,Yes,Electronic check,32.32,893.52,No
C06224,Female,0,No,No,11,Yes,Yes,DSL,Yes,No,No,No,Yes,Yes,Month-to-month,No,Bank transfer (automatic),53.6,347.58,No
C06225,Male,0,No,No,1,No,No phone service,DSL,No,No,No,Yes,Yes,Yes,Month-to-month,Yes,Electronic check,21.27,151.49,No
C06226,Female,0,No,No,10,No,No phone service,DSL,No,No,No,No,No,Yes,Month-to-month,No,Electronic check,18.18,287.2,Yes
C06227,Male,1,Yes,Yes,7,Yes,Yes,No,No internet service,No internet service,No internet service,No internet service,No internet service,No internet service,One year,Yes,Electronic check,33.93,490.67,No
C06228,Male,1,Yes,Yes,13,Yes,No,Fiber optic,No,No,No,No,No,No,Month-to-month,Yes,Electronic check,39.03,647.84,Yes
C06229,Male,0,Yes,Yes,5,Yes,No,No,No internet service,No internet service,No internet service,No internet service,No internet service,No internet service,Month-to-month,Yes,Bank transfer (automatic),21.49,204.83,Yes
C06230,Male,0,No,No,28,Yes,Yes,No,No internet service,No internet service,No internet service,No internet service,No internet service,No internet service,Month-to-month,No,Mailed check,18.0,581.73,No
C06231,Male,0,Yes,No,8,Yes,No,Fiber optic,No,Yes,No,Yes,No,No,Month-to-month,Yes,Bank transfer (automatic),75.1,736.61,Yes
C06232,Female,0,Yes,No,57,Yes,No,Fiber optic,Yes,No,No,No,Yes,No,Month-to-month,Yes,Electronic check,70.43,4347.45,No
C06233,Female,1,Yes,No,10,No,No phone service,DSL,No,Yes,No,No,No,Yes,Month-to-month,No,Bank transfer (automatic),52.93,324.62,Yes
C06234,Male,0,Yes,No,7,Yes,No,Fiber optic,No,No,No,No,Yes,Yes,Two year,Yes,Electronic check,52.21,156.03,Yes
C06235,Female,0,No,Yes,1,Yes,Yes,Fiber optic,Yes,No,Yes,Yes,Yes,Yes,Month-to-month,No,Mailed check,65.96,18.0,Yes
C06236,Male,0,No,Yes,43,Yes,Yes,DSL,No,Yes,Yes,Yes,No,Yes,Month-to-month,Yes,Credit card (automatic),29.3,1076.9,No
C06237,Male,0,Yes,Yes,22,Yes,Yes,DSL,No,No,Yes,No,No,Yes,Month-to-month,No,Electronic check,47.91,1184.77,Yes
C06238,Male,1,No,No,3,Yes,Yes,Fiber optic,No,Yes,No,No,No,No,Two year,No,Credit card (automatic),84.19,441.8,Yes
C06239,Female,0,No,Yes,8,Yes,Yes,Fiber optic,Yes,No,Yes,No,No,No,Month-to-month,No,Electronic check,91.26,538.03,Yes
C06240,Male,0,No,No,72,Yes,No,Fiber optic,Yes,Yes,No,No,No,No,Month-to-month,Yes,Electronic check,36.84,2420.91,No
C06241,Male,0,No,No,52,Yes,No,Fiber optic,Yes,Yes,Yes,Yes,Yes,No,Month-to-month,Yes,Credit card (automatic),85.62,4355.52,Yes
C06242,Female,0,Yes,Yes,13,Yes,No,DSL,Yes,Yes,No,No,No,No,One year,Yes,Bank transfer (automatic),70.57,661.83,No
C06243,Female,0,Yes,Yes,25,Yes,No,No,No internet service,No internet service,No internet service,No internet service,No internet service,No internet service,Month-to-month,No,Electronic check,18.0,269.24,No
C06244,Female,0,No,No,17,Yes,No,Fiber optic,No,No,No,No,Yes,Yes,Month-to-month,No,Bank transfer (automatic),59.36,1272.37,Yes
C06245,Male,0,No,Yes,1,Yes,No,Fiber optic,No,No,No,Yes,Yes,Yes,One year,Yes,Credit card (automatic),54.49,18.0,Yes
C06246,Male,0,No,Yes,48,Yes,Yes,DSL,Yes,No,Yes,Yes,No,No,Month-to-month,No,Credit card (automatic),37.3,2026.48,No
C06247,Female,0,No,No,40,Yes,No,Fiber optic,No,Yes,No,Yes,Yes,No,Month-to-month,Yes,Credit card (automatic),88.45,3411.28,No
C06248,Male,0,No,No,16,Yes,Yes,Fiber optic,No,Yes,Yes,Yes,No,No,Two year,No,Credit card (automatic),45.02,434.99,No
C06249,Female,0,No,Yes,59,Yes,No,DSL,No,Yes,Yes,Yes,No,Yes,Month-to-month,Yes,Electronic check,25.02,1553.41,No
C06250,Female,0,No,No,24,Yes,No,Fiber optic,No,No,Yes,No,No,Yes,Month-to-month,Yes,Bank transfer (automatic),55.72,1200.86,Yes
C06251,Male,0,Yes,Yes,2,Yes,Yes,DSL,No,Yes,Yes,No,Yes,Yes,Month-to-month,Yes,Electronic check,79.23,231.51,Yes
C06252,Male,0,No,No,9,Yes,Yes,Fiber optic,No,No,No,No,No,Yes,Month-to-month,No,Credit card (automatic),54.91,680.2,Yes
C06253,Female,0,No,No,19,Yes,No,No,No internet service,No internet service,No internet service,No internet service,No internet service,No internet service,Two year,Yes,Electronic check,18.0,673.45,No
C06254,Female,0,No,No,3,Yes,No,DSL,No,Yes,Yes,No,No,Yes,One year,No,Bank transfer (automatic),26.53,122.43,No
C06255,Female,0,Yes,No,27,Yes,No,Fiber optic,No,Yes,No,No,No,No,Month-to-month,Yes,Electronic check,68.96,2345.06,Yes
C06256,Female,0,Yes,No,4,Yes,Yes,Fiber optic,Yes,No,No,Yes,Yes,Yes,Month-to-month,Yes,Credit card (automatic),64.84,409.83,Yes
C06257,Male,0,No,No,7,Yes,No,No,No internet service,No internet service,No internet service,No internet service,No internet service,No internet service,Month-to-month,No,Mailed check,18.0,150.5,No
C06258,Female,0,No,Yes,71,Yes,Yes,Fiber optic,Yes,No,No,Yes,Yes,Yes,One year,No,Mailed check,52.24,3873.33,No
C06259,Female,1,No,No,72,Yes,No,No,No internet service,No internet service,No internet service,No internet service,No internet service,No internet service,One year,Yes,Mailed check,28.78,1721.96,No
C06260,Female,0,Yes,No,25,Yes,No,No,No internet service,No internet service,No internet service,No internet service,No internet service,No internet service,Month-to-month,No,Bank transfer (automatic),47.29,1166.86,No
C06261,Male,0,Yes,No,30,Yes,Yes,Fiber optic,Yes,No,No,No,Yes,Yes,Month-to-month,Yes,Credit card (automatic),38.53,908.91,No
C06262,Male,0,Yes,No,51,Yes,Yes,DSL,No,Yes,Yes,No,Yes,No,Month-to-month,No,Credit card (automatic),31.06,1789.16,No
C06263,Female,0,No,No,38,Yes,Yes,Fiber optic,Yes,No,No,No,Yes,No,Two year,Yes,Electronic check,77.95,3053.51,No
C06264,Male,0,Yes,Yes,6,Yes,No,DSL,No,No,No,Yes,No,Yes,Two year,Yes,Mailed check,53.12,127.46,No
C06265,Male,0,No,No,16,No,No phone service,Fiber optic,No,Yes,Yes,No,No,No,Month-to-month,Yes,Mailed check,70.32,728.66,Yes
C06266,Male,0,Yes,Yes,24,Yes,Yes,Fiber optic,Yes,No,Yes,No,No,No,Month-to-month,Yes,Electronic check,101.7,2530.63,Yes
C06267,Female,0,No,Yes,14,Yes,Yes,Fiber optic,Yes,Yes,No,No,Yes,Yes,One year,Yes,Bank transfer (automatic),56.27,507.67,No
C06268,Female,0,No,Yes,6,Yes,Yes,DSL,Yes,No,Yes,No,Yes,Yes,Two year,No,Bank transfer (automatic),44.48,279.36,No
C06269,Male,0,No,No,42,Yes,Yes,Fiber optic,No,No,No,Yes,No,No,One year,Yes,Credit card (automatic),74.69,3507.55,No
C06270,Female,0,Yes,Yes,7,Yes,No,No,No internet service,No internet service,No internet service,No internet service,No internet service,No internet service,Month-to-month,Yes,Bank transfer (automatic),45.27,445.09,No
C06271,Female,0,No,No,9,Yes,No,DSL,No,No,No,No,Yes,Yes,Month-to-month,No,Electronic check,41.74,130.18,Yes
C06272,Male,0,Yes,No,10,Yes,No,Fiber optic,No,Yes,No,No,Yes,Yes,One year,No,Credit card (automatic),53.75,517.62,Yes
C06273,Male,0,Yes,Yes,5,Yes,Yes,Fiber optic,Yes,No,No,Yes,No,No,Month-to-month,Yes,Electronic check,63.02,398.51,Yes
C06274,Female,1,Yes,Yes,60,No,No phone service,DSL,No,Yes,Yes,No,No,Yes,One year,Yes,Bank transfer (automatic),49.34,2954.99,No
C06275,Male,1,No,Yes,30,Yes,Yes,Fiber optic,No,No,Yes,Yes,No,No,One year,No,Bank transfer (automatic),63.01,1977.16,No
C06276,Female,0,Yes,No,57,Yes,No,Fiber optic,No,No,Yes,Yes,No,Yes,Month-to-month,Yes,Electronic check,39.63,2286.6,Yes
C06277,Female,0,No,Yes,21,Yes,No,Fiber optic,No,No,Yes,Yes,No,No,One year,Yes,Mailed check,68.81,1425.96,No
C06278,Male,0,Yes,No,23,Yes,Yes,Fiber optic,No,Yes,Yes,No,No,No,Month-to-month,Yes,Electronic check,87.31,1740.59,Yes
C06279,Female,0,Yes,No,30,No,No phone service,Fiber optic,Yes,Yes,No,No,No,No,Month-to-month,Yes,Bank transfer (automatic),75.91,2264.41,Yes
C06280,Female,1,Yes,No,14,Yes,No,Fiber optic,Yes,Yes,No,No,No,Yes,Two year,Yes,Bank transfer (automatic),50.87,768.25,No
C06281,Male,0,No,No,21,Yes,No,DSL,No,Yes,Yes,No,Yes,Yes,One year,Yes,Mailed check,38.06,601.4,No
C06282,Male,0,Yes,No,25,Yes,No,Fiber optic,No,No,No,No,Yes,No,One year,Yes,Electronic check,76.93,2039.83,No
C06283,Male,0,No,No,72,Yes,Yes,DSL,No,Yes,Yes,No,No,Yes,Month-to-month,Yes,Bank transfer (automatic),37.16,2588.04,No
C06284,Female,0,No,No,68,No,No phone service,Fiber optic,No,Yes,No,No,No,No,One year,Yes,Credit card (automatic),50.22,3546.86,No
C06285,Male,0,No,Yes,4,Yes,Yes,DSL,No,Yes,No,No,No,No,One year,No,Bank transfer (automatic),29.28,151.92,No
C06286,Male,0,Yes,No,1,Yes,Yes,No,No internet service,No internet service,No internet service,No internet service,No internet service,No internet service,Month-to-month,Yes,Credit card (automatic),53.99,18.0,Yes
C06287,Male,0,Yes,No,36,Yes,No,No,No internet service,No internet service,No internet service,No internet service,No internet service,No internet service,Two year,Yes,Credit card (automatic),40.43,1616.76,No
C06288,Male,0,No,Yes,1,Yes,No,DSL,No,No,No,No,No,No,Two year,No,Credit card (automatic),51.22,18.0,No
C06289,Female,0,No,No,1,Yes,No,No,No internet service,No internet service,No internet service,No internet service,No internet service,No internet service,Month-to-month,Yes,Electronic check,18.0,32.06,Yes
C06290,Female,0,Yes,No,5,Yes,Yes,Fiber optic,Yes,Yes,No,No,Yes,Yes,Month-to-month,Yes,Bank transfer (automatic),53.28,515.12,Yes
C06291,Male,0,No,No,13,Yes,Yes,DSL,Yes,No,Yes,No,Yes,No,Month-to-month,No,Electronic check,69.75,894.89,Yes
C06292,Female,0,Yes,No,18,Yes,No,No,No internet service,No internet service,No internet service,No internet service,No internet service,No internet service,Month-to-month,No,Bank transfer (automatic),18.0,272.49,No
C06293,Male,1,No,No,23,No,No phone service,Fiber optic,Yes,No,No,Yes,Yes,No,One year,No,Credit card (automatic),50.75,1056.45,No
C06294,Male,0,Yes,Yes,72,Yes,No,Fiber optic,Yes,No,No,No,No,No,Month-to-month,No,Electronic check,72.41,4860.62,No
C06295,Female,0,Yes,No,15,Yes,No,No,No internet service,No internet service,No internet service,No internet service,No internet service,No internet service,Month-to-month,No,Electronic check,46.37,479.45,No
C06296,Female,0,Yes,Yes,8,Yes,No,DSL,No,No,No,No,Yes,No,Two year,No,Credit card (automatic),18.0,142.64,No
C06297,Male,0,No,No,27,Yes,No,Fiber optic,Yes,No,No,Yes,Yes,No,Month-to-month,Yes,Electronic check,48.21,1191.36,Yes
C06298,Male,0,No,No,7,Yes,No,DSL,Yes,No,No,No,No,No,One year,Yes,Mailed check,18.0,289.02,No
C06299,Female,0,Yes,Yes,72,Yes,Yes,Fiber optic,No,Yes,No,No,No,Yes,Month-to-month,No,Mailed check,59.1,4145.38,No
C06300,Male,1,No,No,9,Yes,No,DSL,No,Yes,Yes,No,Yes,Yes,One year,No,Bank transfer (automatic),55.06,332.5,Yes
C06301,Female,0,No,Yes,72,No,No phone service,Fiber optic,Yes,No,No,Yes,No,No,Two year,Yes,Electronic check,53.25,3972.51,No
C06302,Male,1,No,Yes,17,Yes,No,Fiber optic,No,No,Yes,No,No,No,Month-to-month,Yes,Electronic check,75.87,1311.66,Yes
C06303,Male,1,Yes,No,53,Yes,No,DSL,Yes,No,No,No,Yes,No,One year,No,Bank transfer (automatic),55.83,2882.13,No
C06304,Female,1,No,Yes,33,Yes,Yes,DSL,No,No,Yes,No,No,No,One year,Yes,Electronic check,33.23,678.06,No
C06305,Female,0,Yes,No,72,Yes,No,Fiber optic,Yes,No,Yes,Yes,No,No,One year,Yes,Electronic check,86.2,6104.78,No
C06306,Female,0,Yes,Yes,31,Yes,No,Fiber optic,Yes,Yes,No,No,Yes,No,Month-to-month,Yes,Electronic check,61.44,2044.25,Yes
C06307,Female,0,No,Yes,27,Yes,No,Fiber optic,Yes,Yes,No,No,No,Yes,One year,No,Credit card (automatic),77.7,1931.46,No
C06308,Female,0,No,Yes,33,Yes,Yes,Fiber optic,No,No,No,No,No,Yes,Month-to-month,No,Bank transfer (automatic),55.0,1907.29,Yes
C06309,Female,0,No,No,49,Yes,No,Fiber optic,No,Yes,Yes,No,No,No,One year,No,Mailed check,81.19,4168.49,No
C06310,Female,0,No,Yes,72,No,No phone service,No,No internet service,No internet service,No internet service,No internet service,No internet service,No internet service,Month-to-month,Yes,Electronic check,18.0,998.85,No
C06311,Male,0,No,No,9,Yes,No,No,No internet service,No internet service,No internet service,No internet service,No internet service,No internet service,One year,Yes,Mailed check,43.66,356.92,No
C06312,Male,1,Yes,No,7,Yes,Yes,No,No internet service,No internet service,No internet service,No internet service,No internet service,No internet service,Month-to-month,No,Bank transfer (automatic),18.0,32.24,No
C06313,Male,0,Yes,Yes,1,Yes,No,No,No internet service,No internet service,No internet service,No internet service,No internet service,No internet service,One year,No,Credit card (automatic),29.54,18.0,No
C06314,Female,0,No,Yes,14,Yes,No,DSL,No,No,No,Yes,No,No,Month-to-month,No,Mailed check,50.95,648.23,No
C06315,Female,0,No,No,59,Yes,No,DSL,No,No,Yes,No,No,Yes,Month-to-month,No,Mailed check,69.21,4367.47,No
C06316,Female,0,No,No,2,Yes,Yes,DSL,Yes,No,No,Yes,No,Yes,Two year,No,Electronic check,53.93,18.0,No
C06317,Male,0,No,No,24,Yes,Yes,No,No internet service,No internet service,No internet service,No internet service,No internet service,No internet service,Month-to-month,Yes,Credit card (automatic),33.68,685.09,No
C06318,Female,1,No,No,37,Yes,No,Fiber optic,Yes,Yes,No,Yes,No,No,Month-to-month,Yes,Mailed check,55.82,2270.17,No
C06319,Female,0,No,No,58,Yes,Yes,DSL,No,No,Yes,No,No,No,Two year,No,Mailed check,37.8,2050.46,No
C06320,Male,0,Yes,No,28,Yes,No,Fiber optic,No,No,No,Yes,No,No,Month-to-month,No,Electronic check,99.76,2831.7,Yes
C06321,Female,0,Yes,No,6,No,No phone service,Fiber optic,No,Yes,No,No,No,Yes,Two year,No,Credit card (automatic),61.75,383.19,No
C06322,Male,0,No,Yes,72,Yes,No,DSL,Yes,No,Yes,No,No,Yes,Month-to-month,Yes,Credit card (automatic),65.32,5141.85,No
C06323,Male,0,No,Yes,3,Yes,No,Fiber optic,No,Yes,No,Yes,Yes,Yes,One year,Yes,Electronic check,64.23,539.43,No
C06324,Female,0,No,No,46,Yes,Yes,DSL,No,No,No,Yes,Yes,Yes,One year,No,Credit card (automatic),32.9,1662.43,No
C06325,Female,0,Yes,No,2,Yes,Yes,No,No internet service,No internet service,No internet service,No internet service,No internet service,No internet service,One year,Yes,Mailed check,18.0,57.99,No
C06326,Female,0,No,Yes,4,Yes,No,DSL,Yes,Yes,No,No,Yes,Yes,One year,Yes,Bank transfer (automatic),44.2,136.69,No
C06327,Male,0,No,No,72,Yes,No,Fiber optic,No,Yes,No,No,No,No,Month-to-month,Yes,Bank transfer (automatic),71.36,4813.55,No
C06328,Male,0,No,No,44,Yes,Yes,No,No internet service,No internet service,No internet service,No internet service,No internet service,No internet service,Two year,No,Electronic check,18.0,1004.78,No
C06329,Male,1,Yes,No,14,Yes,No,No,No internet service,No internet service,No internet service,No internet service,No internet service,No internet service,Month-to-month,No,Electronic check,18.0,310.44,No
C06330,Female,0,No,Yes,32,No,No phone service,Fiber optic,No,No,No,No,No,No,Two year,Yes,Mailed check,90.98,3242.57,No
C06331,Female,0,No,No,19,Yes,Yes,DSL,No,No,Yes,No,Yes,No,Month-to-month,Yes,Electronic check,18.0,751.57,No
C06332,Female,0,No,Yes,2,Yes,Yes,No,No internet service,No internet service,No internet service,No internet service,No internet service,No internet service,Month-to-month,No,Mailed check,18.0,143.48,Yes
C06333,Female,1,No,Yes,40,Yes,No,DSL,No,Yes,Yes,No,No,Yes,One year,No,Electronic check,47.36,1795.15,No
C06334,Male,1,No,Yes,46,Yes,No,Fiber optic,No,No,Yes,No,No,Yes,One year,Yes,Credit card (automatic),91.81,4368.0,Yes
C06335,Male,0,Yes,No,68,Yes,Yes,No,No internet service,No internet service,No internet service,No internet service,No internet service,No internet service,One year,Yes,Electronic check,22.85,1790.35,No
C06336,Male,0,Yes,No,24,Yes,No,No,No internet service,No internet service,No internet service,No internet service,No internet service,No internet service,Month-to-month,Yes,Mailed check,18.0,477.3,No
C06337,Male,0,No,No,35,Yes,Yes,DSL,Yes,No,Yes,Yes,Yes,No,Month-to-month,No,Bank transfer (automatic),52.1,1571.82,No
C06338,Female,0,Yes,No,18,Yes,No,Fiber optic,No,No,Yes,No,No,No,Month-to-month,No,Electronic check,50.85,893.73,Yes
C06339,Female,0,No,No,12,Yes,No,Fiber optic,No,No,No,No,Yes,No,One year,Yes,Electronic check,90.58,1156.56,No
C06340,Female,0,Yes,Yes,16,No,No phone service,No,No internet service,No internet service,No internet service,No internet service,No internet service,No internet service,Two year,Yes,Mailed check,27.07,246.47,No
C06341,Male,0,Yes,Yes,72,Yes,No,Fiber optic,No,No,Yes,No,Yes,No,Month-to-month,No,Mailed check,71.69,5294.61,No
C06342,Male,1,No,No,5,Yes,No,Fiber optic,No,No,Yes,No,No,Yes,Month-to-month,No,Electronic check,83.09,75.15,Yes
C06343,Female,0,Yes,No,9,Yes,No,DSL,No,No,No,No,No,Yes,One year,Yes,Electronic check,28.53,334.25,No
C06344,Female,0,No,No,29,Yes,Yes,No,No internet service,No internet service,No internet service,No internet service,No internet service,No internet service,Month-to-month,No,Credit card (automatic),18.0,410.18,No
C06345,Male,0,No,No,3,Yes,No,DSL,Yes,Yes,Yes,Yes,No,No,Two year,Yes,Electronic check,61.17,23.82,No
C06346,Female,0,Yes,No,71,Yes,Yes,No,No internet service,No internet service,No internet service,No internet service,No internet service,No internet service,Month-to-month,No,Mailed check,26.81,2044.25,No
C06347,Male,0,No,No,1,Yes,No,No,No internet service,No internet service,No internet service,No internet service,No internet service,No internet service,Month-to-month,Yes,Bank transfer (automatic),51.9,110.69,Yes
C06348,Male,0,Yes,No,45,No,No phone service,DSL,Yes,Yes,No,No,Yes,Yes,Month-to-month,No,Credit card (automatic),43.04,1453.84,No
C06349,Male,0,No,No,14,Yes,No,Fiber optic,No,No,No,Yes,No,No,Month-to-month,Yes,Mailed check,52.16,507.85,Yes
C06350,Female,0,Yes,No,1,Yes,Yes,Fiber optic,Yes,Yes,No,Yes,No,No,Month-to-month,No,Mailed check,47.1,318.27,Yes
C06351,Female,0,Yes,No,59,Yes,Yes,Fiber optic,Yes,No,No,No,Yes,No,Two year,Yes,Bank transfer (automatic),62.39,3209.46,No
C06352,Male,0,No,No,32,Yes,No,Fiber optic,No,Yes,No,No,No,No,Month-to-month,Yes,Electronic check,77.52,2652.91,Yes
C06353,Female,0,No,No,1,No,No phone service,Fiber optic,Yes,No,No,No,No,No,Month-to-month,No,Credit card (automatic),84.9,18.0,Yes
C06354,Male,0,Yes,No,9,Yes,Yes,DSL,No,Yes,Yes,No,No,No,Two year,Yes,Electronic check,58.87,211.06,No
C06355,Male,0,No,No,13,Yes,No,No,No internet service,No internet service,No internet service,No internet service,No internet service,No internet service,Two year,Yes,Mailed check,36.0,420.62,No
C06356,Male,0,No,No,12,Yes,Yes,Fiber optic,Yes,No,Yes,Yes,No,No,Month-to-month,Yes,Credit card (automatic),74.02,975.08,Yes
C06357,Male,0,No,No,22,Yes,Yes,Fiber optic,No,No,Yes,Yes,Yes,No,Two year,Yes,Credit card (automatic),63.64,1810.08,No
C06358,Female,0,Yes,No,23,Yes,No,DSL,No,No,Yes,No,No,Yes,Month-to-month,Yes,Mailed check,43.31,876.17,Yes
C06359,Male,0,No,No,16,Yes,Yes,Fiber optic,No,Yes,Yes,No,No,No,One year,Yes,Electronic check,87.94,1415.15,Yes
C06360,Male,0,No,No,12,Yes,No,No,No internet service,No internet service,No internet service,No internet service,No internet service,No internet service,Month-to-month,Yes,Electronic check,18.0,284.84,No
C06361,Female,1,No,Yes,22,Yes,No,Fiber optic,No,Yes,No,Yes,Yes,No,Month-to-month,No,Electronic check,87.64,1799.4,Yes
C06362,Male,0,No,No,1,Yes,No,No,No internet service,No internet service,No internet service,No internet service,No internet service,No internet service,Two year,Yes,Mailed check,32.78,90.63,No
C06363,Male,0,Yes,No,33,Yes,No,Fiber optic,No,No,No,No,No,Yes,Month-to-month,Yes,Bank transfer (automatic),87.15,2796.07,No
C06364,Female,0,Yes,No,29,Yes,No,No,No internet service,No internet service,No internet service,No internet service,No internet service,No internet service,Month-to-month,Yes,Mailed check,20.92,788.24,No
C06365,Female,0,Yes,No,10,Yes,Yes,No,No internet service,No internet service,No internet service,No internet service,No internet service,No internet service,One year,Yes,Electronic check,34.98,533.55,No
C06366,Female,0,Yes,No,6,Yes,Yes,Fiber optic,Yes,Yes,Yes,No,No,Yes,One year,Yes,Electronic check,61.56,395.82,No
C06367,Male,0,Yes,No,2,No,No phone service,Fiber optic,No,No,No,Yes,No,No,Month-to-month,No,Electronic check,57.31,18.61,Yes
C06368,Female,0,No,Yes,28,Yes,No,DSL,No,No,No,Yes,Yes,Yes,Two year,No,Bank transfer (automatic),18.0,330.32,No
C06369,Female,0,Yes,No,26,Yes,No,No,No internet service,No internet service,No internet service,No internet service,No internet service,No internet service,One year,No,Bank transfer (automatic),18.0,711.58,No
C06370,Male,1,Yes,No,24,Yes,No,No,No internet service,No internet service,No internet service,No internet service,No internet service,No internet service,One year,Yes,Credit card (automatic),18.68,619.04,No
C06371,Male,0,Yes,Yes,72,Yes,No,Fiber optic,No,Yes,No,No,No,No,One year,Yes,Mailed check,70.42,5133.89,No
C06372,Male,0,Yes,No,24,Yes,No,DSL,Yes,Yes,No,Yes,No,Yes,Two year,No,Credit card (automatic),84.67,2070.45,No
C06373,Male,0,Yes,No,40,No,No phone service,No,No internet service,No internet service,No internet service,No internet service,No internet service,No internet service,Month-to-month,Yes,Bank transfer (automatic),18.0,915.53,No
C06374,Male,1,No,No,3,Yes,No,DSL,No,Yes,No,No,No,Yes,Two year,Yes,Bank transfer (automatic),65.07,43.05,No
C06375,Female,0,Yes,Yes,11,No,No phone service,Fiber optic,Yes,No,No,No,No,No,Two year,Yes,Electronic check,82.23,1432.39,No
C06376,Female,0,No,Yes,10,Yes,No,DSL,No,No,No,No,No,No,Month-to-month,Yes,Electronic check,61.69,932.74,Yes
C06377,Female,1,Yes,No,27,Yes,No,No,No internet service,No internet service,No internet service,No internet service,No internet service,No internet service,Two year,No,Bank transfer (automatic),32.28,947.85,No
C06378,Male,0,No,Yes,12,Yes,No,Fiber optic,Yes,Yes,Yes,Yes,No,No,Month-to-month,Yes,Electronic check,49.79,725.88,Yes
C06379,Male,0,Yes,No,32,No,No phone service,DSL,No,No,Yes,No,Yes,No,One year,No,Electronic check,41.15,1352.72,No
C06380,Male,0,No,No,37,Yes,No,DSL,No,Yes,No,No,No,No,Two year,Yes,Electronic check,58.84,1977.58,No
C06381,Female,0,No,No,1,Yes,No,DSL,No,No,Yes,No,No,No,Month-to-month,Yes,Bank transfer (automatic),43.78,47.97,Yes
C06382,Female,1,No,Yes,32,Yes,No,Fiber optic,No,Yes,No,No,No,Yes,Two year,No,Bank transfer (automatic),64.94,2149.97,No
C06383,Male,0,No,No,3,Yes,No,DSL,No,No,Yes,No,Yes,Yes,One year,No,Electronic check,40.38,111.48,Yes
C06384,Female,1,No,No,20,Yes,Yes,DSL,Yes,No,No,No,No,No,Month-to-month,Yes,Credit card (automatic),63.02,1078.68,Yes
C06385,Male,1,No,No,41,Yes,No,No,No internet service,No internet service,No internet service,No internet service,No internet service,No internet service,One year,Yes,Mailed check,18.0,768.69,No
C06386,Female,0,No,Yes,38,Yes,Yes,DSL,Yes,No,No,Yes,No,Yes,Month-to-month,Yes,Bank transfer (automatic),21.57,444.84,No
C06387,Female,0,No,Yes,11,Yes,No,Fiber optic,Yes,Yes,No,Yes,No,No,Month-to-month,Yes,Credit card (automatic),81.45,892.15,Yes
C06388,Female,0,No,No,10,Yes,No,Fiber optic,No,No,No,Yes,No,No,Two year,Yes,Bank transfer (automatic),69.26,1032.17,Yes
C06389,Male,0,No,No,18,Yes,No,DSL,Yes,No,Yes,Yes,No,Yes,Month-to-month,Yes,Bank transfer (automatic),45.85,900.15,Yes
C06390,Female,0,Yes,No,6,Yes,No,Fiber optic,No,No,No,No,Yes,No,One year,Yes,Electronic check,105.46,528.11,Yes
C06391,Female,0,No,Yes,72,Yes,No,Fiber optic,Yes,Yes,No,No,Yes,Yes,Month-to-month,Yes,Bank transfer (automatic),78.61,5740.78,No
C06392,Male,0,No,No,13,Yes,No,Fiber optic,Yes,Yes,No,Yes,No,Yes,Two year,No,Bank transfer (automatic),67.66,689.68,Yes
C06393,Female,0,No,No,72,Yes,No,DSL,Yes,No,No,No,Yes,Yes,Month-to-month,Yes,Electronic check,49.81,3419.54,No
C06394,Male,0,Yes,Yes,72,Yes,No,DSL,No,No,No,No,Yes,No,Month-to-month,Yes,Electronic check,45.27,2910.39,No
C06395,Male,1,No,No,14,Yes,No,Fiber optic,No,No,No,Yes,No,No,Month-to-month,Yes,Electronic check,78.69,959.01,Yes
C06396,Male,0,No,No,9,Yes,Yes,DSL,No,No,No,No,No,No,One year,Yes,Bank transfer (automatic),46.42,442.58,No
C06397,Male,1,No,No,47,Yes,No,DSL,Yes,No,Yes,No,Yes,No,Month-to-month,Yes,Bank transfer (automatic),26.54,1208.18,No
C06398,Male,0,Yes,No,8,Yes,Yes,Fiber optic,No,Yes,No,Yes,Yes,No,Month-to-month,Yes,Mailed check,62.54,618.28,Yes
C06399,Female,0,Yes,No,23,Yes,No,Fiber optic,No,No,Yes,Yes,No,No,Month-to-month,Yes,Mailed check,86.84,1865.12,No
C06400,Male,0,Yes,No,3,Yes,Yes,Fiber optic,No,No,No,Yes,Yes,No,One year,Yes,Bank transfer (automatic),76.58,207.47,No
C06401,Male,0,No,No,15,Yes,No,Fiber optic,No,Yes,Yes,No,No,Yes,Month-to-month,Yes,Electronic check,91.65,1279.77,Yes
C06402,Male,0,Yes,No,2,Yes,No,DSL,No,No,No,No,No,No,Month-to-month,Yes,Bank transfer (automatic),18.0,18.0,Yes
C06403,Male,0,No,No,10,Yes,Yes,Fiber optic,Yes,No,No,No,No,No,Two year,Yes,Bank transfer (automatic),81.79,653.33,No
C06404,Female,0,No,No,35,Yes,No,Fiber optic,Yes,Yes,No,No,Yes,Yes,Month-to-month,Yes,Bank transfer (automatic),54.52,1695.43,No
C06405,Male,0,No,Yes,72,Yes,No,DSL,Yes,No,Yes,No,Yes,Yes,One year,No,Electronic check,66.88,5042.11,No
C06406,Female,0,Yes,No,9,Yes,Yes,DSL,Yes,No,Yes,No,Yes,No,Month-to-month,Yes,Electronic check,30.13,89.03,Yes
C06407,Male,0,Yes,No,20,No,No phone service,Fiber optic,No,No,No,No,Yes,No,Month-to-month,No,Mailed check,68.13,1336.99,Yes
C06408,Female,0,No,Yes,19,Yes,No,Fiber optic,No,Yes,No,No,Yes,No,Two year,Yes,Electronic check,78.36,1355.26,No
C06409,Male,0,No,No,6,Yes,No,No,No internet service,No internet service,No internet service,No internet service,No internet service,No internet service,Month-to-month,Yes,Electronic check,40.78,303.41,Yes
C06410,Male,1,Yes,Yes,30,Yes,No,Fiber optic,Yes,Yes,No,No,Yes,No,One year,Yes,Mailed check,82.97,2413.44,No
C06411,Female,1,No,Yes,41,Yes,Yes,No,No internet service,No internet service,No internet service,No internet service,No internet service,No internet service,Month-to-month,No,Credit card (automatic),18.0,1346.51,No
C06412,Male,1,No,Yes,5,No,No phone service,DSL,Yes,Yes,No,Yes,No,Yes,Two year,Yes,Electronic check,29.03,18.0,No
C06413,Female,0,Yes,No,45,Yes,No,Fiber optic,No,No,Yes,No,Yes,No,Two year,No,Mailed check,60.86,2685.19,No
C06414,Male,0,Yes,No,38,Yes,No,DSL,Yes,Yes,Yes,Yes,No,No,Month-to-month,Yes,Electronic check,53.2,1849.9,No
C06415,Female,0,No,No,7,No,No phone service,Fiber optic,No,Yes,No,Yes,Yes,No,Month-to-month,No,Mailed check,70.67,832.67,Yes
C06416,Male,0,Yes,No,33,Yes,No,DSL,No,Yes,No,Yes,No,Yes,Month-to-month,No,Bank transfer (automatic),78.28,2212.4,No
C06417,Male,0,Yes,No,16,Yes,No,No,No internet service,No internet service,No internet service,No internet service,No internet service,No internet service,Month-to-month,Yes,Credit card (automatic),18.93,328.37,No
C06418,Female,0,Yes,No,36,Yes,Yes,Fiber optic,No,No,Yes,Yes,Yes,No,Month-to-month,No,Bank transfer (automatic),56.31,2132.13,Yes
C06419,Male,0,No,Yes,21,Yes,Yes,No,No internet service,No internet service,No internet service,No internet service,No internet service,No internet service,Two year,Yes,Electronic check,18.0,433.81,No
C06420,Male,0,No,No,1,Yes,No,Fiber optic,Yes,Yes,No,Yes,Yes,Yes,Month-to-month,No,Mailed check,70.34,303.11,Yes
C06421,Male,0,Yes,No,49,Yes,No,Fiber optic,No,No,No,Yes,No,Yes,Month-to-month,Yes,Credit card (automatic),84.85,4348.67,No
C06422,Male,0,Yes,Yes,25,Yes,Yes,DSL,No,No,No,No,No,Yes,Two year,No,Bank transfer (automatic),32.38,798.09,No
C06423,Male,0,Yes,Yes,41,Yes,No,Fiber optic,No,No,No,No,Yes,No,Month-to-month,Yes,Credit card (automatic),67.8,2792.39,Yes
C06424,Male,0,No,No,4,Yes,No,DSL,Yes,No,No,No,No,No,Month-to-month,No,Electronic check,40.0,116.86,Yes
C06425,Female,0,Yes,No,40,Yes,Yes,DSL,No,Yes,No,No,No,Yes,Month-to-month,Yes,Bank transfer (automatic),50.43,1898.48,No
C06426,Female,1,No,Yes,17,Yes,No,DSL,No,No,Yes,Yes,Yes,No,Month-to-month,Yes,Mailed check,18.0,452.19,Yes
C06427,Female,0,Yes,Yes,51,Yes,No,No,No internet service,No internet service,No internet service,No internet service,No internet service,No internet service,Month-to-month,Yes,Mailed check,19.81,896.13,No
C06428,Male,0,Yes,Yes,29,Yes,No,No,No internet service,No internet service,No internet service,No internet service,No internet service,No internet service,Month-to-month,Yes,Electronic check,26.73,878.54,No
C06429,Female,1,Yes,No,14,Yes,Yes,No,No internet service,No internet service,No internet service,No internet service,No internet service,No internet service,One year,Yes,Electronic check,37.89,491.98,No
C06430,Male,0,No,No,7,Yes,Yes,No,No internet service,No internet service,No internet service,No internet service,No internet service,No internet service,Month-to-month,No,Bank transfer (automatic),18.0,18.0,No
C06431,Male,0,No,Yes,54,Yes,No,Fiber optic,No,No,Yes,Yes,No,No,Month-to-month,Yes,Bank transfer (automatic),70.89,3854.11,No
C06432,Male,0,No,Yes,26,Yes,No,No,No internet service,No internet service,No internet service,No internet service,No internet service,No internet service,Two year,Yes,Mailed check,45.66,1173.89,No
C06433,Male,0,Yes,No,72,Yes,Yes,DSL,Yes,Yes,Yes,No,No,No,Month-to-month,No,Credit card (automatic),59.97,4166.49,No
C06434,Female,0,Yes,Yes,14,Yes,No,Fiber optic,No,No,No,No,No,Yes,Two year,Yes,Electronic check,72.43,958.04,Yes
C06435,Male,0,No,No,37,Yes,No,Fiber optic,No,No,No,Yes,Yes,Yes,One year,Yes,Bank transfer (automatic),79.44,2777.57,No
C06436,Female,0,No,Yes,31,Yes,No,DSL,No,Yes,No,No,Yes,No,Two year,Yes,Bank transfer (automatic),41.08,1146.54,No
C06437,Male,0,No,Yes,32,Yes,No,No,No internet service,No internet service,No internet service,No internet service,No internet service,No internet service,Two year,Yes,Electronic check,36.42,876.99,No
C06438,Female,1,Yes,No,42,Yes,Yes,DSL,No,Yes,No,No,No,No,Month-to-month,No,Electronic check,57.63,2280.04,No
C06439,Female,0,Yes,No,4,Yes,No,No,No internet service,No internet service,No internet service,No internet service,No internet service,No internet service,Month-to-month,Yes,Electronic check,21.06,193.0,Yes
C06440,Female,0,Yes,No,25,Yes,No,No,No internet service,No internet service,No internet service,No internet service,No internet service,No internet service,Two year,Yes,Electronic check,23.78,648.15,No
C06441,Female,1,No,No,22,Yes,Yes,Fiber optic,No,Yes,No,Yes,No,Yes,Two year,Yes,Mailed check,72.21,1834.83,No
C06442,Female,0,No,No,13,Yes,No,DSL,Yes,Yes,Yes,Yes,No,Yes,Month-to-month,Yes,Electronic check,40.01,650.83,Yes
C06443,Female,0,No,No,18,Yes,Yes,Fiber optic,Yes,No,No,No,Yes,Yes,Month-to-month,Yes,Bank transfer (automatic),63.92,1084.4,Yes
C06444,Male,0,Yes,No,23,Yes,No,DSL,Yes,No,Yes,Yes,No,Yes,Two year,Yes,Credit card (automatic),57.32,1379.29,No
C06445,Female,0,No,No,12,Yes,No,DSL,Yes,No,No,No,No,No,One year,Yes,Electronic check,37.28,537.69,No
C06446,Male,0,Yes,Yes,11,Yes,No,Fiber optic,Yes,No,No,No,No,Yes,Month-to-month,Yes,Bank transfer (automatic),66.88,1159.31,Yes
C06447,Female,0,Yes,Yes,42,Yes,Yes,Fiber optic,Yes,No,Yes,No,Yes,Yes,One year,Yes,Credit card (automatic),69.32,2975.27,No
C06448,Male,0,No,Yes,2,Yes,No,DSL,No,No,No,No,Yes,Yes,Two year,Yes,Electronic check,35.86,268.24,No
C06449,Female,0,No,No,12,Yes,No,DSL,No,Yes,No,No,No,Yes,Month-to-month,No,Bank transfer (automatic),40.24,654.24,No
C06450,Female,0,No,No,33,Yes,No,No,No internet service,No internet service,No internet service,No internet service,No internet service,No internet service,Month-to-month,Yes,Credit card (automatic),18.0,965.79,No
C06451,Male,1,No,Yes,7,Yes,Yes,Fiber optic,No,No,Yes,Yes,Yes,Yes,One year,No,Bank transfer (automatic),86.5,692.43,Yes
C06452,Female,0,Yes,No,27,Yes,Yes,No,No internet service,No internet service,No internet service,No internet service,No internet service,No internet service,One year,No,Bank transfer (automatic),18.0,150.98,No
C06453,Female,1,No,Yes,11,Yes,Yes,DSL,No,No,No,No,Yes,Yes,Two year,Yes,Electronic check,66.61,737.97,No
C06454,Female,0,No,No,59,Yes,Yes,DSL,No,Yes,Yes,No,No,No,Month-to-month,Yes,Electronic check,70.5,4178.75,No
C06455,Male,0,Yes,No,13,Yes,Yes,Fiber optic,Yes,Yes,Yes,Yes,No,Yes,Month-to-month,No,Bank transfer (automatic),97.57,1278.2,Yes
C06456,Female,0,No,No,8,Yes,No,Fiber optic,Yes,Yes,No,No,No,No,Month-to-month,Yes,Electronic check,49.53,619.98,Yes
C06457,Male,0,No,Yes,24,Yes,Yes,DSL,No,No,Yes,No,Yes,Yes,One year,No,Mailed check,51.94,910.67,No
C06458,Female,0,Yes,No,4,Yes,No,No,No internet service,No internet service,No internet service,No internet service,No internet service,No internet service,Month-to-month,No,Credit card (automatic),18.0,18.0,No
C06459,Female,0,Yes,No,51,Yes,Yes,No,No internet service,No internet service,No internet service,No internet service,No internet service,No internet service,Month-to-month,Yes,Credit card (automatic),18.0,1364.69,No
C06460,Male,0,Yes,No,36,Yes,No,DSL,No,No,No,No,No,No,Month-to-month,Yes,Mailed check,45.63,1589.89,No
C06461,Female,0,No,Yes,47,Yes,No,DSL,No,No,No,Yes,No,No,Month-to-month,Yes,Electronic check,42.89,2197.76,No
C06462,Female,1,No,Yes,16,Yes,Yes,Fiber optic,Yes,Yes,No,Yes,No,No,Month-to-month,No,Credit card (automatic),73.92,870.07,Yes
C06463,Male,0,No,No,57,Yes,Yes,No,No internet service,No internet service,No internet service,No internet service,No internet service,No internet service,Month-to-month,No,Mailed check,45.91,2488.15,No
C06464,Female,0,Yes,No,21,Yes,Yes,DSL,Yes,Yes,No,Yes,No,Yes,Two year,Yes,Electronic check,55.52,1470.6,No
C06465,Male,0,No,No,3,Yes,No,DSL,No,No,Yes,No,No,Yes,Month-to-month,No,Credit card (automatic),21.71,175.58,No
C06466,Male,0,No,No,8,Yes,No,Fiber optic,Yes,No,No,No,Yes,No,One year,No,Credit card (automatic),74.55,685.98,No
C06467,Male,0,Yes,No,39,No,No phone service,Fiber optic,Yes,Yes,No,Yes,No,No,Month-to-month,Yes,Mailed check,72.19,2830.82,No
C06468,Female,0,No,No,72,No,No phone service,Fiber optic,Yes,No,Yes,No,Yes,Yes,Month-to-month,No,Electronic check,79.37,5709.33,No
C06469,Male,0,No,Yes,3,Yes,No,Fiber optic,Yes,No,No,No,No,Yes,Two year,Yes,Bank transfer (automatic),55.1,307.61,No
C06470,Male,1,Yes,Yes,63,Yes,No,DSL,Yes,Yes,No,Yes,No,No,Two year,Yes,Bank transfer (automatic),73.49,4322.35,No
C06471,Female,0,Yes,No,51,Yes,Yes,Fiber optic,No,No,No,No,No,No,Two year,No,Electronic check,92.3,4825.33,No
C06472,Male,1,No,Yes,14,Yes,Yes,Fiber optic,No,No,No,No,Yes,No,One year,No,Electronic check,68.01,741.16,No
C06473,Female,0,No,No,37,Yes,Yes,No,No internet service,No internet service,No internet service,No internet service,No internet service,No internet service,Month-to-month,Yes,Electronic check,18.0,690.85,No
C06474,Female,0,No,No,6,Yes,No,No,No internet service,No internet service,No internet service,No internet service,No internet service,No internet service,Month-to-month,Yes,Credit card (automatic),18.0,23.36,No
C06475,Female,0,No,No,53,Yes,No,Fiber optic,Yes,No,No,Yes,Yes,No,One year,No,Electronic check,77.87,4106.52,No
C06476,Female,0,Yes,No,34,Yes,Yes,No,No internet service,No internet service,No internet service,No internet service,No internet service,No internet service,Two year,Yes,Credit card (automatic),27.96,1016.7,No
C06477,Male,0,Yes,No,18,Yes,No,Fiber optic,No,Yes,No,Yes,No,No,Month-to-month,Yes,Electronic check,48.87,764.96,Yes
C06478,Male,0,No,Yes,63,Yes,Yes,Fiber optic,Yes,No,No,No,No,No,One year,Yes,Electronic check,55.37,3614.86,No
C06479,Male,0,Yes,No,4,Yes,Yes,DSL,Yes,Yes,Yes,Yes,Yes,No,Two year,No,Mailed check,54.58,18.0,No
C06480,Male,0,No,No,59,Yes,No,Fiber optic,No,No,Yes,No,Yes,Yes,Month-to-month,No,Mailed check,47.98,2893.93,No
C06481,Male,1,Yes,No,1,Yes,Yes,No,No internet service,No internet service,No internet service,No internet service,No internet service,No internet service,Two year,Yes,Electronic check,48.99,187.07,Yes
C06482,Female,0,Yes,Yes,44,Yes,Yes,Fiber optic,No,Yes,Yes,No,No,No,Two year,Yes,Credit card (automatic),59.25,2777.19,No
C06483,Male,1,Yes,No,27,No,No phone service,Fiber optic,Yes,No,No,No,No,Yes,Month-to-month,Yes,Electronic check,85.04,2286.98,Yes
C06484,Male,0,Yes,No,38,Yes,Yes,DSL,No,No,Yes,No,Yes,Yes,Month-to-month,Yes,Electronic check,50.31,2115.41,No
C06485,Male,1,No,No,17,Yes,Yes,Fiber optic,Yes,No,Yes,No,No,No,One year,No,Mailed check,56.23,955.2,No
C06486,Female,0,Yes,Yes,63,Yes,No,Fiber optic,No,No,No,No,No,Yes,Month-to-month,No,Mailed check,65.46,4299.07,No
C06487,Female,0,No,No,12,Yes,No,DSL,No,Yes,No,No,Yes,No,Month-to-month,No,Electronic check,43.47,318.74,No
C06488,Male,0,No,No,10,No,No phone service,DSL,Yes,No,Yes,Yes,Yes,No,Month-to-month,Yes,Electronic check,47.39,448.55,Yes
C06489,Female,0,No,No,11,Yes,No,Fiber optic,Yes,Yes,No,No,Yes,No,Month-to-month,Yes,Credit card (automatic),76.15,785.9,Yes
C06490,Male,0,Yes,No,47,Yes,Yes,No,No internet service,No internet service,No internet service,No internet service,No internet service,No internet service,Month-to-month,Yes,Bank transfer (automatic),22.7,1003.31,No
C06491,Male,0,No,No,21,Yes,Yes,Fiber optic,No,Yes,No,Yes,No,No,Month-to-month,No,Electronic check,69.96,1251.35,Yes
C06492,Female,0,Yes,No,24,Yes,No,DSL,No,Yes,No,Yes,No,Yes,One year,Yes,Electronic check,58.35,1277.53,No
C06493,Female,0,No,No,57,Yes,Yes,Fiber optic,No,No,Yes,Yes,No,Yes,Month-to-month,No,Bank transfer (automatic),65.49,3486.43,No
C06494,Male,0,No,No,57,Yes,No,Fiber optic,No,Yes,No,No,Yes,No,Month-to-month,Yes,Electronic check,55.14,3175.11,Yes
C06495,Male,0,Yes,No,5,Yes,Yes,Fiber optic,No,Yes,Yes,No,No,No,Month-to-month,Yes,Mailed check,83.09,953.1,Yes
C06496,Female,0,No,No,25,Yes,No,Fiber optic,Yes,No,Yes,No,No,Yes,Month-to-month,Yes,Electronic check,79.11,1738.0,Yes
C06497,Male,1,Yes,No,4,No,No phone service,Fiber optic,No,Yes,No,No,No,Yes,Two year,Yes,Bank transfer (automatic),83.58,510.38,Yes
C06498,Female,0,Yes,No,64,Yes,No,DSL,Yes,No,No,No,Yes,Yes,One year,Yes,Credit card (automatic),46.72,2777.03,No
C06499,Male,0,No,Yes,58,Yes,Yes,No,No internet service,No internet service,No internet service,No internet service,No internet service,No internet service,Month-to-month,Yes,Credit card (automatic),18.0,1190.82,No
C06500,Female,1,Yes,Yes,60,Yes,No,No,No internet service,No internet service,No internet service,No internet service,No internet service,No internet service,Month-to-month,No,Bank transfer (automatic),23.69,1460.93,No
C06501,Male,0,No,No,39,No,No phone service,DSL,No,No,Yes,Yes,Yes,No,One year,Yes,Credit card (automatic),42.24,1645.55,No
C06502,Male,0,No,Yes,20,Yes,No,DSL,No,No,No,No,No,No,Month-to-month,Yes,Bank transfer (automatic),28.64,463.35,No
C06503,Female,0,Yes,No,16,Yes,No,No,No internet service,No internet service,No internet service,No internet service,No internet service,No internet service,Two year,Yes,Electronic check,30.31,751.51,No
C06504,Male,0,Yes,No,16,Yes,No,No,No internet service,No internet service,No internet service,No internet service,No internet service,No internet service,Month-to-month,Yes,Electronic check,22.46,726.46,No
C06505,Male,0,Yes,No,2,Yes,Yes,Fiber optic,No,Yes,Yes,Yes,Yes,No,Month-to-month,No,Electronic check,81.15,193.6,Yes
C06506,Female,0,Yes,Yes,72,Yes,Yes,DSL,No,No,No,No,No,No,One year,No,Electronic check,43.91,3426.43,No
C06507,Male,0,Yes,Yes,19,Yes,Yes,No,No internet service,No internet service,No internet service,No internet service,No internet service,No internet service,One year,No,Electronic check,33.23,659.83,No
C06508,Male,0,No,No,72,Yes,No,DSL,No,No,No,Yes,Yes,Yes,One year,No,Mailed check,52.58,3877.21,No
C06509,Male,0,No,No,67,Yes,No,DSL,Yes,Yes,Yes,Yes,No,No,Two year,No,Electronic check,52.49,3258.74,No
C06510,Female,1,No,No,56,Yes,Yes,DSL,Yes,No,Yes,No,No,Yes,Two year,No,Electronic check,32.54,1726.79,No
C06511,Female,0,Yes,No,28,Yes,No,Fiber optic,Yes,No,No,Yes,Yes,Yes,Month-to-month,Yes,Credit card (automatic),97.76,2858.11,Yes
C06512,Female,1,No,Yes,3,Yes,No,DSL,No,Yes,No,No,No,No,Month-to-month,No,Credit card (automatic),39.18,483.95,Yes
C06513,Male,1,No,Yes,12,Yes,Yes,DSL,No,Yes,Yes,No,No,No,Month-to-month,Yes,Electronic check,22.8,208.11,Yes
C06514,Male,0,Yes,No,29,Yes,No,Fiber optic,Yes,No,Yes,Yes,Yes,Yes,Month-to-month,No,Electronic check,78.92,2488.12,Yes
C06515,Male,0,Yes,No,1,Yes,No,DSL,Yes,Yes,No,No,No,Yes,Month-to-month,No,Bank transfer (automatic),41.82,18.0,Yes
C06516,Male,0,Yes,No,1,Yes,No,Fiber optic,No,Yes,No,Yes,No,Yes,Month-to-month,No,Bank transfer (automatic),84.6,56.17,Yes
C06517,Female,1,No,Yes,36,Yes,Yes,DSL,No,Yes,Yes,No,No,No,Two year,Yes,Electronic check,48.36,1499.8,No
C06518,Male,0,No,Yes,70,Yes,No,DSL,Yes,Yes,No,Yes,Yes,No,One year,Yes,Credit card (automatic),47.04,3676.33,No
C06519,Male,1,No,No,61,No,No phone service,No,No internet service,No internet service,No internet service,No internet service,No internet service,No internet service,Two year,Yes,Electronic check,18.0,1336.77,No
C06520,Male,0,No,No,5,Yes,No,Fiber optic,Yes,Yes,No,Yes,No,No,Two year,Yes,Bank transfer (automatic),51.44,175.78,No
C06521,Female,0,No,Yes,72,Yes,No,No,No internet service,No internet service,No internet service,No internet service,No internet service,No internet service,Month-to-month,Yes,Credit card (automatic),21.14,1607.9,No
C06522,Male,0,Yes,No,38,Yes,Yes,Fiber optic,Yes,Yes,No,No,No,Yes,Month-to-month,No,Electronic check,62.31,2271.28,No
C06523,Male,0,No,Yes,40,Yes,Yes,No,No internet service,No internet service,No internet service,No internet service,No internet service,No internet service,Two year,Yes,Mailed check,18.0,815.32,No
C06524,Male,0,No,No,11,Yes,No,No,No internet service,No internet service,No internet service,No internet service,No internet service,No internet service,One year,Yes,Electronic check,30.16,366.53,No
C06525,Male,0,Yes,Yes,40,Yes,Yes,No,No internet service,No internet service,No internet service,No internet service,No internet service,No internet service,Two year,Yes,Credit card (automatic),52.95,1821.56,No
C06526,Male,0,No,No,39,Yes,Yes,Fiber optic,No,Yes,Yes,No,Yes,No,Month-to-month,Yes,Bank transfer (automatic),103.11,4253.76,Yes
C06527,Female,0,Yes,Yes,28,Yes,No,Fiber optic,No,Yes,Yes,Yes,Yes,No,One year,Yes,Mailed check,86.06,2400.19,No
C06528,Male,1,Yes,Yes,14,Yes,No,DSL,No,Yes,No,No,No,Yes,One year,Yes,Electronic check,57.13,963.02,No
C06529,Male,1,No,No,53,Yes,No,No,No internet service,No internet service,No internet service,No internet service,No internet service,No internet service,Month-to-month,No,Electronic check,29.85,1540.87,No
C06530,Male,0,No,No,72,Yes,No,Fiber optic,Yes,No,No,No,Yes,Yes,Month-to-month,Yes,Bank transfer (automatic),64.07,4539.73,No
C06531,Male,0,Yes,No,65,Yes,No,No,No internet service,No internet service,No internet service,No internet service,No internet service,No internet service,Month-to-month,Yes,Bank transfer (automatic),18.0,962.93,No
C06532,Male,0,No,Yes,8,Yes,Yes,DSL,Yes,Yes,No,No,No,No,Month-to-month,Yes,Mailed check,56.7,669.49,Yes
C06533,Male,0,No,No,18,Yes,No,Fiber optic,No,Yes,Yes,No,No,Yes,Month-to-month,Yes,Electronic check,61.39,1224.87,Yes
C06534,Male,0,No,No,13,Yes,No,DSL,Yes,Yes,No,No,No,No,Month-to-month,No,Electronic check,62.18,672.25,Yes
C06535,Male,0,Yes,No,39,Yes,No,Fiber optic,Yes,No,No,Yes,Yes,No,Month-to-month,No,Electronic check,65.5,2612.87,No
C06536,Male,0,Yes,Yes,56,Yes,Yes,DSL,No,Yes,Yes,No,No,No,Month-to-month,No,Credit card (automatic),37.72,2162.63,No
C06537,Male,1,Yes,Yes,7,Yes,No,Fiber optic,Yes,Yes,Yes,No,No,Yes,Month-to-month,No,Electronic check,95.94,781.09,Yes
C06538,Female,0,Yes,No,72,Yes,No,Fiber optic,No,Yes,No,Yes,No,No,One year,Yes,Mailed check,84.69,6352.24,No
C06539,Female,0,Yes,No,36,Yes,No,No,No internet service,No internet service,No internet service,No internet service,No internet service,No internet service,Month-to-month,Yes,Credit card (automatic),30.5,944.63,No
C06540,Female,0,No,No,7,Yes,No,DSL,No,Yes,Yes,Yes,No,No,Month-to-month,Yes,Mailed check,30.92,377.12,No
C06541,Female,0,Yes,No,14,Yes,No,Fiber optic,Yes,Yes,No,No,No,Yes,Two year,Yes,Electronic check,67.08,1104.76,No
C06542,Male,0,Yes,No,3,Yes,No,DSL,Yes,No,No,No,No,Yes,One year,Yes,Credit card (automatic),51.78,223.88,No
C06543,Female,0,Yes,No,29,Yes,Yes,No,No internet service,No internet service,No internet service,No internet service,No internet service,No internet service,Two year,Yes,Electronic check,18.0,343.9,No
C06544,Female,0,Yes,No,5,Yes,Yes,Fiber optic,No,No,No,No,No,No,Two year,Yes,Mailed check,65.93,343.91,No
C06545,Male,1,Yes,No,37,Yes,No,DSL,Yes,Yes,No,No,No,No,One year,No,Credit card (automatic),32.64,802.43,No
C06546,Female,0,Yes,Yes,42,Yes,Yes,Fiber optic,No,Yes,Yes,No,Yes,Yes,Month-to-month,Yes,Bank transfer (automatic),85.66,3538.55,Yes
C06547,Female,1,No,Yes,20,Yes,No,Fiber optic,No,No,Yes,No,Yes,No,Month-to-month,Yes,Electronic check,75.74,1325.18,Yes
C06548,Male,0,Yes,Yes,3,Yes,No,Fiber optic,Yes,No,Yes,No,Yes,Yes,Month-to-month,Yes,Electronic check,57.72,348.91,No
C06549,Male,1,No,No,30,Yes,Yes,No,No internet service,No internet service,No internet service,No internet service,No internet service,No internet service,Month-to-month,Yes,Credit card (automatic),29.35,951.93,No
C06550,Male,0,No,No,14,Yes,Yes,DSL,Yes,No,No,No,No,No,Two year,No,Electronic check,65.56,724.36,No
C06551,Female,0,Yes,No,72,Yes,No,DSL,No,No,Yes,Yes,Yes,Yes,Month-to-month,No,Electronic check,18.0,1669.01,No
C06552,Female,0,Yes,No,23,Yes,Yes,Fiber optic,No,Yes,Yes,Yes,No,No,Month-to-month,No,Mailed check,64.0,1782.0,Yes
C06553,Male,0,Yes,No,2,Yes,Yes,No,No internet service,No internet service,No internet service,No internet service,No internet service,No internet service,Month-to-month,Yes,Bank transfer (automatic),18.0,105.88,No
C06554,Male,0,Yes,Yes,32,Yes,No,Fiber optic,No,No,No,Yes,No,No,One year,Yes,Mailed check,84.83,2446.28,No
C06555,Female,0,Yes,No,48,Yes,No,DSL,No,No,No,Yes,No,Yes,Month-to-month,Yes,Electronic check,52.07,2589.5,No
C06556,Male,0,No,No,5,Yes,No,Fiber optic,No,Yes,Yes,No,No,Yes,Two year,No,Electronic check,101.83,522.51,Yes
C06557,Female,0,Yes,Yes,19,No,No phone service,Fiber optic,Yes,No,No,Yes,No,Yes,Month-to-month,Yes,Bank transfer (automatic),80.36,1818.5,Yes
C06558,Male,1,No,Yes,43,Yes,Yes,DSL,No,Yes,No,No,Yes,Yes,Two year,Yes,Credit card (automatic),58.72,2265.46,No
C06559,Male,0,Yes,Yes,1,Yes,Yes,No,No internet service,No internet service,No internet service,No internet service,No internet service,No internet service,One year,No,Electronic check,39.43,18.0,No
C06560,Female,0,No,No,1,Yes,Yes,DSL,No,Yes,No,No,No,Yes,One year,Yes,Credit card (automatic),37.9,282.09,No
C06561,Male,0,No,Yes,36,Yes,No,Fiber optic,Yes,Yes,No,No,No,No,Month-to-month,No,Electronic check,90.32,3399.49,Yes
C06562,Male,0,Yes,No,41,Yes,No,No,No internet service,No internet service,No internet service,No internet service,No internet service,No internet service,Month-to-month,Yes,Electronic check,18.0,630.95,No
C06563,Male,0,Yes,No,59,Yes,No,Fiber optic,Yes,No,No,Yes,No,Yes,Month-to-month,Yes,Electronic check,70.99,4353.25,No
C06564,Female,0,No,No,16,Yes,Yes,DSL,No,Yes,No,Yes,Yes,No,One year,No,Mailed check,29.64,418.59,No
C06565,Male,0,No,No,15,No,No phone service,DSL,No,No,No,Yes,No,Yes,One year,No,Mailed check,59.56,742.31,No
C06566,Male,0,Yes,No,25,Yes,Yes,Fiber optic,No,No,No,No,Yes,No,One year,No,Electronic check,65.11,1798.48,No
C06567,Male,0,Yes,Yes,45,Yes,No,DSL,Yes,Yes,No,Yes,No,Yes,Two year,Yes,Electronic check,42.98,2104.03,No
C06568,Male,0,Yes,Yes,32,Yes,No,No,No internet service,No internet service,No internet service,No internet service,No internet service,No internet service,One year,No,Bank transfer (automatic),18.0,516.4,No
C06569,Male,0,Yes,Yes,12,Yes,No,No,No internet service,No internet service,No internet service,No internet service,No internet service,No internet service,Month-to-month,Yes,Electronic check,42.06,332.84,No
C06570,Male,0,No,No,13,Yes,No,DSL,Yes,No,Yes,Yes,No,Yes,Two year,Yes,Mailed check,49.41,538.48,No
C06571,Female,0,No,No,46,No,No phone service,No,No internet service,No internet service,No internet service,No internet service,No internet service,No internet service,One year,Yes,Bank transfer (automatic),18.0,877.48,No
C06572,Female,1,Yes,No,24,Yes,No,Fiber optic,No,No,Yes,Yes,No,No,Month-to-month,Yes,Electronic check,93.56,1951.04,Yes
C06573,Male,1,Yes,No,3,Yes,Yes,Fiber optic,No,No,No,Yes,No,No,Two year,Yes,Mailed check,83.13,358.13,No
C06574,Female,0,Yes,Yes,5,Yes,Yes,DSL,No,Yes,No,No,Yes,Yes,One year,No,Credit card (automatic),38.19,207.22,No
C06575,Female,0,No,No,60,Yes,No,DSL,No,Yes,Yes,Yes,Yes,Yes,Two year,Yes,Mailed check,58.89,3549.27,No
C06576,Male,0,No,Yes,72,Yes,No,Fiber optic,No,Yes,No,No,Yes,No,Month-to-month,Yes,Mailed check,60.32,4474.46,No
C06577,Female,0,Yes,Yes,13,Yes,Yes,Fiber optic,No,No,Yes,No,No,Yes,One year,Yes,Credit card (automatic),73.56,683.57,No
C06578,Female,0,Yes,No,15,Yes,Yes,Fiber optic,No,Yes,Yes,No,No,No,Month-to-month,No,Bank transfer (automatic),74.72,1007.6,Yes
C06579,Female,0,No,No,5,Yes,Yes,DSL,Yes,Yes,No,Yes,Yes,No,Month-to-month,Yes,Mailed check,36.52,232.95,Yes
C06580,Female,0,Yes,Yes,8,Yes,Yes,DSL,Yes,No,No,Yes,Yes,Yes,Month-to-month,No,Electronic check,49.1,435.52,No
C06581,Female,0,Yes,No,17,Yes,No,No,No internet service,No internet service,No internet service,No internet service,No internet service,No internet service,One year,No,Electronic check,18.0,318.95,No
C06582,Female,0,Yes,No,10,Yes,No,No,No internet service,No internet service,No internet service,No internet service,No internet service,No internet service,Month-to-month,Yes,Mailed check,18.0,194.58,No
C06583,Female,0,Yes,Yes,38,Yes,No,Fiber optic,No,No,No,No,No,Yes,Month-to-month,Yes,Electronic check,51.77,1768.15,Yes
C06584,Female,0,Yes,Yes,24,Yes,Yes,DSL,Yes,Yes,Yes,No,No,Yes,One year,No,Mailed check,59.92,1603.09,No
C06585,Male,0,No,No,55,Yes,No,DSL,No,Yes,No,No,No,Yes,Month-to-month,Yes,Bank transfer (automatic),18.0,915.33,No
C06586,Male,0,No,No,41,Yes,No,Fiber optic,Yes,No,Yes,No,Yes,No,One year,Yes,Credit card (automatic),43.8,1739.32,No
C06587,Female,0,Yes,No,4,Yes,No,Fiber optic,Yes,No,Yes,Yes,Yes,No,Month-to-month,No,Electronic check,61.94,225.76,Yes
C06588,Female,0,Yes,Yes,4,Yes,Yes,Fiber optic,Yes,No,Yes,Yes,No,Yes,One year,Yes,Electronic check,68.09,22.63,No
C06589,Male,0,No,No,72,Yes,No,No,No internet service,No internet service,No internet service,No internet service,No internet service,No internet service,One year,No,Bank transfer (automatic),21.93,1853.9,No
C06590,Female,0,Yes,No,54,Yes,No,Fiber optic,Yes,No,No,Yes,No,No,Month-to-month,Yes,Electronic check,108.36,5656.66,No
C06591,Female,0,Yes,No,20,Yes,No,No,No internet service,No internet service,No internet service,No internet service,No internet service,No internet service,One year,Yes,Electronic check,18.0,392.21,No
C06592,Male,0,Yes,Yes,4,Yes,No,DSL,Yes,No,No,Yes,Yes,Yes,One year,Yes,Electronic check,48.7,18.0,No
C06593,Male,0,No,No,72,Yes,Yes,Fiber optic,Yes,No,Yes,No,Yes,No,One year,Yes,Bank transfer (automatic),52.66,3607.81,No
C06594,Male,0,Yes,No,8,Yes,Yes,No,No internet service,No internet service,No internet service,No internet service,No internet service,No internet service,Month-to-month,No,Mailed check,21.57,379.52,No
C06595,Female,0,Yes,No,1,No,No phone service,Fiber optic,No,No,No,Yes,No,Yes,One year,Yes,Electronic check,63.95,18.0,Yes
C06596,Female,1,Yes,No,72,Yes,Yes,No,No internet service,No internet service,No internet service,No internet service,No internet service,No internet service,One year,Yes,Electronic check,18.0,1306.31,No
C06597,Male,1,Yes,No,52,Yes,Yes,Fiber optic,No,No,No,No,No,No,One year,Yes,Mailed check,83.06,4364.38,No
C06598,Male,0,No,No,37,Yes,Yes,No,No internet service,No internet service,No internet service,No internet service,No internet service,No internet service,Month-to-month,Yes,Electronic check,18.19,902.99,No
C06599,Female,1,No,No,1,Yes,No,Fiber optic,No,Yes,No,Yes,No,No,Month-to-month,Yes,Mailed check,81.78,66.39,Yes
C06600,Male,0,Yes,No,24,Yes,No,Fiber optic,No,Yes,No,No,No,Yes,One year,Yes,Credit card (automatic),51.02,1032.67,No
C06601,Female,0,Yes,No,33,Yes,No,DSL,No,No,Yes,Yes,No,No,Month-to-month,Yes,Credit card (automatic),36.08,751.31,No
C06602,Female,0,No,No,45,Yes,Yes,Fiber optic,Yes,No,No,Yes,Yes,No,Two year,Yes,Credit card (automatic),54.34,2034.12,No
C06603,Male,1,Yes,No,20,Yes,Yes,DSL,Yes,No,No,No,No,No,Two year,Yes,Electronic check,34.57,955.86,No
C06604,Male,0,No,Yes,72,No,No phone service,DSL,No,Yes,No,No,No,No,Two year,Yes,Bank transfer (automatic),40.26,2972.55,No
C06605,Female,0,No,No,8,Yes,No,DSL,Yes,No,No,Yes,No,No,Month-to-month,Yes,Credit card (automatic),26.65,581.94,Yes
C06606,Male,0,Yes,Yes,2,Yes,Yes,Fiber optic,No,No,No,Yes,No,No,Two year,Yes,Credit card (automatic),72.45,234.68,No
C06607,Male,0,No,No,12,Yes,Yes,DSL,Yes,No,No,Yes,No,No,Month-to-month,Yes,Electronic check,36.79,472.44,Yes
C06608,Male,0,Yes,Yes,34,Yes,Yes,No,No internet service,No internet service,No internet service,No internet service,No internet service,No internet service,Month-to-month,Yes,Credit card (automatic),18.0,343.9,No
C06609,Male,0,Yes,No,42,Yes,No,Fiber optic,Yes,No,Yes,No,Yes,Yes,Two year,No,Mailed check,67.98,2711.91,No
C06610,Female,0,No,No,42,Yes,No,Fiber optic,No,No,Yes,No,Yes,No,Month-to-month,Yes,Credit card (automatic),70.22,3235.5,Yes
C06611,Female,0,No,Yes,3,Yes,Yes,DSL,Yes,No,No,Yes,Yes,No,Month-to-month,Yes,Bank transfer (automatic),43.53,239.33,Yes
C06612,Female,0,No,No,69,No,No phone service,Fiber optic,No,No,No,No,No,No,Two year,No,Mailed check,114.39,7709.78,No
C06613,Female,0,No,Yes,10,Yes,No,DSL,No,No,Yes,Yes,No,No,Two year,Yes,Electronic check,28.61,741.81,No
C06614,Male,0,Yes,No,7,Yes,Yes,Fiber optic,Yes,No,No,Yes,No,No,One year,No,Electronic check,68.54,604.16,No
C06615,Male,0,Yes,No,30,Yes,No,DSL,No,No,Yes,Yes,No,No,One year,Yes,Mailed check,55.94,1639.89,No
C06616,Female,0,Yes,No,7,Yes,Yes,DSL,No,Yes,No,Yes,Yes,Yes,Month-to-month,Yes,Mailed check,49.79,491.42,No
C06617,Female,0,No,No,22,Yes,No,DSL,No,No,No,No,No,No,Month-to-month,No,Electronic check,41.57,766.22,Yes
C06618,Male,0,Yes,No,16,Yes,No,Fiber optic,No,No,Yes,No,No,No,Month-to-month,Yes,Mailed check,57.25,816.56,No
C06619,Female,0,Yes,No,8,No,No phone service,No,No internet service,No internet service,No internet service,No internet service,No internet service,No internet service,Month-to-month,No,Mailed check,18.0,426.27,No
C06620,Female,1,No,No,11,Yes,Yes,DSL,No,No,No,No,No,No,Two year,No,Bank transfer (automatic),59.23,485.05,No
C06621,Male,1,Yes,No,17,No,No phone service,Fiber optic,No,No,No,No,Yes,No,Two year,Yes,Bank transfer (automatic),60.96,1124.43,No
C06622,Female,0,Yes,No,13,Yes,No,DSL,Yes,Yes,No,No,Yes,Yes,Month-to-month,Yes,Electronic check,49.34,500.81,No
C06623,Male,0,Yes,Yes,15,Yes,No,Fiber optic,No,No,Yes,No,Yes,Yes,Two year,Yes,Electronic check,64.16,686.11,Yes
C06624,Male,1,Yes,Yes,42,No,No phone service,Fiber optic,Yes,No,No,Yes,No,Yes,One year,Yes,Mailed check,106.01,4226.11,No
C06625,Female,1,Yes,Yes,5,Yes,Yes,Fiber optic,Yes,No,No,No,Yes,No,One year,Yes,Electronic check,76.72,504.23,Yes
C06626,Male,1,Yes,No,31,No,No phone service,Fiber optic,No,No,Yes,No,Yes,Yes,Month-to-month,Yes,Credit card (automatic),44.37,1554.62,Yes
C06627,Female,1,Yes,No,36,Yes,No,No,No internet service,No internet service,No internet service,No internet service,No internet service,No internet service,Month-to-month,Yes,Mailed check,18.0,855.16,No
C06628,Male,0,Yes,Yes,51,Yes,Yes,Fiber optic,Yes,No,No,No,Yes,No,Two year,Yes,Mailed check,102.04,5447.62,No
C06629,Female,0,Yes,Yes,60,Yes,Yes,DSL,No,Yes,No,Yes,Yes,No,Two year,No,Mailed check,32.25,1683.04,No
C06630,Female,0,Yes,No,5,Yes,No,Fiber optic,No,No,No,No,No,Yes,One year,No,Bank transfer (automatic),95.08,511.42,No
C06631,Female,0,Yes,Yes,4,No,No phone service,Fiber optic,No,No,Yes,No,No,No,Month-to-month,Yes,Bank transfer (automatic),59.13,332.23,Yes
C06632,Male,0,Yes,No,30,Yes,No,Fiber optic,No,Yes,No,No,No,No,Two year,Yes,Bank transfer (automatic),70.42,1796.54,No
C06633,Male,0,Yes,No,45,Yes,No,Fiber optic,No,No,No,No,Yes,No,One year,Yes,Electronic check,58.73,2763.77,Yes
C06634,Female,0,No,No,10,Yes,No,Fiber optic,No,Yes,Yes,Yes,Yes,No,Month-to-month,Yes,Bank transfer (automatic),77.58,1019.56,Yes
C06635,Male,0,No,Yes,23,Yes,No,Fiber optic,No,Yes,Yes,No,Yes,No,Two year,No,Credit card (automatic),112.16,2902.0,No
C06636,Female,0,Yes,No,47,Yes,No,No,No internet service,No internet service,No internet service,No internet service,No internet service,No internet service,Month-to-month,No,Bank transfer (automatic),18.0,568.17,No
C06637,Female,0,Yes,No,46,Yes,No,No,No internet service,No internet service,No internet service,No internet service,No internet service,No internet service,Month-to-month,No,Credit card (automatic),18.0,1008.98,No
C06638,Male,0,No,Yes,33,Yes,Yes,No,No internet service,No internet service,No internet service,No internet service,No internet service,No internet service,Month-to-month,Yes,Electronic check,18.0,252.24,No
C06639,Female,0,No,No,2,Yes,No,DSL,Yes,No,Yes,No,Yes,No,Month-to-month,No,Electronic check,45.93,18.0,Yes
C06640,Male,0,No,No,1,Yes,No,Fiber optic,Yes,Yes,Yes,No,No,No,Month-to-month,Yes,Electronic check,72.35,162.38,Yes
C06641,Female,0,Yes,Yes,15,Yes,No,Fiber optic,Yes,No,No,No,Yes,Yes,Month-to-month,No,Bank transfer (automatic),66.88,972.16,Yes
C06642,Male,0,No,No,1,Yes,Yes,Fiber optic,No,Yes,No,Yes,Yes,No,Month-to-month,Yes,Bank transfer (automatic),55.67,18.0,Yes
C06643,Female,0,No,Yes,72,No,No phone service,Fiber optic,No,Yes,Yes,Yes,No,No,Month-to-month,Yes,Bank transfer (automatic),74.06,5232.63,No
C06644,Female,0,Yes,No,1,Yes,No,No,No internet service,No internet service,No internet service,No internet service,No internet service,No internet service,Month-to-month,Yes,Electronic check,18.0,83.19,No
C06645,Male,0,Yes,No,1,Yes,No,No,No internet service,No internet service,No internet service,No internet service,No internet service,No internet service,One year,No,Bank transfer (automatic),18.0,18.0,No
C06646,Female,0,Yes,Yes,5,Yes,No,DSL,No,Yes,No,No,No,No,One year,Yes,Electronic check,30.25,462.51,No
C06647,Female,1,Yes,Yes,31,Yes,No,Fiber optic,Yes,No,Yes,No,No,Yes,Month-to-month,Yes,Electronic check,69.44,2052.67,Yes
C06648,Male,0,Yes,No,24,Yes,Yes,Fiber optic,Yes,No,Yes,No,No,No,Two year,Yes,Electronic check,72.29,1953.34,No
C06649,Female,0,No,No,34,Yes,Yes,Fiber optic,Yes,No,Yes,No,Yes,No,One year,Yes,Electronic check,84.2,2707.83,Yes
C06650,Male,0,Yes,No,71,Yes,No,No,No internet service,No internet service,No internet service,No internet service,No internet service,No internet service,Month-to-month,Yes,Mailed check,18.0,1264.83,No
C06651,Female,0,Yes,No,19,Yes,Yes,DSL,Yes,Yes,No,No,No,Yes,Month-to-month,No,Mailed check,47.3,910.99,No
C06652,Male,0,No,No,1,Yes,Yes,Fiber optic,Yes,Yes,No,No,No,No,Month-to-month,No,Mailed check,75.05,125.3,Yes
C06653,Female,1,Yes,Yes,46,Yes,No,Fiber optic,No,Yes,No,No,No,No,Month-to-month,Yes,Bank transfer (automatic),70.48,3371.23,Yes
C06654,Female,0,Yes,No,53,Yes,No,DSL,No,No,No,Yes,No,No,One year,Yes,Electronic check,50.48,2408.44,No
C06655,Female,0,Yes,No,1,Yes,Yes,No,No internet service,No internet service,No internet service,No internet service,No internet service,No internet service,Month-to-month,Yes,Bank transfer (automatic),18.0,161.55,Yes
C06656,Male,0,Yes,No,8,Yes,No,No,No internet service,No internet service,No internet service,No internet service,No internet service,No internet service,Month-to-month,No,Mailed check,39.92,467.32,No
C06657,Male,0,Yes,Yes,47,Yes,No,Fiber optic,Yes,No,Yes,Yes,Yes,Yes,Month-to-month,No,Bank transfer (automatic),61.83,3173.65,No
C06658,Male,0,No,No,15,Yes,No,Fiber optic,Yes,No,No,No,Yes,No,Month-to-month,No,Credit card (automatic),83.85,1277.25,Yes
C06659,Male,0,Yes,No,20,Yes,No,No,No internet service,No internet service,No internet service,No internet service,No internet service,No internet service,Month-to-month,Yes,Mailed check,20.63,285.55,No
C06660,Female,0,No,No,55,Yes,No,Fiber optic,Yes,No,No,No,Yes,Yes,One year,Yes,Electronic check,67.77,3555.45,No
C06661,Female,0,Yes,No,3,Yes,No,Fiber optic,No,No,No,Yes,Yes,No,Month-to-month,Yes,Credit card (automatic),57.95,146.13,Yes
C06662,Male,1,No,No,36,Yes,Yes,No,No internet service,No internet service,No internet service,No internet service,No internet service,No internet service,Two year,Yes,Electronic check,31.12,1051.54,No
C06663,Male,0,No,Yes,7,Yes,No,No,No internet service,No internet service,No internet service,No internet service,No internet service,No internet service,Month-to-month,Yes,Credit card (automatic),18.0,18.0,No
C06664,Male,0,No,No,2,Yes,Yes,DSL,Yes,No,No,No,Yes,Yes,One year,Yes,Electronic check,78.44,83.14,Yes
C06665,Female,0,Yes,Yes,34,Yes,Yes,No,No internet service,No internet service,No internet service,No internet service,No internet service,No internet service,Month-to-month,Yes,Electronic check,18.0,739.41,No
C06666,Male,0,No,Yes,4,Yes,Yes,DSL,Yes,No,Yes,No,Yes,Yes,Month-to-month,No,Bank transfer (automatic),82.79,387.52,Yes
C06667,Male,0,No,No,43,Yes,Yes,Fiber optic,No,Yes,Yes,No,Yes,Yes,Two year,No,Electronic check,64.51,2754.04,No
C06668,Female,0,No,No,7,Yes,No,Fiber optic,Yes,No,No,Yes,No,No,Two year,No,Mailed check,73.02,457.74,No
C06669,Female,0,Yes,No,1,Yes,Yes,DSL,No,Yes,Yes,Yes,Yes,No,Month-to-month,No,Electronic check,53.87,74.04,Yes
C06670,Male,0,Yes,No,3,Yes,Yes,DSL,Yes,No,Yes,No,No,Yes,Two year,Yes,Mailed check,80.25,18.0,No
C06671,Female,0,Yes,No,58,Yes,Yes,Fiber optic,Yes,No,No,No,Yes,Yes,Month-to-month,Yes,Electronic check,59.47,3273.88,No
C06672,Male,0,Yes,No,14,Yes,Yes,DSL,Yes,No,No,No,No,Yes,Month-to-month,No,Credit card (automatic),61.1,890.61,No
C06673,Female,0,No,Yes,11,Yes,Yes,No,No internet service,No internet service,No internet service,No internet service,No internet service,No internet service,Month-to-month,Yes,Bank transfer (automatic),31.87,502.5,No
C06674,Male,0,No,No,21,Yes,Yes,DSL,No,Yes,Yes,Yes,Yes,Yes,Month-to-month,No,Mailed check,50.93,1307.23,No
C06675,Male,1,No,Yes,32,Yes,No,Fiber optic,No,Yes,No,No,No,No,Month-to-month,No,Bank transfer (automatic),73.9,2316.93,Yes
C06676,Male,0,Yes,No,1,Yes,Yes,DSL,Yes,Yes,Yes,Yes,No,No,Month-to-month,Yes,Mailed check,54.25,339.38,Yes
C06677,Male,0,Yes,No,72,Yes,No,DSL,No,No,No,Yes,No,No,One year,Yes,Electronic check,52.41,3910.11,No
C06678,Female,0,Yes,Yes,72,Yes,No,No,No internet service,No internet service,No internet service,No internet service,No internet service,No internet service,Month-to-month,No,Mailed check,18.0,1365.22,No
C06679,Female,0,Yes,Yes,17,Yes,Yes,DSL,Yes,Yes,No,Yes,No,No,Two year,No,Credit card (automatic),44.0,809.74,No
C06680,Female,0,No,No,17,Yes,Yes,Fiber optic,No,No,No,No,No,No,Two year,No,Bank transfer (automatic),78.83,1150.29,No
C06681,Female,1,Yes,No,67,Yes,No,Fiber optic,No,Yes,Yes,Yes,Yes,Yes,One year,Yes,Credit card (automatic),69.43,4071.97,No
C06682,Male,0,No,No,17,Yes,No,DSL,Yes,Yes,Yes,No,No,No,Month-to-month,No,Electronic check,43.63,892.99,Yes
C06683,Male,1,No,No,62,Yes,No,No,No internet service,No internet service,No internet service,No internet service,No internet service,No internet service,Month-to-month,Yes,Mailed check,18.0,986.52,No
C06684,Female,0,No,No,1,No,No phone service,DSL,No,No,No,Yes,No,No,Two year,No,Electronic check,77.68,18.0,No
C06685,Female,0,Yes,No,21,Yes,Yes,Fiber optic,Yes,No,No,Yes,No,Yes,Two year,Yes,Bank transfer (automatic),80.01,1878.37,No
C06686,Female,0,Yes,No,72,Yes,Yes,Fiber optic,No,No,No,Yes,Yes,No,Month-to-month,No,Bank transfer (automatic),88.72,6842.71,No
C06687,Female,0,Yes,Yes,9,Yes,No,Fiber optic,No,No,No,No,No,Yes,Month-to-month,Yes,Bank transfer (automatic),64.34,440.81,Yes
C06688,Female,0,Yes,No,9,Yes,No,Fiber optic,Yes,No,No,Yes,No,Yes,Month-to-month,No,Electronic check,76.95,721.92,No
C06689,Male,1,No,No,31,Yes,No,No,No internet service,No internet service,No internet service,No internet service,No internet service,No internet service,One year,No,Credit card (automatic),29.68,1209.41,No
C06690,Male,0,No,No,72,Yes,No,No,No internet service,No internet service,No internet service,No internet service,No internet service,No internet service,Month-to-month,Yes,Credit card (automatic),22.11,1850.96,No
C06691,Male,1,Yes,No,7,Yes,No,Fiber optic,Yes,No,No,Yes,Yes,Yes,One year,Yes,Bank transfer (automatic),67.16,483.06,No
C06692,Female,1,Yes,No,72,Yes,Yes,Fiber optic,Yes,Yes,No,No,No,No,One year,Yes,Credit card (automatic),41.65,3219.22,No
C06693,Female,1,No,Yes,34,Yes,Yes,DSL,Yes,No,No,No,Yes,No,Month-to-month,Yes,Credit card (automatic),46.37,1580.55,No
C06694,Female,0,Yes,No,72,Yes,No,No,No internet service,No internet service,No internet service,No internet service,No internet service,No internet service,Month-to-month,Yes,Credit card (automatic),18.0,942.43,No
C06695,Female,0,No,Yes,42,Yes,No,No,No internet service,No internet service,No internet service,No internet service,No internet service,No internet service,Month-to-month,Yes,Bank transfer (automatic),18.0,1200.68,No
C06696,Male,0,No,Yes,35,Yes,No,DSL,Yes,Yes,Yes,Yes,Yes,No,One year,Yes,Electronic check,42.14,1489.83,No
C06697,Male,0,No,No,53,Yes,Yes,DSL,No,Yes,No,No,No,No,One year,Yes,Electronic check,58.31,2586.58,No
C06698,Female,0,No,No,6,Yes,No,No,No internet service,No internet service,No internet service,No internet service,No internet service,No internet service,Month-to-month,No,Credit card (automatic),18.0,106.64,Yes
C06699,Male,0,No,No,72,Yes,No,Fiber optic,No,Yes,Yes,No,Yes,No,Month-to-month,Yes,Mailed check,76.89,5975.46,No
C06700,Male,0,No,Yes,5,Yes,No,DSL,No,No,No,No,No,No,Month-to-month,No,Bank transfer (automatic),57.67,427.17,No
C06701,Female,1,No,No,1,Yes,No,Fiber optic,No,Yes,No,No,No,No,One year,Yes,Electronic check,67.34,138.7,Yes
C06702,Female,1,Yes,Yes,38,Yes,Yes,DSL,Yes,Yes,No,No,Yes,No,Month-to-month,Yes,Bank transfer (automatic),46.72,2226.62,Yes
C06703,Female,0,Yes,No,6,Yes,No,DSL,Yes,No,Yes,Yes,No,No,One year,Yes,Electronic check,37.36,144.16,No
C06704,Female,0,No,No,45,Yes,No,Fiber optic,No,No,No,No,Yes,Yes,Two year,Yes,Mailed check,108.52,4990.59,No
C06705,Female,0,Yes,No,50,Yes,No,Fiber optic,Yes,No,Yes,Yes,No,Yes,Month-to-month,Yes,Electronic check,58.48,3181.2,No
C06706,Female,0,No,No,8,Yes,Yes,DSL,No,Yes,Yes,Yes,No,No,Month-to-month,Yes,Mailed check,65.44,816.44,Yes
C06707,Male,0,No,Yes,2,Yes,No,No,No internet service,No internet service,No internet service,No internet service,No internet service,No internet service,Two year,Yes,Credit card (automatic),18.0,18.0,No
C06708,Male,0,No,No,22,Yes,Yes,Fiber optic,No,No,No,Yes,No,Yes,Month-to-month,No,Bank transfer (automatic),81.2,1826.26,No
C06709,Female,0,Yes,No,70,Yes,Yes,Fiber optic,No,No,Yes,No,Yes,No,Two year,No,Credit card (automatic),84.47,6110.4,No
C06710,Male,0,Yes,No,60,Yes,Yes,DSL,Yes,No,No,Yes,No,Yes,Month-to-month,Yes,Mailed check,33.61,2458.03,No
C06711,Female,0,Yes,No,3,Yes,No,Fiber optic,Yes,No,No,No,No,No,One year,Yes,Electronic check,75.16,83.89,Yes
C06712,Female,0,Yes,No,72,Yes,No,No,No internet service,No internet service,No internet service,No internet service,No internet service,No internet service,Two year,Yes,Bank transfer (automatic),20.67,1793.59,No
C06713,Female,1,No,No,9,Yes,No,No,No internet service,No internet service,No internet service,No internet service,No internet service,No internet service,One year,Yes,Credit card (automatic),25.42,284.39,No
C06714,Female,0,No,No,13,Yes,Yes,DSL,No,No,No,Yes,No,No,Month-to-month,Yes,Electronic check,64.61,1134.9,Yes
C06715,Male,0,No,No,5,Yes,Yes,Fiber optic,No,No,No,No,No,No,Month-to-month,Yes,Bank transfer (automatic),84.68,274.31,Yes
C06716,Female,0,Yes,Yes,15,Yes,No,DSL,Yes,No,No,No,No,No,Month-to-month,No,Mailed check,48.6,439.9,No
C06717,Male,0,Yes,Yes,32,Yes,Yes,No,No internet service,No internet service,No internet service,No internet service,No internet service,No internet service,Month-to-month,No,Mailed check,18.0,305.24,No
C06718,Female,0,Yes,Yes,22,Yes,Yes,Fiber optic,No,No,No,No,Yes,No,One year,No,Electronic check,73.64,1684.41,No
C06719,Female,0,Yes,No,56,No,No phone service,Fiber optic,Yes,No,No,No,No,Yes,Two year,Yes,Bank transfer (automatic),73.92,4145.44,No
C06720,Female,0,No,Yes,32,Yes,Yes,Fiber optic,No,No,Yes,Yes,No,No,One year,Yes,Credit card (automatic),88.76,2915.36,No
C06721,Male,0,Yes,Yes,9,Yes,No,No,No internet service,No internet service,No internet service,No internet service,No internet service,No internet service,Two year,Yes,Electronic check,34.6,285.19,No
C06722,Female,0,Yes,No,26,Yes,No,DSL,Yes,No,Yes,No,No,No,One year,Yes,Mailed check,18.0,991.4,No
C06723,Female,0,No,No,2,Yes,No,DSL,Yes,Yes,Yes,No,Yes,No,One year,No,Bank transfer (automatic),25.83,408.03,No
C06724,Female,0,No,No,27,No,No phone service,DSL,No,No,Yes,No,Yes,Yes,Month-to-month,No,Credit card (automatic),30.12,852.59,No
C06725,Male,0,Yes,No,15,Yes,No,DSL,Yes,Yes,No,No,No,No,Two year,Yes,Electronic check,36.22,540.7,No
C06726,Male,0,No,Yes,3,Yes,Yes,DSL,No,No,Yes,No,No,Yes,Month-to-month,Yes,Mailed check,38.08,18.0,Yes
C06727,Male,0,Yes,No,11,Yes,No,Fiber optic,Yes,Yes,Yes,No,No,No,Month-to-month,No,Credit card (automatic),69.96,703.44,Yes
C06728,Female,1,Yes,Yes,72,No,No phone service,No,No internet service,No internet service,No internet service,No internet service,No internet service,No internet service,Month-to-month,Yes,Bank transfer (automatic),19.02,1295.87,No
C06729,Male,0,Yes,No,28,Yes,Yes,Fiber optic,Yes,Yes,Yes,Yes,Yes,No,Month-to-month,Yes,Credit card (automatic),71.43,1696.83,No
C06730,Female,1,No,Yes,72,Yes,Yes,Fiber optic,No,No,Yes,No,Yes,No,Month-to-month,No,Mailed check,70.61,5034.53,Yes
C06731,Male,0,Yes,No,16,No,No phone service,No,No internet service,No internet service,No internet service,No internet service,No internet service,No internet service,Month-to-month,Yes,Bank transfer (automatic),18.0,348.44,No
C06732,Male,1,Yes,Yes,72,Yes,Yes,No,No internet service,No internet service,No internet service,No internet service,No internet service,No internet service,Month-to-month,Yes,Electronic check,18.0,1551.0,No
C06733,Female,0,No,No,14,Yes,No,Fiber optic,No,No,No,No,No,Yes,Two year,Yes,Credit card (automatic),83.21,1514.82,No
C06734,Male,0,Yes,Yes,45,Yes,No,Fiber optic,Yes,No,No,No,No,No,Month-to-month,Yes,Mailed check,85.28,3794.28,No
C06735,Female,1,Yes,Yes,11,Yes,No,DSL,No,Yes,Yes,No,Yes,Yes,One year,Yes,Mailed check,44.49,519.46,No
C06736,Female,0,Yes,No,3,Yes,No,Fiber optic,Yes,Yes,No,Yes,No,No,Two year,Yes,Bank transfer (automatic),61.05,18.0,No
C06737,Male,0,Yes,Yes,57,Yes,No,Fiber optic,No,Yes,No,Yes,No,No,Month-to-month,No,Mailed check,67.57,3895.63,No
C06738,Female,0,No,No,46,Yes,Yes,DSL,Yes,Yes,Yes,No,No,Yes,Two year,Yes,Credit card (automatic),57.93,2837.03,No
C06739,Female,0,No,No,54,Yes,Yes,Fiber optic,Yes,No,Yes,Yes,No,No,One year,Yes,Bank transfer (automatic),50.47,2547.83,No
C06740,Male,0,Yes,No,11,Yes,No,Fiber optic,No,No,No,Yes,No,No,One year,No,Electronic check,38.44,95.29,No
C06741,Male,0,Yes,No,38,Yes,Yes,Fiber optic,Yes,Yes,No,Yes,No,No,Two year,No,Mailed check,79.85,2999.48,No
C06742,Female,1,No,No,7,Yes,No,Fiber optic,Yes,Yes,Yes,No,No,Yes,Two year,Yes,Credit card (automatic),72.23,521.83,Yes
C06743,Male,0,Yes,No,1,Yes,Yes,No,No internet service,No internet service,No internet service,No internet service,No internet service,No internet service,Month-to-month,No,Credit card (automatic),20.07,18.0,No
C06744,Female,1,No,No,64,Yes,No,Fiber optic,Yes,Yes,No,Yes,No,Yes,Month-to-month,No,Credit card (automatic),85.45,5680.34,No
C06745,Female,1,Yes,Yes,23,Yes,No,Fiber optic,Yes,Yes,No,No,No,No,Month-to-month,No,Electronic check,89.59,1751.26,No
C06746,Male,0,No,Yes,72,Yes,Yes,Fiber optic,No,No,Yes,No,No,Yes,Month-to-month,Yes,Mailed check,50.34,3480.41,No
C06747,Male,0,No,Yes,15,Yes,No,DSL,Yes,No,No,No,No,No,Two year,Yes,Electronic check,48.44,671.11,No
C06748,Male,0,No,No,72,Yes,Yes,Fiber optic,No,No,No,Yes,No,No,One year,No,Mailed check,88.64,6601.8,No
C06749,Male,0,Yes,No,30,No,No phone service,No,No internet service,No internet service,No internet service,No internet service,No internet service,No internet service,Month-to-month,Yes,Electronic check,48.07,1513.01,No
C06750,Female,0,No,No,22,Yes,No,No,No internet service,No internet service,No internet service,No internet service,No internet service,No internet service,Month-to-month,Yes,Mailed check,18.0,222.54,No
C06751,Female,0,No,No,11,Yes,Yes,Fiber optic,No,No,No,No,Yes,Yes,Month-to-month,Yes,Electronic check,86.26,777.07,Yes
C06752,Male,0,No,No,55,Yes,Yes,Fiber optic,Yes,No,No,Yes,Yes,No,Two year,Yes,Electronic check,79.96,4752.41,No
C06753,Male,0,Yes,No,56,Yes,Yes,Fiber optic,No,No,No,No,Yes,No,One year,Yes,Electronic check,39.67,2072.44,No
C06754,Female,0,No,No,17,No,No phone service,DSL,No,No,Yes,Yes,Yes,No,Month-to-month,Yes,Mailed check,61.59,915.59,No
C06755,Female,0,Yes,No,41,Yes,Yes,DSL,No,No,Yes,No,No,Yes,Two year,Yes,Electronic check,24.66,724.92,No
C06756,Female,0,Yes,No,18,Yes,Yes,DSL,No,No,Yes,No,No,No,Two year,Yes,Bank transfer (automatic),55.89,970.43,No
C06757,Female,0,No,Yes,43,No,No phone service,DSL,No,No,No,No,Yes,Yes,One year,Yes,Bank transfer (automatic),61.01,2599.63,No
C06758,Male,0,Yes,No,72,Yes,Yes,DSL,No,No,Yes,Yes,No,No,Month-to-month,No,Mailed check,18.0,1268.82,No
C06759,Female,1,No,No,9,Yes,No,Fiber optic,No,No,Yes,No,No,No,Two year,Yes,Credit card (automatic),78.86,446.85,Yes
C06760,Female,0,No,Yes,32,Yes,No,DSL,No,Yes,No,No,Yes,Yes,Month-to-month,Yes,Electronic check,66.42,1672.3,Yes
C06761,Male,0,No,No,15,Yes,Yes,Fiber optic,Yes,No,No,No,Yes,No,Month-to-month,No,Bank transfer (automatic),76.61,1194.78,Yes
C06762,Female,0,No,Yes,25,Yes,No,No,No internet service,No internet service,No internet service,No internet service,No internet service,No internet service,Month-to-month,No,Bank transfer (automatic),18.0,466.01,No
C06763,Female,1,No,No,66,Yes,No,Fiber optic,Yes,Yes,No,No,No,Yes,Two year,No,Bank transfer (automatic),52.31,3403.65,No
C06764,Male,0,Yes,Yes,13,Yes,Yes,Fiber optic,Yes,No,No,Yes,No,No,Month-to-month,No,Mailed check,70.06,1051.27,Yes
C06765,Male,0,No,No,2,Yes,No,DSL,No,Yes,Yes,No,Yes,Yes,Month-to-month,No,Electronic check,61.06,322.8,Yes
C06766,Male,1,Yes,No,51,No,No phone service,No,No internet service,No internet service,No internet service,No internet service,No internet service,No internet service,Two year,Yes,Credit card (automatic),20.59,1396.79,No
C06767,Female,0,Yes,No,25,Yes,No,DSL,No,No,No,No,No,Yes,Month-to-month,Yes,Credit card (automatic),18.66,47.22,No
C06768,Female,0,No,No,19,Yes,No,Fiber optic,Yes,Yes,Yes,No,No,No,Month-to-month,Yes,Credit card (automatic),74.74,1491.19,Yes
C06769,Male,0,Yes,No,6,No,No phone service,No,No internet service,No internet service,No internet service,No internet service,No internet service,No internet service,One year,No,Bank transfer (automatic),18.0,18.0,No
C06770,Male,1,Yes,No,3,Yes,Yes,No,No internet service,No internet service,No internet service,No internet service,No internet service,No internet service,One year,Yes,Bank transfer (automatic),31.07,473.25,No
C06771,Female,0,No,No,10,Yes,Yes,No,No internet service,No internet service,No internet service,No internet service,No internet service,No internet service,One year,No,Credit card (automatic),19.51,654.68,No
C06772,Male,0,Yes,Yes,40,No,No phone service,Fiber optic,No,No,No,Yes,No,No,One year,Yes,Mailed check,76.4,3558.54,No
C06773,Male,0,Yes,No,16,Yes,Yes,DSL,No,Yes,Yes,No,No,Yes,Month-to-month,No,Electronic check,59.87,589.93,Yes
C06774,Male,0,Yes,No,27,Yes,No,DSL,No,Yes,No,Yes,No,Yes,One year,Yes,Mailed check,35.32,1293.31,No
C06775,Female,0,No,No,2,Yes,No,No,No internet service,No internet service,No internet service,No internet service,No internet service,No internet service,Month-to-month,No,Mailed check,18.0,18.0,Yes
C06776,Female,0,No,Yes,4,Yes,Yes,Fiber optic,No,No,Yes,Yes,No,Yes,Two year,No,Bank transfer (automatic),80.84,439.19,No
C06777,Female,0,No,Yes,1,No,No phone service,DSL,Yes,No,No,No,Yes,No,One year,Yes,Bank transfer (automatic),71.37,18.0,No
C06778,Female,0,Yes,No,35,Yes,Yes,Fiber optic,No,Yes,No,Yes,Yes,Yes,Month-to-month,No,Electronic check,42.28,1297.19,Yes
C06779,Female,0,No,No,9,Yes,No,Fiber optic,No,No,No,No,No,No,One year,Yes,Electronic check,60.84,586.0,No
C06780,Female,0,No,Yes,72,Yes,Yes,DSL,No,Yes,No,No,Yes,No,One year,No,Bank transfer (automatic),52.25,4262.56,No
C06781,Male,0,Yes,No,11,Yes,Yes,Fiber optic,Yes,No,Yes,No,No,Yes,Two year,Yes,Bank transfer (automatic),78.05,962.29,No
C06782,Female,0,Yes,Yes,14,Yes,Yes,Fiber optic,Yes,No,Yes,No,No,No,Month-to-month,No,Mailed check,74.32,1045.43,Yes
C06783,Female,0,No,No,20,Yes,No,DSL,No,No,No,No,Yes,Yes,Month-to-month,Yes,Bank transfer (automatic),50.17,905.67,No
C06784,Male,0,No,No,12,Yes,No,DSL,No,No,No,No,Yes,No,Month-to-month,Yes,Bank transfer (automatic),18.0,100.63,Yes
C06785,Female,0,No,No,54,Yes,No,No,No internet service,No internet service,No internet service,No internet service,No internet service,No internet service,Month-to-month,Yes,Mailed check,22.14,1266.75,No
C06786,Female,0,Yes,Yes,66,Yes,Yes,Fiber optic,No,Yes,No,Yes,No,No,Month-to-month,Yes,Mailed check,80.68,5865.81,No
C06787,Male,0,No,Yes,1,Yes,No,DSL,No,No,No,No,Yes,No,One year,Yes,Bank transfer (automatic),42.13,18.0,No
C06788,Male,0,Yes,No,34,Yes,No,Fiber optic,No,No,No,No,Yes,Yes,Month-to-month,No,Bank transfer (automatic),46.19,1210.3,Yes
C06789,Male,0,Yes,No,37,Yes,Yes,Fiber optic,No,Yes,No,No,No,No,Month-to-month,Yes,Mailed check,65.33,2668.85,Yes
C06790,Female,1,Yes,No,72,Yes,No,Fiber optic,Yes,Yes,No,No,Yes,No,Month-to-month,No,Electronic check,43.76,3257.51,No
C06791,Male,0,No,No,14,Yes,No,DSL,No,No,No,Yes,Yes,Yes,One year,No,Bank transfer (automatic),56.99,813.96,No
C06792,Female,0,No,No,6,Yes,Yes,DSL,Yes,Yes,No,No,No,No,Month-to-month,Yes,Mailed check,18.0,18.0,Yes
C06793,Female,1,No,Yes,23,Yes,No,DSL,No,Yes,No,No,Yes,No,One year,No,Mailed check,40.44,828.05,No
C06794,Female,0,No,Yes,18,Yes,Yes,DSL,Yes,Yes,No,No,No,Yes,Month-to-month,Yes,Mailed check,58.87,1382.86,Yes
C06795,Female,0,Yes,No,50,Yes,No,DSL,Yes,No,Yes,Yes,No,Yes,One year,No,Mailed check,52.62,2507.54,No
C06796,Male,0,No,No,72,Yes,Yes,No,No internet service,No internet service,No internet service,No internet service,No internet service,No internet service,One year,No,Bank transfer (automatic),18.0,1195.6,No
C06797,Male,0,No,No,2,Yes,No,DSL,Yes,Yes,Yes,Yes,Yes,No,Two year,Yes,Mailed check,56.47,151.1,No
C06798,Female,0,Yes,No,59,Yes,Yes,Fiber optic,No,No,Yes,No,Yes,No,Two year,No,Electronic check,76.86,4452.86,No
C06799,Male,0,Yes,Yes,72,Yes,Yes,No,No internet service,No internet service,No internet service,No internet service,No internet service,No internet service,Two year,Yes,Credit card (automatic),26.58,1967.34,No
C06800,Female,0,Yes,No,72,Yes,Yes,No,No internet service,No internet service,No internet service,No internet service,No internet service,No internet service,Two year,Yes,Credit card (automatic),18.0,946.35,No
C06801,Female,0,Yes,No,46,Yes,No,Fiber optic,No,No,Yes,Yes,No,Yes,Month-to-month,Yes,Electronic check,74.4,3691.99,No
C06802,Female,0,Yes,No,43,Yes,Yes,Fiber optic,No,No,Yes,No,No,No,Month-to-month,No,Bank transfer (automatic),68.22,3109.01,Yes
C06803,Male,1,Yes,No,1,Yes,Yes,No,No internet service,No internet service,No internet service,No internet service,No internet service,No internet service,Month-to-month,No,Credit card (automatic),24.92,18.0,Yes
C06804,Female,0,No,No,72,Yes,Yes,Fiber optic,No,No,Yes,No,No,Yes,Month-to-month,No,Credit card (automatic),75.83,5103.37,No
C06805,Female,0,Yes,Yes,13,Yes,No,No,No internet service,No internet service,No internet service,No internet service,No internet service,No internet service,Month-to-month,No,Credit card (automatic),18.0,18.0,No
C06806,Male,0,Yes,No,1,Yes,No,Fiber optic,Yes,Yes,No,No,No,Yes,Month-to-month,No,Credit card (automatic),86.77,62.01,Yes
C06807,Male,0,No,Yes,17,Yes,Yes,DSL,Yes,No,No,Yes,No,Yes,Month-to-month,No,Mailed check,18.0,381.25,No
C06808,Male,0,Yes,No,42,Yes,No,DSL,Yes,Yes,Yes,Yes,No,No,Month-to-month,Yes,Credit card (automatic),43.96,1774.1,No
C06809,Male,0,No,Yes,18,Yes,No,No,No internet service,No internet service,No internet service,No internet service,No internet service,No internet service,Two year,Yes,Bank transfer (automatic),18.0,86.69,No
C06810,Female,0,No,Yes,45,No,No phone service,No,No internet service,No internet service,No internet service,No internet service,No internet service,No internet service,One year,Yes,Mailed check,18.0,808.68,No
C06811,Male,0,Yes,Yes,22,No,No phone service,Fiber optic,No,Yes,Yes,Yes,No,No,Two year,No,Credit card (automatic),48.93,1346.09,No
C06812,Female,0,Yes,Yes,11,Yes,Yes,DSL,No,Yes,No,No,No,Yes,Month-to-month,No,Electronic check,43.76,453.43,Yes
C06813,Male,0,Yes,No,7,Yes,No,DSL,No,Yes,Yes,Yes,No,Yes,Two year,Yes,Credit card (automatic),42.99,107.85,No
C06814,Male,1,Yes,No,17,Yes,Yes,No,No internet service,No internet service,No internet service,No internet service,No internet service,No internet service,Month-to-month,Yes,Mailed check,18.0,198.32,No
C06815,Male,1,Yes,No,1,Yes,Yes,DSL,No,No,Yes,Yes,No,Yes,One year,No,Credit card (automatic),31.94,373.46,No
C06816,Male,0,Yes,No,17,No,No phone service,Fiber optic,No,No,No,No,No,Yes,Month-to-month,Yes,Electronic check,78.7,1450.4,Yes
C06817,Male,0,Yes,Yes,2,Yes,Yes,No,No internet service,No internet service,No internet service,No internet service,No internet service,No internet service,Month-to-month,Yes,Credit card (automatic),19.64,18.0,No
C06818,Male,0,No,No,67,Yes,Yes,DSL,No,No,No,Yes,Yes,No,Two year,Yes,Mailed check,54.39,3636.83,No
C06819,Female,0,Yes,Yes,27,Yes,No,Fiber optic,No,No,No,Yes,No,No,One year,Yes,Electronic check,69.84,1986.18,No
C06820,Male,1,No,Yes,33,Yes,Yes,Fiber optic,Yes,No,Yes,Yes,No,No,Month-to-month,Yes,Bank transfer (automatic),59.85,2141.34,Yes
C06821,Male,0,Yes,Yes,10,Yes,No,DSL,Yes,No,Yes,Yes,No,Yes,Month-to-month,Yes,Electronic check,43.03,417.37,No
C06822,Male,0,No,No,8,Yes,No,Fiber optic,Yes,No,No,No,Yes,Yes,Two year,No,Mailed check,62.52,394.01,No
C06823,Male,1,Yes,Yes,39,No,No phone service,Fiber optic,No,Yes,Yes,No,No,Yes,Month-to-month,Yes,Mailed check,50.71,2056.0,Yes
C06824,Female,1,No,No,35,Yes,No,DSL,Yes,Yes,Yes,No,No,No,Month-to-month,Yes,Mailed check,52.27,1798.32,No
C06825,Male,0,Yes,No,4,Yes,No,DSL,No,No,Yes,Yes,Yes,Yes,Two year,No,Bank transfer (automatic),46.34,18.0,No
C06826,Male,0,No,No,8,Yes,No,Fiber optic,No,Yes,Yes,Yes,No,No,One year,Yes,Electronic check,87.71,684.58,No
C06827,Male,0,Yes,No,72,Yes,Yes,Fiber optic,No,No,Yes,No,Yes,No,Month-to-month,No,Bank transfer (automatic),65.19,4500.11,No
C06828,Male,0,No,No,11,No,No phone service,Fiber optic,No,No,Yes,Yes,No,Yes,Month-to-month,Yes,Electronic check,54.5,376.28,Yes
C06829,Female,0,Yes,No,1,Yes,No,DSL,No,No,No,No,No,No,Month-to-month,Yes,Credit card (automatic),36.19,18.0,Yes
C06830,Male,0,No,Yes,2,No,No phone service,No,No internet service,No internet service,No internet service,No internet service,No internet service,No internet service,Month-to-month,Yes,Mailed check,35.17,219.73,Yes
C06831,Female,0,Yes,No,47,Yes,Yes,DSL,No,No,No,Yes,No,No,Two year,No,Credit card (automatic),22.21,891.22,No
C06832,Male,0,Yes,Yes,45,Yes,No,Fiber optic,No,No,Yes,Yes,Yes,Yes,One year,Yes,Electronic check,51.19,2913.37,No
C06833,Female,0,Yes,No,15,Yes,Yes,DSL,Yes,Yes,Yes,No,No,No,Month-to-month,Yes,Bank transfer (automatic),77.34,1319.58,No
C06834,Female,0,Yes,No,5,Yes,No,DSL,Yes,Yes,Yes,No,Yes,Yes,Month-to-month,Yes,Bank transfer (automatic),28.89,18.0,Yes
C06835,Male,0,No,No,22,Yes,No,Fiber optic,No,No,Yes,No,Yes,No,One year,Yes,Credit card (automatic),81.57,1531.86,No
C06836,Male,0,No,No,12,Yes,No,DSL,Yes,Yes,No,No,Yes,No,Month-to-month,No,Electronic check,47.97,740.81,No
C06837,Female,0,Yes,Yes,14,Yes,No,DSL,No,No,No,Yes,No,No,Month-to-month,Yes,Mailed check,34.18,327.48,No
C06838,Female,0,No,No,9,Yes,No,DSL,Yes,No,No,No,No,Yes,Month-to-month,No,Bank transfer (automatic),45.57,204.41,No
C06839,Male,0,No,No,2,Yes,No,No,No internet service,No internet service,No internet service,No internet service,No internet service,No internet service,Two year,No,Electronic check,18.0,18.0,No
C06840,Female,0,No,No,50,Yes,No,Fiber optic,No,No,No,Yes,No,No,One year,Yes,Credit card (automatic),66.91,3186.87,No
C06841,Female,0,Yes,Yes,30,No,No phone service,No,No internet service,No internet service,No internet service,No internet service,No internet service,No internet service,Two year,Yes,Bank transfer (automatic),18.95,556.26,No
C06842,Female,0,Yes,No,57,Yes,Yes,Fiber optic,No,No,No,Yes,Yes,Yes,Month-to-month,No,Mailed check,85.75,4927.62,No
C06843,Male,0,No,No,22,Yes,No,DSL,No,Yes,Yes,Yes,Yes,Yes,Two year,No,Electronic check,43.42,850.63,No
C06844,Female,0,Yes,No,72,Yes,No,Fiber optic,No,No,Yes,Yes,No,Yes,Month-to-month,Yes,Bank transfer (automatic),75.27,5135.2,No
C06845,Female,0,No,No,72,Yes,No,Fiber optic,No,Yes,No,Yes,Yes,Yes,Month-to-month,No,Bank transfer (automatic),78.88,5646.2,No
C06846,Female,0,No,No,10,Yes,No,Fiber optic,No,No,No,No,Yes,Yes,Month-to-month,No,Electronic check,37.87,747.67,Yes
C06847,Male,0,Yes,No,15,No,No phone service,DSL,Yes,No,No,No,No,No,One year,Yes,Electronic check,40.66,670.53,No
C06848,Male,0,Yes,No,44,Yes,No,DSL,Yes,Yes,Yes,No,Yes,No,Two year,Yes,Electronic check,47.53,2120.96,No
C06849,Female,1,No,No,47,Yes,No,DSL,Yes,Yes,Yes,Yes,No,No,Month-to-month,No,Credit card (automatic),57.29,2499.02,No
C06850,Male,0,Yes,No,72,Yes,No,DSL,No,No,No,No,No,No,Month-to-month,Yes,Mailed check,45.24,3191.17,No
C06851,Female,0,Yes,No,33,Yes,Yes,DSL,No,No,No,Yes,No,Yes,Month-to-month,No,Credit card (automatic),26.33,953.93,No
C06852,Male,0,Yes,Yes,20,Yes,No,No,No internet service,No internet service,No internet service,No internet service,No internet service,No internet service,One year,Yes,Mailed check,41.97,855.34,No
C06853,Male,0,No,No,15,Yes,Yes,Fiber optic,No,No,Yes,Yes,Yes,No,Month-to-month,No,Bank transfer (automatic),75.11,1327.05,Yes
C06854,Female,0,Yes,No,17,Yes,No,Fiber optic,No,No,No,No,Yes,Yes,Month-to-month,Yes,Credit card (automatic),64.04,1285.78,Yes
C06855,Male,0,No,No,60,Yes,Yes,DSL,No,Yes,Yes,No,Yes,No,Two year,Yes,Electronic check,47.2,2951.78,No
C06856,Male,0,Yes,Yes,72,Yes,Yes,Fiber optic,No,No,No,No,No,No,Two year,Yes,Credit card (automatic),37.66,2396.16,No
C06857,Male,0,Yes,No,1,Yes,Yes,DSL,No,No,No,Yes,No,No,One year,Yes,Electronic check,26.04,182.53,No
C06858,Female,0,No,No,27,Yes,No,DSL,No,Yes,No,No,No,No,Month-to-month,Yes,Mailed check,45.42,1275.35,No
C06859,Male,1,No,No,23,No,No phone service,Fiber optic,No,No,No,Yes,No,No,One year,Yes,Bank transfer (automatic),69.98,1840.8,Yes
C06860,Male,0,Yes,Yes,15,Yes,No,DSL,No,Yes,No,No,No,Yes,One year,Yes,Electronic check,40.76,829.65,No
C06861,Female,0,No,Yes,61,Yes,Yes,Fiber optic,No,Yes,Yes,Yes,No,Yes,One year,No,Electronic check,79.29,4903.85,No
C06862,Male,0,Yes,No,27,Yes,No,No,No internet service,No internet service,No internet service,No internet service,No internet service,No internet service,Month-to-month,Yes,Electronic check,18.05,335.73,No
C06863,Male,0,No,No,12,Yes,Yes,DSL,Yes,Yes,No,No,Yes,No,Month-to-month,Yes,Electronic check,57.99,621.43,Yes
C06864,Male,0,Yes,No,18,Yes,Yes,Fiber optic,No,Yes,No,No,No,No,Two year,Yes,Bank transfer (automatic),73.64,1449.44,No
C06865,Male,0,No,No,14,Yes,Yes,DSL,No,No,No,No,No,Yes,Month-to-month,Yes,Credit card (automatic),56.78,766.66,Yes
C06866,Male,0,No,No,17,Yes,No,Fiber optic,No,No,Yes,Yes,No,Yes,Month-to-month,Yes,Mailed check,71.28,1146.32,Yes
C06867,Female,0,Yes,No,2,No,No phone service,Fiber optic,No,Yes,No,Yes,Yes,No,Month-to-month,No,Credit card (automatic),80.76,44.98,No
C06868,Female,0,No,Yes,3,Yes,Yes,No,No internet service,No internet service,No internet service,No internet service,No internet service,No internet service,One year,No,Electronic check,28.39,22.65,No
C06869,Male,0,No,Yes,31,Yes,Yes,Fiber optic,No,Yes,No,No,No,No,Two year,No,Mailed check,93.19,3114.22,No
C06870,Male,0,Yes,No,36,No,No phone service,No,No internet service,No internet service,No internet service,No internet service,No internet service,No internet service,Month-to-month,No,Electronic check,49.75,1706.24,No
C06871,Male,0,No,No,32,Yes,No,DSL,No,Yes,Yes,No,No,No,Month-to-month,No,Bank transfer (automatic),53.07,1662.29,No
C06872,Female,1,No,No,46,Yes,Yes,DSL,Yes,Yes,No,No,Yes,No,One year,Yes,Credit card (automatic),28.71,1084.56,No
C06873,Female,1,No,No,72,Yes,No,No,No internet service,No internet service,No internet service,No internet service,No internet service,No internet service,One year,Yes,Electronic check,34.96,2529.07,No
C06874,Male,0,No,No,63,Yes,No,Fiber optic,Yes,No,Yes,No,No,Yes,Month-to-month,No,Electronic check,59.33,3975.07,No
C06875,Male,0,No,No,17,No,No phone service,No,No internet service,No internet service,No internet service,No internet service,No internet service,No internet service,Month-to-month,No,Mailed check,32.61,342.2,No
C06876,Female,0,No,No,7,Yes,Yes,DSL,No,No,No,Yes,No,No,Two year,Yes,Electronic check,44.76,443.47,No
C06877,Male,0,No,Yes,11,Yes,No,Fiber optic,No,No,Yes,No,Yes,No,Month-to-month,Yes,Bank transfer (automatic),74.11,839.53,Yes
C06878,Female,0,Yes,No,28,Yes,No,DSL,No,No,No,Yes,Yes,No,Month-to-month,No,Credit card (automatic),31.94,913.82,No
C06879,Female,1,No,No,62,No,No phone service,No,No internet service,No internet service,No internet service,No internet service,No internet service,No internet service,Two year,Yes,Electronic check,18.0,1474.26,No
C06880,Male,0,Yes,No,38,Yes,No,No,No internet service,No internet service,No internet service,No internet service,No internet service,No internet service,Month-to-month,No,Mailed check,18.0,756.53,No
C06881,Female,0,No,No,25,Yes,Yes,No,No internet service,No internet service,No internet service,No internet service,No internet service,No internet service,Month-to-month,No,Credit card (automatic),18.0,421.32,No
C06882,Male,0,No,No,29,Yes,Yes,Fiber optic,Yes,No,No,Yes,No,No,One year,No,Electronic check,72.55,2159.73,No
C06883,Male,0,Yes,No,24,Yes,No,Fiber optic,No,Yes,No,No,Yes,No,One year,Yes,Bank transfer (automatic),76.88,1770.81,No
C06884,Male,0,Yes,No,72,No,No phone service,Fiber optic,No,No,No,No,No,Yes,Month-to-month,No,Electronic check,59.31,4511.38,No
C06885,Male,0,Yes,Yes,54,Yes,Yes,Fiber optic,No,No,No,Yes,Yes,No,Month-to-month,Yes,Bank transfer (automatic),66.12,3522.85,No
C06886,Male,0,Yes,No,48,Yes,Yes,Fiber optic,No,No,Yes,No,Yes,No,Month-to-month,No,Bank transfer (automatic),94.35,4569.0,No
C06887,Male,0,No,Yes,23,No,No phone service,Fiber optic,No,Yes,No,Yes,No,No,Month-to-month,Yes,Credit card (automatic),69.83,1699.65,Yes
C06888,Female,1,Yes,No,12,Yes,No,Fiber optic,Yes,Yes,No,No,No,No,Month-to-month,Yes,Mailed check,72.26,659.65,Yes
C06889,Female,0,No,No,1,Yes,No,Fiber optic,No,No,No,No,No,No,Month-to-month,Yes,Mailed check,89.0,49.02,Yes
C06890,Female,1,No,No,1,No,No phone service,No,No internet service,No internet service,No internet service,No internet service,No internet service,No internet service,Month-to-month,No,Mailed check,19.77,18.0,Yes
C06891,Female,0,No,Yes,1,Yes,No,No,No internet service,No internet service,No internet service,No internet service,No internet service,No internet service,Month-to-month,Yes,Bank transfer (automatic),22.4,277.23,No
C06892,Male,0,Yes,No,72,No,No phone service,DSL,No,No,No,Yes,Yes,Yes,Month-to-month,Yes,Credit card (automatic),41.54,2938.39,No
C06893,Female,0,No,No,3,Yes,Yes,DSL,No,No,Yes,Yes,No,No,Two year,No,Electronic check,38.12,255.01,No
C06894,Female,0,Yes,Yes,4,Yes,No,Fiber optic,Yes,No,Yes,No,Yes,No,Month-to-month,Yes,Bank transfer (automatic),87.93,466.12,Yes
C06895,Female,0,No,No,21,Yes,Yes,Fiber optic,No,Yes,No,No,No,Yes,Month-to-month,No,Mailed check,92.27,1782.06,Yes
C06896,Male,0,No,No,21,No,No phone service,Fiber optic,No,No,No,No,No,No,Month-to-month,Yes,Credit card (automatic),81.3,1653.93,Yes
C06897,Female,0,Yes,No,72,Yes,Yes,Fiber optic,No,Yes,Yes,No,Yes,Yes,Month-to-month,No,Bank transfer (automatic),65.12,4587.02,No
C06898,Male,0,Yes,No,2,Yes,Yes,No,No internet service,No internet service,No internet service,No internet service,No internet service,No internet service,One year,No,Credit card (automatic),18.0,20.6,No
C06899,Female,0,Yes,No,72,Yes,No,Fiber optic,Yes,Yes,No,Yes,Yes,Yes,Month-to-month,Yes,Electronic check,55.55,4162.61,No
C06900,Male,0,No,Yes,7,Yes,No,Fiber optic,Yes,Yes,Yes,Yes,No,No,Month-to-month,Yes,Credit card (automatic),28.23,276.86,Yes
C06901,Male,0,Yes,No,72,Yes,No,Fiber optic,Yes,Yes,No,Yes,No,No,Month-to-month,Yes,Bank transfer (automatic),79.43,5972.81,No
C06902,Female,0,No,No,24,Yes,Yes,No,No internet service,No internet service,No internet service,No internet service,No internet service,No internet service,Month-to-month,No,Mailed check,53.04,951.88,No
C06903,Male,0,Yes,No,33,Yes,No,Fiber optic,No,No,Yes,No,No,Yes,One year,Yes,Electronic check,66.53,2146.56,No
C06904,Male,0,No,No,12,Yes,No,Fiber optic,No,No,No,Yes,No,Yes,Month-to-month,Yes,Mailed check,72.02,852.58,Yes
C06905,Female,0,Yes,No,30,Yes,No,Fiber optic,No,Yes,No,No,No,Yes,One year,Yes,Bank transfer (automatic),77.3,2445.31,No
C06906,Female,1,Yes,No,39,Yes,No,Fiber optic,No,Yes,No,No,Yes,No,Two year,Yes,Electronic check,64.58,2473.35,Yes
C06907,Female,0,Yes,No,1,Yes,Yes,Fiber optic,Yes,No,Yes,No,Yes,Yes,Month-to-month,Yes,Electronic check,84.23,466.74,Yes
C06908,Male,0,No,No,1,No,No phone service,DSL,No,No,No,No,Yes,No,One year,No,Bank transfer (automatic),27.58,23.58,Yes
C06909,Male,1,No,No,72,Yes,No,Fiber optic,Yes,Yes,Yes,Yes,No,No,Two year,No,Electronic check,67.47,4797.05,No
C06910,Male,1,Yes,No,19,Yes,No,No,No internet service,No internet service,No internet service,No internet service,No internet service,No internet service,Month-to-month,No,Bank transfer (automatic),18.0,387.03,No
C06911,Female,0,Yes,Yes,72,Yes,Yes,DSL,Yes,No,No,Yes,No,No,Month-to-month,No,Bank transfer (automatic),37.89,2868.23,No
C06912,Male,1,Yes,No,41,No,No phone service,No,No internet service,No internet service,No internet service,No internet service,No internet service,No internet service,Month-to-month,Yes,Mailed check,18.0,747.76,No
C06913,Male,0,No,Yes,14,Yes,No,No,No internet service,No internet service,No internet service,No internet service,No internet service,No internet service,Month-to-month,Yes,Bank transfer (automatic),31.94,573.39,Yes
C06914,Male,0,Yes,No,5,Yes,No,Fiber optic,Yes,No,No,No,No,No,One year,Yes,Electronic check,54.2,401.46,No
C06915,Male,0,No,No,72,Yes,No,DSL,Yes,No,Yes,No,No,No,Month-to-month,Yes,Credit card (automatic),54.8,3623.52,No
C06916,Male,0,No,Yes,28,Yes,No,No,No internet service,No internet service,No internet service,No internet service,No internet service,No internet service,Month-to-month,No,Electronic check,18.0,670.13,No
C06917,Male,0,No,No,6,Yes,Yes,DSL,No,No,No,Yes,Yes,Yes,Month-to-month,No,Bank transfer (automatic),18.0,18.0,No
C06918,Male,0,No,Yes,36,Yes,No,Fiber optic,No,No,No,Yes,Yes,No,Two year,Yes,Bank transfer (automatic),94.41,3160.23,No
C06919,Female,1,Yes,No,3,Yes,No,No,No internet service,No internet service,No internet service,No internet service,No internet service,No internet service,Month-to-month,Yes,Bank transfer (automatic),18.0,18.0,No
C06920,Female,0,No,No,64,Yes,No,Fiber optic,No,No,No,No,No,No,Two year,Yes,Mailed check,51.33,3344.49,No
C06921,Female,0,Yes,Yes,3,Yes,No,DSL,No,No,No,No,No,No,Month-to-month,Yes,Credit card (automatic),53.3,18.0,No
C06922,Male,0,Yes,No,8,Yes,No,No,No internet service,No internet service,No internet service,No internet service,No internet service,No internet service,One year,No,Bank transfer (automatic),18.0,18.0,No
C06923,Male,0,No,No,3,Yes,No,No,No internet service,No internet service,No internet service,No internet service,No internet service,No internet service,Month-to-month,No,Mailed check,48.37,259.46,Yes
C06924,Female,0,Yes,No,3,Yes,Yes,Fiber optic,No,No,No,No,Yes,Yes,Month-to-month,No,Bank transfer (automatic),68.82,18.0,Yes
C06925,Male,0,Yes,No,23,Yes,No,No,No internet service,No internet service,No internet service,No internet service,No internet service,No internet service,One year,Yes,Electronic check,24.02,634.52,No
C06926,Female,1,Yes,No,37,Yes,Yes,Fiber optic,No,No,No,No,Yes,No,Month-to-month,No,Mailed check,87.12,3128.52,Yes
C06927,Male,0,Yes,Yes,49,Yes,Yes,Fiber optic,No,Yes,No,No,No,No,One year,Yes,Bank transfer (automatic),68.39,3659.23,No
C06928,Male,0,Yes,No,38,Yes,No,DSL,Yes,No,No,No,Yes,No,One year,Yes,Credit card (automatic),32.08,1076.13,No
C06929,Female,0,Yes,No,14,Yes,No,Fiber optic,No,Yes,Yes,No,No,No,Month-to-month,No,Credit card (automatic),45.13,952.2,Yes
C06930,Female,0,Yes,No,26,Yes,Yes,Fiber optic,No,Yes,Yes,Yes,No,Yes,One year,No,Electronic check,105.61,2505.11,Yes
C06931,Female,1,No,Yes,72,Yes,Yes,Fiber optic,No,Yes,No,No,No,No,Month-to-month,No,Credit card (automatic),90.21,6463.57,Yes
C06932,Female,0,No,No,15,Yes,No,Fiber optic,Yes,No,No,Yes,No,Yes,Two year,Yes,Mailed check,64.93,987.63,No
C06933,Female,0,No,No,9,Yes,No,No,No internet service,No internet service,No internet service,No internet service,No internet service,No internet service,Two year,No,Mailed check,18.0,232.74,No
C06934,Male,0,No,No,23,Yes,Yes,Fiber optic,No,Yes,No,No,No,Yes,One year,Yes,Mailed check,70.67,1369.53,No
C06935,Male,0,No,No,11,Yes,No,No,No internet service,No internet service,No internet service,No internet service,No internet service,No internet service,One year,Yes,Bank transfer (automatic),18.0,261.83,No
C06936,Male,0,No,No,9,Yes,No,DSL,Yes,Yes,No,No,No,No,Two year,No,Mailed check,35.53,407.53,No
C06937,Female,0,No,No,48,Yes,Yes,No,No internet service,No internet service,No internet service,No internet service,No internet service,No internet service,Two year,Yes,Electronic check,23.29,1351.9,No
C06938,Female,0,No,No,70,Yes,Yes,DSL,No,Yes,Yes,Yes,Yes,No,Two year,No,Electronic check,43.37,3002.85,No
C06939,Female,0,Yes,No,22,Yes,No,DSL,No,No,Yes,No,Yes,No,Two year,Yes,Mailed check,38.72,881.25,No
C06940,Female,0,No,No,48,Yes,No,Fiber optic,No,No,Yes,No,Yes,No,Month-to-month,Yes,Mailed check,44.64,2125.37,No
C06941,Female,0,No,No,6,No,No phone service,Fiber optic,Yes,No,No,Yes,Yes,Yes,One year,Yes,Credit card (automatic),62.91,371.43,No
C06942,Female,0,No,No,25,Yes,No,No,No internet service,No internet service,No internet service,No internet service,No internet service,No internet service,Two year,No,Electronic check,33.3,813.26,No
C06943,Male,0,No,Yes,32,No,No phone service,DSL,No,No,No,No,No,Yes,Two year,Yes,Bank transfer (automatic),24.7,713.91,No
C06944,Male,1,Yes,Yes,21,Yes,No,DSL,No,Yes,No,Yes,Yes,No,One year,No,Bank transfer (automatic),25.83,739.57,No
C06945,Male,0,Yes,No,3,No,No phone service,Fiber optic,No,No,No,No,No,Yes,Month-to-month,Yes,Electronic check,72.08,179.32,Yes
C06946,Male,0,No,No,42,Yes,No,Fiber optic,Yes,No,Yes,No,Yes,No,Month-to-month,Yes,Electronic check,55.26,2466.79,Yes
C06947,Male,0,No,Yes,58,Yes,No,Fiber optic,Yes,No,Yes,No,Yes,Yes,Month-to-month,Yes,Bank transfer (automatic),65.14,3964.42,No
C06948,Female,0,Yes,No,32,Yes,No,No,No internet service,No internet service,No internet service,No internet service,No internet service,No internet service,One year,No,Electronic check,23.93,651.11,No
C06949,Female,0,Yes,No,5,Yes,No,Fiber optic,No,No,Yes,No,Yes,No,One year,Yes,Electronic check,62.1,339.82,No
C06950,Female,1,No,No,2,Yes,Yes,Fiber optic,Yes,No,No,No,No,No,One year,Yes,Electronic check,65.62,144.76,Yes
C06951,Female,0,Yes,No,11,Yes,No,DSL,No,No,No,No,No,No,Two year,Yes,Bank transfer (automatic),58.61,719.62,No
C06952,Female,0,Yes,No,1,Yes,Yes,DSL,Yes,No,Yes,No,No,No,One year,No,Bank transfer (automatic),41.62,18.0,No
C06953,Female,0,Yes,Yes,58,Yes,No,Fiber optic,Yes,No,Yes,Yes,Yes,No,One year,Yes,Credit card (automatic),73.63,4079.52,No
C06954,Male,1,Yes,No,38,Yes,Yes,No,No internet service,No internet service,No internet service,No internet service,No internet service,No internet service,Month-to-month,Yes,Mailed check,18.0,623.0,No
C06955,Female,0,Yes,No,26,Yes,Yes,Fiber optic,Yes,Yes,Yes,Yes,No,Yes,Month-to-month,Yes,Electronic check,62.55,1561.6,No
C06956,Female,0,No,No,70,Yes,No,Fiber optic,Yes,No,No,No,Yes,No,Month-to-month,Yes,Mailed check,64.68,4384.4,No
C06957,Female,1,Yes,No,3,Yes,Yes,Fiber optic,No,Yes,No,Yes,No,Yes,Month-to-month,Yes,Mailed check,72.54,18.0,Yes
C06958,Female,0,Yes,Yes,40,Yes,No,No,No internet service,No internet service,No internet service,No internet service,No internet service,No internet service,Month-to-month,No,Electronic check,24.66,749.72,No
C06959,Male,0,No,No,5,Yes,No,Fiber optic,No,Yes,No,Yes,No,No,One year,Yes,Bank transfer (automatic),81.51,362.37,Yes
C06960,Male,0,No,No,2,Yes,No,No,No internet service,No internet service,No internet service,No internet service,No internet service,No internet service,One year,No,Electronic check,18.0,271.48,No
C06961,Female,0,Yes,No,4,Yes,No,Fiber optic,Yes,Yes,Yes,Yes,Yes,No,Month-to-month,Yes,Electronic check,51.45,492.14,Yes
C06962,Male,0,No,Yes,72,Yes,Yes,DSL,Yes,Yes,Yes,Yes,Yes,Yes,Month-to-month,No,Electronic check,31.05,2076.87,No
C06963,Male,0,No,No,18,Yes,No,DSL,No,No,No,No,No,No,Month-to-month,No,Electronic check,29.96,792.04,Yes
C06964,Female,0,No,Yes,1,Yes,No,DSL,No,Yes,No,Yes,No,Yes,Month-to-month,No,Electronic check,54.97,18.0,Yes
C06965,Female,0,No,No,28,Yes,Yes,DSL,Yes,No,No,No,No,No,Month-to-month,Yes,Electronic check,26.67,739.81,No
C06966,Female,0,No,No,7,Yes,No,Fiber optic,No,Yes,No,No,Yes,No,One year,Yes,Bank transfer (automatic),78.41,887.75,Yes
C06967,Female,0,Yes,No,1,Yes,No,DSL,No,No,Yes,Yes,Yes,Yes,One year,No,Bank transfer (automatic),48.24,30.09,No
C06968,Female,0,No,No,45,Yes,No,Fiber optic,No,No,Yes,Yes,No,No,Month-to-month,No,Electronic check,40.08,1636.82,Yes
C06969,Male,0,No,No,5,Yes,No,Fiber optic,No,Yes,Yes,Yes,No,No,One year,No,Electronic check,91.51,464.26,Yes
C06970,Female,0,Yes,Yes,72,Yes,No,DSL,No,Yes,Yes,Yes,Yes,Yes,Two year,No,Bank transfer (automatic),26.6,1889.58,No
C06971,Female,0,No,No,28,Yes,Yes,Fiber optic,No,Yes,No,No,No,No,Two year,Yes,Electronic check,81.37,2057.97,Yes
C06972,Female,0,No,No,2,Yes,Yes,Fiber optic,No,No,Yes,No,Yes,No,Month-to-month,No,Mailed check,74.21,174.39,Yes
C06973,Male,0,No,Yes,7,Yes,No,No,No internet service,No internet service,No internet service,No internet service,No internet service,No internet service,Month-to-month,Yes,Bank transfer (automatic),33.76,270.22,No
C06974,Female,0,Yes,Yes,30,No,No phone service,DSL,No,Yes,No,No,No,Yes,Two year,No,Mailed check,24.22,935.15,No
C06975,Female,0,Yes,No,13,Yes,No,Fiber optic,No,No,No,No,Yes,No,One year,No,Mailed check,68.98,998.51,No
C06976,Female,0,No,No,24,Yes,Yes,Fiber optic,No,No,Yes,Yes,No,No,Month-to-month,No,Mailed check,64.6,1622.74,Yes
C06977,Male,0,Yes,No,51,Yes,No,Fiber optic,Yes,No,Yes,Yes,Yes,No,Month-to-month,Yes,Bank transfer (automatic),91.85,4414.38,No
C06978,Female,0,No,No,50,Yes,No,No,No internet service,No internet service,No internet service,No internet service,No internet service,No internet service,Month-to-month,No,Electronic check,18.0,747.99,No
C06979,Female,0,Yes,No,38,Yes,No,DSL,No,No,Yes,No,No,Yes,Month-to-month,No,Mailed check,55.76,2072.41,No
C06980,Female,0,No,No,69,No,No phone service,DSL,Yes,No,Yes,Yes,No,Yes,One year,Yes,Bank transfer (automatic),39.47,2777.68,No
C06981,Male,0,No,Yes,7,Yes,No,DSL,Yes,No,Yes,Yes,Yes,Yes,One year,Yes,Electronic check,38.28,451.87,No
C06982,Female,0,Yes,No,6,Yes,No,DSL,Yes,No,Yes,Yes,No,Yes,Two year,Yes,Mailed check,56.05,282.43,No
C06983,Female,0,Yes,No,51,Yes,Yes,Fiber optic,Yes,No,Yes,No,No,Yes,Month-to-month,No,Electronic check,90.79,4809.63,No
C06984,Female,0,Yes,No,12,Yes,No,Fiber optic,No,No,Yes,No,Yes,No,Month-to-month,Yes,Electronic check,73.24,916.84,Yes
C06985,Male,1,Yes,No,22,No,No phone service,DSL,No,No,Yes,Yes,No,No,One year,No,Mailed check,61.9,1444.53,No
C06986,Female,0,No,No,43,Yes,No,Fiber optic,No,Yes,Yes,No,No,Yes,One year,No,Electronic check,47.84,1812.4,No
C06987,Female,0,No,No,16,Yes,No,No,No internet service,No internet service,No internet service,No internet service,No internet service,No internet service,Two year,Yes,Bank transfer (automatic),40.19,742.88,No
C06988,Female,0,Yes,No,4,Yes,No,Fiber optic,No,No,No,No,No,Yes,One year,No,Mailed check,55.26,343.44,No
C06989,Male,0,Yes,No,36,Yes,Yes,DSL,No,No,No,No,No,No,Month-to-month,Yes,Electronic check,66.44,2519.72,Yes
C06990,Male,0,Yes,Yes,54,No,No phone service,DSL,No,Yes,Yes,Yes,No,No,One year,No,Credit card (automatic),33.59,1704.97,No
C06991,Female,0,No,No,1,Yes,No,Fiber optic,No,No,No,Yes,No,No,Month-to-month,Yes,Bank transfer (automatic),69.84,18.0,Yes
C06992,Male,0,Yes,Yes,26,Yes,Yes,Fiber optic,Yes,No,Yes,No,Yes,No,One year,Yes,Bank transfer (automatic),58.07,1517.77,No
C06993,Male,0,No,Yes,20,Yes,No,No,No internet service,No internet service,No internet service,No internet service,No internet service,No internet service,One year,Yes,Credit card (automatic),18.0,203.84,No
C06994,Male,0,No,No,9,Yes,Yes,No,No internet service,No internet service,No internet service,No internet service,No internet service,No internet service,Two year,No,Electronic check,18.0,127.54,No
C06995,Female,0,No,No,5,No,No phone service,No,No internet service,No internet service,No internet service,No internet service,No internet service,No internet service,One year,Yes,Mailed check,19.27,354.31,No
C06996,Female,1,No,No,6,Yes,Yes,Fiber optic,Yes,No,No,No,No,No,One year,No,Mailed check,66.74,461.28,No
C06997,Male,0,No,No,41,Yes,No,DSL,No,Yes,Yes,No,No,No,Month-to-month,Yes,Electronic check,18.0,712.23,No
C06998,Male,1,No,Yes,24,Yes,No,DSL,No,Yes,No,Yes,No,No,Month-to-month,Yes,Electronic check,21.44,870.66,Yes
C06999,Male,0,No,Yes,72,Yes,Yes,Fiber optic,No,No,No,Yes,No,Yes,Month-to-month,No,Electronic check,74.7,5240.82,No
C07000,Female,1,Yes,Yes,8,Yes,Yes,No,No internet service,No internet service,No internet service,No internet service,No internet service,No internet service,Month-to-month,Yes,Credit card (automatic),19.0,368.6,No
C07001,Female,0,No,No,72,Yes,No,DSL,No,Yes,Yes,No,No,No,Month-to-month,No,Electronic check,23.47,1573.69,No
C07002,Male,0,Yes,Yes,23,Yes,No,Fiber optic,No,No,No,Yes,No,Yes,Month-to-month,Yes,Credit card (automatic),89.8,2076.59,No
C07003,Male,0,No,Yes,5,Yes,Yes,Fiber optic,No,Yes,No,No,No,Yes,Month-to-month,Yes,Electronic check,48.16,395.07,Yes
C07004,Male,1,No,No,5,Yes,No,DSL,No,No,No,No,No,No,Two year,No,Mailed check,52.91,111.22,Yes
C07005,Male,0,No,Yes,30,Yes,No,DSL,No,No,No,Yes,No,Yes,Month-to-month,Yes,Credit card (automatic),18.0,18.0,No
C07006,Female,0,No,Yes,56,Yes,Yes,Fiber optic,Yes,No,Yes,Yes,Yes,No,Month-to-month,Yes,Mailed check,70.65,4060.71,No
C07007,Male,1,Yes,No,44,Yes,Yes,DSL,No,No,No,Yes,Yes,No,Month-to-month,No,Electronic check,62.01,2811.86,Yes
C07008,Female,0,No,No,34,Yes,Yes,Fiber optic,Yes,No,No,No,Yes,No,Month-to-month,Yes,Electronic check,100.58,3132.15,Yes
C07009,Male,0,Yes,No,6,Yes,No,DSL,No,No,No,No,Yes,No,Month-to-month,No,Credit card (automatic),57.24,219.36,No
C07010,Male,1,Yes,No,3,Yes,No,DSL,No,Yes,No,Yes,No,Yes,Two year,Yes,Mailed check,59.97,372.47,No
C07011,Male,0,Yes,No,1,Yes,Yes,DSL,No,No,No,No,No,No,Month-to-month,Yes,Credit card (automatic),31.41,18.0,Yes
C07012,Male,0,Yes,Yes,3,Yes,No,Fiber optic,No,No,Yes,Yes,Yes,No,Month-to-month,Yes,Mailed check,60.95,172.61,Yes
C07013,Male,0,No,No,46,Yes,No,Fiber optic,Yes,Yes,No,No,No,Yes,Month-to-month,No,Credit card (automatic),77.15,3243.54,No
C07014,Female,0,No,No,72,Yes,Yes,Fiber optic,Yes,No,No,No,No,Yes,One year,Yes,Electronic check,44.73,3520.89,No
C07015,Male,0,No,No,8,Yes,No,Fiber optic,No,No,Yes,No,No,No,Month-to-month,Yes,Mailed check,100.25,745.67,Yes
C07016,Male,1,Yes,No,50,No,No phone service,Fiber optic,Yes,No,No,Yes,No,No,Month-to-month,No,Mailed check,64.65,2885.18,No
C07017,Male,0,No,No,7,Yes,Yes,Fiber optic,No,Yes,Yes,No,No,Yes,One year,No,Credit card (automatic),41.25,459.67,No
C07018,Female,0,No,No,9,Yes,No,DSL,No,Yes,Yes,No,No,No,One year,No,Mailed check,65.32,947.47,No
C07019,Female,0,No,No,8,Yes,No,DSL,No,No,Yes,No,Yes,No,Month-to-month,No,Electronic check,33.46,629.77,Yes
C07020,Female,0,No,No,1,Yes,Yes,No,No internet service,No internet service,No internet service,No internet service,No internet service,No internet service,Two year,No,Credit card (automatic),42.0,18.0,No
C07021,Female,0,No,No,6,Yes,Yes,Fiber optic,No,No,Yes,No,Yes,Yes,Month-to-month,No,Credit card (automatic),89.28,18.0,Yes
C07022,Male,0,Yes,No,14,No,No phone service,No,No internet service,No internet service,No internet service,No internet service,No internet service,No internet service,Month-to-month,No,Mailed check,18.0,18.0,No
C07023,Male,0,No,No,16,Yes,No,No,No internet service,No internet service,No internet service,No internet service,No internet service,No internet service,Two year,No,Credit card (automatic),18.0,277.25,No
C07024,Male,0,No,Yes,11,Yes,No,Fiber optic,Yes,Yes,No,No,No,Yes,Two year,Yes,Electronic check,81.11,999.5,Yes
C07025,Female,0,No,No,23,No,No phone service,DSL,Yes,Yes,Yes,No,Yes,Yes,Month-to-month,No,Mailed check,30.47,319.24,No
C07026,Male,0,Yes,Yes,15,Yes,Yes,Fiber optic,Yes,Yes,No,No,No,No,One year,Yes,Mailed check,83.26,1483.55,No
C07027,Male,0,No,Yes,72,Yes,No,Fiber optic,No,Yes,No,No,No,Yes,One year,No,Credit card (automatic),102.62,7256.25,No
C07028,Female,0,No,No,52,Yes,Yes,No,No internet service,No internet service,No internet service,No internet service,No internet service,No internet service,Month-to-month,No,Electronic check,24.23,1197.58,No
C07029,Female,0,No,No,72,Yes,Yes,No,No internet service,No internet service,No internet service,No internet service,No internet service,No internet service,Month-to-month,Yes,Mailed check,18.0,1341.98,No
C07030,Female,0,No,Yes,26,Yes,No,No,No internet service,No internet service,No internet service,No internet service,No internet service,No internet service,Month-to-month,No,Mailed check,20.37,746.76,No
C07031,Male,0,Yes,No,36,No,No phone service,Fiber optic,No,Yes,No,Yes,No,No,Two year,No,Bank transfer (automatic),66.86,2430.11,No
C07032,Male,0,Yes,No,5,Yes,Yes,DSL,Yes,Yes,Yes,Yes,No,No,Two year,No,Electronic check,81.97,541.31,No
C07033,Female,0,No,No,44,Yes,No,No,No internet service,No internet service,No internet service,No internet service,No internet service,No internet service,Two year,No,Electronic check,18.0,450.11,No
C07034,Male,0,No,Yes,8,No,No phone service,DSL,No,Yes,No,No,Yes,Yes,Month-to-month,No,Electronic check,33.94,397.46,Yes
C07035,Female,0,No,No,5,Yes,No,DSL,No,Yes,No,No,No,No,Two year,No,Electronic check,53.31,134.58,Yes
C07036,Female,0,Yes,No,1,Yes,No,No,No internet service,No internet service,No internet service,No internet service,No internet service,No internet service,Month-to-month,No,Mailed check,18.0,18.0,No
C07037,Male,0,No,No,20,Yes,Yes,DSL,No,Yes,No,No,No,No,One year,No,Electronic check,25.68,265.85,No
C07038,Female,0,Yes,No,10,Yes,No,No,No internet service,No internet service,No internet service,No internet service,No internet service,No internet service,Month-to-month,Yes,Mailed check,18.0,18.0,No
C07039,Female,0,No,No,72,Yes,No,DSL,Yes,Yes,No,No,No,Yes,Month-to-month,No,Bank transfer (automatic),52.7,3372.15,No
C07040,Female,0,Yes,Yes,9,Yes,No,Fiber optic,No,No,Yes,No,Yes,No,Month-to-month,No,Mailed check,92.9,725.11,Yes
C07041,Male,1,No,No,64,Yes,No,Fiber optic,Yes,No,No,Yes,No,No,Two year,Yes,Bank transfer (automatic),39.43,2739.0,No
C07042,Female,0,Yes,No,12,Yes,Yes,Fiber optic,No,No,No,Yes,Yes,No,One year,No,Bank transfer (automatic),85.88,1088.3,No
